-- MySQL dump 10.13  Distrib 8.0.30, for Linux (x86_64)
--
-- Host: localhost    Database: trip_advisor_scraped
-- ------------------------------------------------------
-- Server version	8.0.30-0ubuntu0.20.04.2

/*!40101 SET @OLD_CHARACTER_SET_CLIENT=@@CHARACTER_SET_CLIENT */;
/*!40101 SET @OLD_CHARACTER_SET_RESULTS=@@CHARACTER_SET_RESULTS */;
/*!40101 SET @OLD_COLLATION_CONNECTION=@@COLLATION_CONNECTION */;
/*!50503 SET NAMES utf8mb4 */;
/*!40103 SET @OLD_TIME_ZONE=@@TIME_ZONE */;
/*!40103 SET TIME_ZONE='+00:00' */;
/*!40014 SET @OLD_UNIQUE_CHECKS=@@UNIQUE_CHECKS, UNIQUE_CHECKS=0 */;
/*!40014 SET @OLD_FOREIGN_KEY_CHECKS=@@FOREIGN_KEY_CHECKS, FOREIGN_KEY_CHECKS=0 */;
/*!40101 SET @OLD_SQL_MODE=@@SQL_MODE, SQL_MODE='NO_AUTO_VALUE_ON_ZERO' */;
/*!40111 SET @OLD_SQL_NOTES=@@SQL_NOTES, SQL_NOTES=0 */;

--
-- Table structure for table `attraction`
--

DROP TABLE IF EXISTS `attraction`;
/*!40101 SET @saved_cs_client     = @@character_set_client */;
/*!50503 SET character_set_client = utf8mb4 */;
CREATE TABLE `attraction` (
  `id` int NOT NULL AUTO_INCREMENT,
  `city_id` int NOT NULL,
  `attraction_name` varchar(1000) CHARACTER SET utf8mb3 COLLATE utf8mb3_general_ci NOT NULL,
  `attraction_review_count` varchar(1000) CHARACTER SET utf8mb3 COLLATE utf8mb3_general_ci DEFAULT NULL,
  `attraction_address` varchar(1000) CHARACTER SET utf8mb3 COLLATE utf8mb3_general_ci DEFAULT NULL,
  `attraction_contact` varchar(1000) CHARACTER SET utf8mb3 COLLATE utf8mb3_general_ci DEFAULT NULL,
  `attraction_email` varchar(1000) CHARACTER SET utf8mb3 COLLATE utf8mb3_general_ci DEFAULT NULL,
  `attraction_description` varchar(10000) CHARACTER SET utf8mb3 COLLATE utf8mb3_general_ci DEFAULT NULL,
  `attraction_website` varchar(1000) CHARACTER SET utf8mb3 COLLATE utf8mb3_general_ci DEFAULT NULL,
  `attraction_geocode_lan` varchar(1000) CHARACTER SET utf8mb3 COLLATE utf8mb3_general_ci DEFAULT NULL,
  `attraction_geocode_lon` varchar(1000) CHARACTER SET utf8mb3 COLLATE utf8mb3_general_ci DEFAULT NULL,
  `source` varchar(1000) NOT NULL,
  PRIMARY KEY (`id`),
  KEY `FK_CITY_ID_ATTRACTION` (`city_id`),
  CONSTRAINT `FK_CITY_ID_ATTRACTION` FOREIGN KEY (`city_id`) REFERENCES `city` (`id`)
) ENGINE=InnoDB AUTO_INCREMENT=22 DEFAULT CHARSET=utf8mb3;
/*!40101 SET character_set_client = @saved_cs_client */;

--
-- Dumping data for table `attraction`
--

LOCK TABLES `attraction` WRITE;
/*!40000 ALTER TABLE `attraction` DISABLE KEYS */;
INSERT INTO `attraction` VALUES (1,1852,'Gangaramaya (Vihara) Buddhist Temple','3,096','-','+94112435169','-','-','http://gangaramaya.com/','6.917910','79.857872','https://www.tripadvisor.com//Attraction_Review-g293962-d552525-Reviews-Gangaramaya_Vihara_Buddhist_Temple-Colombo_Western_Province.html'),(2,804,'Temple of the Sacred Tooth Relic','12,004','Sri Dalada Veediya, Kandy 20000 Sri Lanka','+94812234226','mailto:info@sridaladamaligawa.lk','Sri Dalada Maligawa (Sinhala: ශ්‍රී දළදා මාළිගාව) or The Temple of the Sacred Tooth Relic is a Buddhist temple in the city of Kandy, Sri Lanka. It is located in the royal palace complex which houses the Relic of the tooth of Buddha. Since ancient times, the relic has played an important role in local politics because it is believed that whoever holds the relic holds the governance of the country. Kandy was the last capital of the Sinhalese kings and is a UNESCO world heritage site partly due to the temple. The temple which houses the Sacred Tooth Relic of the Buddha is one of the holiest shrines in the entire Buddhist world.','http://www.sridaladamaligawa.lk/','7.293626','80.641335','https://www.tripadvisor.com//Attraction_Review-g304138-d317476-Reviews-Temple_of_the_Sacred_Tooth_Relic-Kandy_Kandy_District_Central_Province.html'),(3,548,'Main Fish Market','267','-','+94728634177','-','-','-','7.210529','79.831238','https://www.tripadvisor.com//Attraction_Review-g297897-d10038168-Reviews-Main_Fish_Market-Negombo_Western_Province.html'),(4,400,'Galle Fort','3,445','Church Street, Galle 80000 Sri Lanka','-','-','Galle is located in the south of Sri Lanka. A journey to the past sees the remnants of a Dutch past at a World Heritage Site. Galle has been the emporium of foreign trade since the dawn of commerce. The Dutch Fort, which has been declared a World Heritage Site, surrounds the older part of the town and is situated on a headland of which three sides overlook the sea. The ramparts of the Fort are over 2.5 km in circumference and provide a pleasant and interesting walk. The historian Sir Emerson Tennant claimed that Galle was the ancient biblical city of Tarshish. This city is said to have traded with King Solomon, the Persians and the Egyptians. In 1505 a Portuguese fleet led by Lorenzo de Almeida heading for the Maldives drifted accidentally into Galle. On hearing a cock crowing (cock means ”Galo” in Portuguese), it is said that they gave the town its name. Another explanation for the name is from the Sinhala name for rock ‘Gala’, plenty of which are found in the harbour area.','-','6.029550','80.216110','https://www.tripadvisor.com//Attraction_Review-g297896-d3617497-Reviews-Galle_Fort-Galle_Galle_District_Southern_Province.html'),(5,204,'Little Adam\'s Peak','5,510','Passara Road, Ella 90090 Sri Lanka','-','-','-','-','6.865063','81.063072','https://www.tripadvisor.com//Attraction_Review-g616035-d2478367-Reviews-Little_Adam_s_Peak-Ella_Uva_Province.html'),(6,1542,'Horton Plains National Park','2,563','-','-','-','-','-','6.780406','80.794334','https://www.tripadvisor.com//Attraction_Review-g608524-d2486502-Reviews-Horton_Plains_National_Park-Nuwara_Eliya_Central_Province.html'),(7,548,'Negombo Lagoon','39','-','+94777108200','-','-','http://www.rlholidays.com/','-','-','https://www.tripadvisor.com//Attraction_Review-g297897-d13965940-Reviews-Negombo_Lagoon-Negombo_Western_Province.html'),(8,1404,'Mirissa Beach','3,057','-','-','-','-','-','5.944756','80.459114','https://www.tripadvisor.com//Attraction_Review-g1407334-d6104104-Reviews-Mirissa_Beach-Mirissa_Southern_Province.html'),(9,1852,'Kelaniya Raja Maha Vihara','621','-','+94112911505','mailto:info@weclanka.com','-','http://www.kelaniyatemple.org/','6.951638','79.918678','https://www.tripadvisor.com//Attraction_Review-g293962-d4689644-Reviews-Kelaniya_Raja_Maha_Vihara-Colombo_Western_Province.html'),(10,408,'Hikkaduwa Beach','2,347','7585995399 Sweetcash //Customer //Care// Number 7585995399 //sweetcash //customer //care// Number, Hikkaduwa 80240 Sri Lanka','-','-','-','-','6.132499','80.100281','https://www.tripadvisor.com//Attraction_Review-g304134-d7034305-Reviews-Hikkaduwa_Beach-Hikkaduwa_Galle_District_Southern_Province.html'),(11,548,'Muthurajawela Marsh','306','-','+94770500352','-','-','http://www.rlholidays.com/','7.197580','79.832428','https://www.tripadvisor.com//Attraction_Review-g297897-d2236748-Reviews-Muthurajawela_Marsh-Negombo_Western_Province.html'),(12,548,'St. Mary\'s Church','445','Main Street, Negombo 22100 Sri Lanka','+94312222128','-','-','-','7.212280','79.842979','https://www.tripadvisor.com//Attraction_Review-g297897-d3388871-Reviews-St_Mary_s_Church-Negombo_Western_Province.html'),(13,548,'Negombo Beach','2,872','-','+94719706408','-','-','-','7.241216','79.840355','https://www.tripadvisor.com//Attraction_Review-g297897-d1655656-Reviews-Negombo_Beach-Negombo_Western_Province.html'),(14,1852,'Mount Lavinia Beach','1,509','-','+94776700439','-','Mount Lavinia Beach is located just out of the Colombo city. This beach strip has a lot to offer for the locals as well as the tourists visiting Colombo. Along the beach there are many nice restaurants pubs as well as relaxing areas. As a tourist who is visiting Colombo, Mount Lavinia Beach is a must visit. The weekends could be crowded with locals though, during the week it is relaxing and peaceful. If you would relax at a pool overlooking the ocean or the sunset, The Mount Lavinia Hotel terrace is recommended. You can use the Mount Lavinia Hotel pool for an affordable fee.','http://www.plantationhotels.com/','6.842927','79.862381','https://www.tripadvisor.com//Attraction_Review-g293962-d554029-Reviews-Mount_Lavinia_Beach-Colombo_Western_Province.html'),(15,548,'Negombo Fish Market','354','-','-','-','-','-','7.210470','79.831360','https://www.tripadvisor.com//Attraction_Review-g297897-d552524-Reviews-Negombo_Fish_Market-Negombo_Western_Province.html'),(16,1852,'Colombo National Museum','1,326','-','+94778383798','-','This museum of Asian civilizations is one of the oldest in Sri Lanka.','http://www.museum.gov.lk/','6.910000','79.860542','https://www.tripadvisor.com//Attraction_Review-g293962-d447450-Reviews-Colombo_National_Museum-Colombo_Western_Province.html'),(17,393,'Bentota Beach','2,273','-','-','-','-','-','6.420675','79.996124','https://www.tripadvisor.com//Attraction_Review-g297895-d7029063-Reviews-Bentota_Beach-Bentota_Galle_District_Southern_Province.html'),(18,1349,'Sigiriya The Ancient Rock Fortress','11,424','-','-','-','-','-','7.956884','80.760460','https://www.tripadvisor.com//Attraction_Review-g304141-d4782530-Reviews-Sigiriya_The_Ancient_Rock_Fortress-Sigiriya_Central_Province.html'),(19,449,'Japanese Peace Pagoda','912','Rumassala, Unawatuna 80600 Sri Lanka','-','-','-','-','6.015965','80.238068','https://www.tripadvisor.com//Attraction_Review-g644047-d6848583-Reviews-Japanese_Peace_Pagoda-Unawatuna_Galle_District_Southern_Province.html'),(20,548,'Dutch Canal','863','Custom House Road, Negombo 22100 Sri Lanka','+94112693748','-','-','-','7.208340','79.834671','https://www.tripadvisor.com//Attraction_Review-g297897-d3388894-Reviews-Dutch_Canal-Negombo_Western_Province.html'),(21,548,'St. Sebastian’s Church','34','Sea St, Negombo 22100 Sri Lanka','-','-','-','-','7.220700','79.840843','https://www.tripadvisor.com//Attraction_Review-g297897-d12688157-Reviews-St_Sebastian_s_Church-Negombo_Western_Province.html');
/*!40000 ALTER TABLE `attraction` ENABLE KEYS */;
UNLOCK TABLES;

--
-- Table structure for table `attraction_feature`
--

DROP TABLE IF EXISTS `attraction_feature`;
/*!40101 SET @saved_cs_client     = @@character_set_client */;
/*!50503 SET character_set_client = utf8mb4 */;
CREATE TABLE `attraction_feature` (
  `id` int NOT NULL AUTO_INCREMENT,
  `attraction_id` int NOT NULL,
  `attraction_type_id` int NOT NULL,
  PRIMARY KEY (`id`),
  KEY `FK_ATTRACTION_ID_FEA` (`attraction_id`),
  KEY `FK_FEATURE_TYPE_ID` (`attraction_type_id`),
  CONSTRAINT `FK_ATTRACTION_ID_FEA` FOREIGN KEY (`attraction_id`) REFERENCES `attraction` (`id`),
  CONSTRAINT `FK_FEATURE_TYPE_ID` FOREIGN KEY (`attraction_type_id`) REFERENCES `attraction_feature_type` (`id`)
) ENGINE=InnoDB AUTO_INCREMENT=26 DEFAULT CHARSET=utf8mb3;
/*!40101 SET character_set_client = @saved_cs_client */;

--
-- Dumping data for table `attraction_feature`
--

LOCK TABLES `attraction_feature` WRITE;
/*!40000 ALTER TABLE `attraction_feature` DISABLE KEYS */;
INSERT INTO `attraction_feature` VALUES (1,1,13),(2,2,2),(3,2,13),(4,3,14),(5,4,9),(6,5,3),(7,6,1),(8,6,15),(9,7,16),(10,8,5),(11,9,2),(12,10,5),(13,11,15),(14,12,17),(15,13,5),(16,14,5),(17,15,14),(18,16,18),(19,16,19),(20,17,5),(21,18,10),(22,18,2),(23,19,2),(24,20,16),(25,21,17);
/*!40000 ALTER TABLE `attraction_feature` ENABLE KEYS */;
UNLOCK TABLES;

--
-- Table structure for table `attraction_feature_type`
--

DROP TABLE IF EXISTS `attraction_feature_type`;
/*!40101 SET @saved_cs_client     = @@character_set_client */;
/*!50503 SET character_set_client = utf8mb4 */;
CREATE TABLE `attraction_feature_type` (
  `id` int NOT NULL AUTO_INCREMENT,
  `feature_type` varchar(1000) CHARACTER SET utf8mb3 COLLATE utf8mb3_general_ci NOT NULL,
  PRIMARY KEY (`id`)
) ENGINE=InnoDB AUTO_INCREMENT=20 DEFAULT CHARSET=utf8mb3;
/*!40101 SET character_set_client = @saved_cs_client */;

--
-- Dumping data for table `attraction_feature_type`
--

LOCK TABLES `attraction_feature_type` WRITE;
/*!40000 ALTER TABLE `attraction_feature_type` DISABLE KEYS */;
INSERT INTO `attraction_feature_type` VALUES (1,'National Parks'),(2,'Points of Interest & Landmarks'),(3,'Mountains'),(4,'Parks'),(5,'Beaches'),(6,'Historic Walking Areas'),(7,'Cemeteries'),(8,'Monuments & Statues'),(9,'Historic Sites'),(10,'Ancient Ruins'),(11,'Beach & Pool Clubs'),(12,'State Parks'),(13,'Religious Sites'),(14,'Flea & Street Markets'),(15,'Nature & Wildlife Areas'),(16,'Bodies of Water'),(17,'Churches & Cathedrals'),(18,'Speciality Museums'),(19,'History Museums');
/*!40000 ALTER TABLE `attraction_feature_type` ENABLE KEYS */;
UNLOCK TABLES;

--
-- Table structure for table `attraction_image`
--

DROP TABLE IF EXISTS `attraction_image`;
/*!40101 SET @saved_cs_client     = @@character_set_client */;
/*!50503 SET character_set_client = utf8mb4 */;
CREATE TABLE `attraction_image` (
  `id` int NOT NULL AUTO_INCREMENT,
  `attraction_id` int NOT NULL,
  `image` varchar(10000) NOT NULL,
  PRIMARY KEY (`id`),
  KEY `attraction_id` (`attraction_id`),
  CONSTRAINT `FK_attraction_id` FOREIGN KEY (`attraction_id`) REFERENCES `attraction` (`id`)
) ENGINE=InnoDB AUTO_INCREMENT=316 DEFAULT CHARSET=utf8mb3;
/*!40101 SET character_set_client = @saved_cs_client */;

--
-- Dumping data for table `attraction_image`
--

LOCK TABLES `attraction_image` WRITE;
/*!40000 ALTER TABLE `attraction_image` DISABLE KEYS */;
INSERT INTO `attraction_image` VALUES (1,1,'\"https://media-cdn.tripadvisor.com/media/photo-s/15/b3/12/94/designed-by-the-country.jpg\"'),(2,1,'\"https://media-cdn.tripadvisor.com/media/photo-s/1a/29/fa/0f/gangarama-temple.jpg\"'),(3,1,'\"https://media-cdn.tripadvisor.com/media/photo-s/17/f0/e8/20/gangaramaya-temple-in.jpg\"'),(4,1,'\"https://media-cdn.tripadvisor.com/media/photo-s/0d/97/84/0e/photo1jpg.jpg\"'),(5,1,'\"https://media-cdn.tripadvisor.com/media/photo-s/0d/8b/e2/d9/temple-from-outside.jpg\"'),(6,1,'\"https://media-cdn.tripadvisor.com/media/photo-s/02/73/ec/bf/filename-statuary-jpg.jpg\"'),(7,1,'\"https://media-cdn.tripadvisor.com/media/photo-s/02/34/87/8b/the-status-of-lord-buddha.jpg\"'),(8,1,'\"https://media-cdn.tripadvisor.com/media/photo-s/01/ed/3f/4e/gangaramaya-vihara-buddhist.jpg\"'),(9,1,'\"https://media-cdn.tripadvisor.com/media/photo-s/01/7f/80/65/sri-lanka-colombo-gangaramaya.jpg\"'),(10,1,'\"https://media-cdn.tripadvisor.com/media/photo-s/01/7f/80/63/sri-lanka-colombo-gangaramaya.jpg\"'),(11,1,'\"https://media-cdn.tripadvisor.com/media/photo-s/01/d3/71/f5/buddas.jpg\"'),(12,1,'\"https://media-cdn.tripadvisor.com/media/photo-s/01/d3/71/f1/temple-statue.jpg\"'),(13,1,'\"https://media-cdn.tripadvisor.com/media/photo-s/01/d3/71/e3/buddas.jpg\"'),(14,1,'\"https://media-cdn.tripadvisor.com/media/photo-s/01/d3/71/e7/temple-elephant.jpg\"'),(15,1,'\"https://media-cdn.tripadvisor.com/media/photo-s/01/6c/1a/e1/bismillahirahmanirahim.jpg\"'),(16,2,'\"https://media-cdn.tripadvisor.com/media/photo-s/12/31/67/5d/kandy-lake-and-the-temple.jpg\"'),(17,2,'\"https://media-cdn.tripadvisor.com/media/photo-s/19/08/03/9a/reshantours-email-reshantourss.jpg\"'),(18,2,'\"https://media-cdn.tripadvisor.com/media/photo-s/14/26/97/4f/official-kandy-esala.jpg\"'),(19,2,'\"https://media-cdn.tripadvisor.com/media/photo-s/14/02/fa/25/esalaperahara2018-esalaperahar.jpg\"'),(20,2,'\"https://media-cdn.tripadvisor.com/media/photo-s/0f/9d/30/55/sri-dalada-maligawa.jpg\"'),(21,2,'\"https://media-cdn.tripadvisor.com/media/photo-s/0f/9d/30/46/sri-dalada-maligawa-view.jpg\"'),(22,2,'\"https://media-cdn.tripadvisor.com/media/photo-s/0f/9d/30/40/sri-dalada-maligawa-night.jpg\"'),(23,2,'\"https://media-cdn.tripadvisor.com/media/photo-s/0e/08/6a/c5/sri-dalada-maligawa-won.jpg\"'),(24,2,'\"https://media-cdn.tripadvisor.com/media/photo-s/0e/08/68/ec/sri-dalada-maligawa-won.jpg\"'),(25,2,'\"https://media-cdn.tripadvisor.com/media/photo-s/0e/08/68/e1/sri-dalada-maligawa-won.jpg\"'),(26,2,'\"https://media-cdn.tripadvisor.com/media/photo-s/0c/86/19/73/esala-perahara-2016-4th.jpg\"'),(27,2,'\"https://media-cdn.tripadvisor.com/media/photo-s/07/b6/ae/20/photo0jpg.jpg\"'),(28,2,'\"https://media-cdn.tripadvisor.com/media/photo-s/06/ab/0d/3f/temple-of-the-tooth-sri.jpg\"'),(29,2,'\"https://media-cdn.tripadvisor.com/media/photo-s/06/ab/0c/ce/temple-of-the-tooth-sri.jpg\"'),(30,2,'\"https://media-cdn.tripadvisor.com/media/photo-s/06/ab/0c/88/temple-of-the-tooth-sri.jpg\"'),(31,3,'\"https://media-cdn.tripadvisor.com/media/photo-s/10/fc/e6/7e/negombo-main-fish-market.jpg\"'),(32,3,'\"https://media-cdn.tripadvisor.com/media/photo-s/0a/92/c8/39/poranna-wizyta-na-targu.jpg\"'),(33,3,'\"https://media-cdn.tripadvisor.com/media/photo-s/0a/92/c8/04/poranna-wizyta-na-targu.jpg\"'),(34,3,'\"https://media-cdn.tripadvisor.com/media/photo-s/0a/92/c8/11/poranna-wizyta-na-targu.jpg\"'),(35,3,'\"https://media-cdn.tripadvisor.com/media/photo-s/17/3f/04/fb/frenetic-work-environment.jpg\"'),(36,3,'\"https://media-cdn.tripadvisor.com/media/photo-s/13/f6/55/b8/main-fish-market.jpg\"'),(37,3,'\"https://media-cdn.tripadvisor.com/media/photo-s/13/f6/55/87/main-fish-market.jpg\"'),(38,3,'\"https://media-cdn.tripadvisor.com/media/photo-s/12/52/83/85/photo4jpg.jpg\"'),(39,3,'\"https://media-cdn.tripadvisor.com/media/photo-s/12/4a/df/a9/vismarkt-negombo.jpg\"'),(40,3,'\"https://media-cdn.tripadvisor.com/media/photo-s/0a/92/c8/08/poranna-wizyta-na-targu.jpg\"'),(41,3,'\"https://media-cdn.tripadvisor.com/media/photo-s/23/2a/9c/62/caption.jpg\"'),(42,3,'\"https://media-cdn.tripadvisor.com/media/photo-s/23/2a/9c/61/caption.jpg\"'),(43,3,'\"https://media-cdn.tripadvisor.com/media/photo-s/23/2a/9c/60/caption.jpg\"'),(44,3,'\"https://media-cdn.tripadvisor.com/media/photo-s/23/2a/9c/5f/caption.jpg\"'),(45,3,'\"https://media-cdn.tripadvisor.com/media/photo-s/22/ad/1f/c5/caption.jpg\"'),(46,4,'\"https://media-cdn.tripadvisor.com/media/photo-s/15/24/05/e0/galle-fort.jpg\"'),(47,4,'\"https://media-cdn.tripadvisor.com/media/photo-s/05/d7/29/53/galle-fort.jpg\"'),(48,4,'\"https://media-cdn.tripadvisor.com/media/photo-s/05/d7/29/51/galle-fort.jpg\"'),(49,4,'\"https://media-cdn.tripadvisor.com/media/photo-s/25/2e/ff/5c/tour-with-spain-guest.jpg\"'),(50,4,'\"https://media-cdn.tripadvisor.com/media/photo-s/25/24/fc/9b/galle-fort.jpg\"'),(51,4,'\"https://media-cdn.tripadvisor.com/media/photo-s/10/fc/c7/b0/attractions-in-galle.jpg\"'),(52,4,'\"https://media-cdn.tripadvisor.com/media/photo-s/03/83/4e/f4/galle-fort.jpg\"'),(53,4,'\"https://media-cdn.tripadvisor.com/media/photo-s/0e/be/64/6a/photo1jpg.jpg\"'),(54,4,'\"https://media-cdn.tripadvisor.com/media/photo-s/1b/d3/7d/43/photo5jpg.jpg\"'),(55,4,'\"https://media-cdn.tripadvisor.com/media/photo-s/1b/d3/7d/42/photo4jpg.jpg\"'),(56,4,'\"https://media-cdn.tripadvisor.com/media/photo-s/1b/d3/7d/41/photo3jpg.jpg\"'),(57,4,'\"https://media-cdn.tripadvisor.com/media/photo-s/1b/d3/7d/40/photo2jpg.jpg\"'),(58,4,'\"https://media-cdn.tripadvisor.com/media/photo-s/1b/d3/7d/3f/photo1jpg.jpg\"'),(59,4,'\"https://media-cdn.tripadvisor.com/media/photo-s/1b/d3/7d/3e/photo0jpg.jpg\"'),(60,4,'\"https://media-cdn.tripadvisor.com/media/photo-s/1a/98/bf/f8/galle-light-house.jpg\"'),(61,5,'\"https://media-cdn.tripadvisor.com/media/photo-s/0c/3a/63/e6/viewpoint-photography.jpg\"'),(62,5,'\"https://media-cdn.tripadvisor.com/media/photo-s/25/36/42/93/at-the-little-adam-s.jpg\"'),(63,5,'\"https://media-cdn.tripadvisor.com/media/photo-s/25/36/42/8f/at-the-little-adam-s.jpg\"'),(64,5,'\"https://media-cdn.tripadvisor.com/media/photo-s/25/36/42/8e/the-sunrise-at-little.jpg\"'),(65,5,'\"https://media-cdn.tripadvisor.com/media/photo-s/02/5b/e6/a9/little-adam-s-peak.jpg\"'),(66,5,'\"https://media-cdn.tripadvisor.com/media/photo-s/1b/3d/55/14/i-hope-everyone-s-enjoying.jpg\"'),(67,5,'\"https://media-cdn.tripadvisor.com/media/photo-m/1280/1a/e9/6b/95/20200210-100504-largejpg.jpg\"'),(68,5,'\"https://media-cdn.tripadvisor.com/media/photo-s/1a/a4/36/d1/10-month-mark-of-the.jpg\"'),(69,5,'\"https://media-cdn.tripadvisor.com/media/photo-s/1a/94/03/2e/early-morning-strolls.jpg\"'),(70,5,'\"https://media-cdn.tripadvisor.com/media/photo-s/1a/56/f6/d1/mystisches-sri-lanka.jpg\"'),(71,5,'\"https://media-cdn.tripadvisor.com/media/photo-s/1a/31/d1/2c/little-adam-s-peak-ella.jpg\"'),(72,5,'\"https://media-cdn.tripadvisor.com/media/photo-s/1a/2b/91/39/little-adam-speak-ella.jpg\"'),(73,5,'\"https://media-cdn.tripadvisor.com/media/photo-s/19/c0/44/8f/little-adams-pick-sri.jpg\"'),(74,5,'\"https://media-cdn.tripadvisor.com/media/photo-s/19/1c/05/c7/little-adam-s-peak.jpg\"'),(75,5,'\"https://media-cdn.tripadvisor.com/media/photo-s/18/01/6b/aa/haputale-to-visit-ella.jpg\"'),(76,6,'\"https://media-cdn.tripadvisor.com/media/photo-s/12/46/1e/13/img-20180227-161024-707.jpg\"'),(77,6,'\"https://media-cdn.tripadvisor.com/media/photo-s/25/1f/0a/24/horton-plains-national.jpg\"'),(78,6,'\"https://media-cdn.tripadvisor.com/media/photo-s/25/1f/09/2a/horton-plains-national.jpg\"'),(79,6,'\"https://media-cdn.tripadvisor.com/media/photo-s/25/1f/09/15/horton-plains-national.jpg\"'),(80,6,'\"https://media-cdn.tripadvisor.com/media/photo-s/25/1f/09/0a/horton-plains-national.jpg\"'),(81,6,'\"https://media-cdn.tripadvisor.com/media/photo-s/25/1f/08/e5/horton-plains-national.jpg\"'),(82,6,'\"https://media-cdn.tripadvisor.com/media/photo-s/25/1f/08/d5/horton-plains-national.jpg\"'),(83,6,'\"https://media-cdn.tripadvisor.com/media/photo-s/25/1f/08/d4/horton-plains-national.jpg\"'),(84,6,'\"https://media-cdn.tripadvisor.com/media/photo-s/25/1f/08/c8/horton-plains-national.jpg\"'),(85,6,'\"https://media-cdn.tripadvisor.com/media/photo-s/25/1f/08/be/horton-plains-national.jpg\"'),(86,6,'\"https://media-cdn.tripadvisor.com/media/photo-s/25/1f/08/b7/horton-plains-national.jpg\"'),(87,6,'\"https://media-cdn.tripadvisor.com/media/photo-s/02/60/33/d7/a-long-way-down.jpg\"'),(88,6,'\"https://media-cdn.tripadvisor.com/media/photo-s/1b/4e/40/22/on-the-way-to-horton.jpg\"'),(89,6,'\"https://media-cdn.tripadvisor.com/media/photo-s/18/d4/b3/4b/sambar-deer-horton-plains.jpg\"'),(90,6,'\"https://media-cdn.tripadvisor.com/media/photo-s/18/27/80/4a/bakers-falls-nuwara-eliya.jpg\"'),(91,7,'\"https://media-cdn.tripadvisor.com/media/photo-s/12/95/4c/f1/boats-by-the-lagoon.jpg\"'),(92,7,'\"https://media-cdn.tripadvisor.com/media/photo-s/17/ed/cf/40/negombo-lagoon-sri-lanka.jpg\"'),(93,7,'\"https://media-cdn.tripadvisor.com/media/photo-s/17/ed/cf/31/negombo-lagoon-sri-lanka.jpg\"'),(94,7,'\"https://media-cdn.tripadvisor.com/media/photo-s/14/d1/f5/6f/pelikane-im-baum.jpg\"'),(95,7,'\"https://media-cdn.tripadvisor.com/media/photo-s/22/a0/10/f6/dr-ravindra-ayurvedischer.jpg\"'),(96,7,'\"https://media-cdn.tripadvisor.com/media/photo-s/22/36/ed/04/caption.jpg\"'),(97,7,'\"https://media-cdn.tripadvisor.com/media/photo-s/22/36/ed/03/caption.jpg\"'),(98,7,'\"https://media-cdn.tripadvisor.com/media/photo-s/1c/91/0a/44/weekend-ride.jpg\"'),(99,7,'\"https://media-cdn.tripadvisor.com/media/photo-s/1c/91/0a/43/weekend-ride.jpg\"'),(100,7,'\"https://media-cdn.tripadvisor.com/media/photo-s/1c/91/0a/42/weekend-ride.jpg\"'),(101,7,'\"https://media-cdn.tripadvisor.com/media/photo-s/1c/91/0a/41/weekend-ride.jpg\"'),(102,7,'\"https://media-cdn.tripadvisor.com/media/photo-s/1c/91/0a/40/weekend-ride.jpg\"'),(103,7,'\"https://media-cdn.tripadvisor.com/media/photo-s/1c/91/0a/3f/weekend-ride.jpg\"'),(104,7,'\"https://media-cdn.tripadvisor.com/media/photo-s/1c/91/0a/3e/weekend-ride.jpg\"'),(105,7,'\"https://media-cdn.tripadvisor.com/media/photo-s/1c/91/0a/3d/weekend-ride.jpg\"'),(106,8,'\"https://media-cdn.tripadvisor.com/media/photo-s/10/96/58/df/plaz-z-jizniho-vybezku.jpg\"'),(107,8,'\"https://media-cdn.tripadvisor.com/media/photo-s/05/58/ab/5f/port.jpg\"'),(108,8,'\"https://media-cdn.tripadvisor.com/media/photo-o/1c/49/55/36/mirissa-154-km-95-miles.jpg\"'),(109,8,'\"https://media-cdn.tripadvisor.com/media/photo-o/1c/3c/9f/4b/mirissa-beach-29.jpg\"'),(110,8,'\"https://media-cdn.tripadvisor.com/media/photo-s/1b/d6/09/c2/srilanka-chamitours-chami.jpg\"'),(111,8,'\"https://media-cdn.tripadvisor.com/media/photo-s/1a/44/55/88/srilanka-all-traveling.jpg\"'),(112,8,'\"https://media-cdn.tripadvisor.com/media/photo-s/1a/22/c7/76/wonder-of-srilanka.jpg\"'),(113,8,'\"https://media-cdn.tripadvisor.com/media/photo-w/17/bf/bf/c4/mirissa-beach.jpg\"'),(114,8,'\"https://media-cdn.tripadvisor.com/media/photo-s/17/7f/cd/4a/photo1jpg.jpg\"'),(115,8,'\"https://media-cdn.tripadvisor.com/media/photo-s/17/7d/26/34/photo0jpg.jpg\"'),(116,8,'\"https://media-cdn.tripadvisor.com/media/photo-s/17/16/40/49/photo7jpg.jpg\"'),(117,8,'\"https://media-cdn.tripadvisor.com/media/photo-s/16/b2/23/9e/crack-open-a-coconut.jpg\"'),(118,8,'\"https://media-cdn.tripadvisor.com/media/photo-s/16/99/c4/46/crack-open-a-coconut.jpg\"'),(119,8,'\"https://media-cdn.tripadvisor.com/media/photo-s/16/8a/ab/b3/the-coastline-of-sri.jpg\"'),(120,8,'\"https://media-cdn.tripadvisor.com/media/photo-s/16/51/e7/14/whale-watching.jpg\"'),(121,9,'\"https://media-cdn.tripadvisor.com/media/photo-s/08/56/a8/17/kelaniya-raja-maha-vihara.jpg\"'),(122,9,'\"https://media-cdn.tripadvisor.com/media/photo-s/25/14/8f/a6/caption.jpg\"'),(123,9,'\"https://media-cdn.tripadvisor.com/media/photo-s/04/b0/3e/17/shrine.jpg\"'),(124,9,'\"https://media-cdn.tripadvisor.com/media/photo-s/1b/4c/e3/f5/kelaniya-raja-maha-vihara.jpg\"'),(125,9,'\"https://media-cdn.tripadvisor.com/media/photo-s/19/26/56/6e/img-20190907-wa0038-largejpg.jpg\"'),(126,9,'\"https://media-cdn.tripadvisor.com/media/photo-s/19/26/56/6b/img-20190907-wa0044-largejpg.jpg\"'),(127,9,'\"https://media-cdn.tripadvisor.com/media/photo-s/19/26/56/6a/img-20190907-wa0041-largejpg.jpg\"'),(128,9,'\"https://media-cdn.tripadvisor.com/media/photo-s/16/15/76/d7/inside.jpg\"'),(129,9,'\"https://media-cdn.tripadvisor.com/media/photo-s/14/c9/aa/f0/img20180924135547-largejpg.jpg\"'),(130,9,'\"https://media-cdn.tripadvisor.com/media/photo-s/12/99/d0/cb/fb-img-1523386467607.jpg\"'),(131,9,'\"https://media-cdn.tripadvisor.com/media/photo-s/11/c2/f9/d7/kelaniya-raja-maha-vihara.jpg\"'),(132,9,'\"https://media-cdn.tripadvisor.com/media/photo-s/08/56/a8/17/kelaniya-raja-maha-vihara.jpg\"'),(133,9,'\"https://media-cdn.tripadvisor.com/media/photo-s/23/2a/97/13/caption.jpg\"'),(134,9,'\"https://media-cdn.tripadvisor.com/media/photo-s/23/2a/97/12/caption.jpg\"'),(135,9,'\"https://media-cdn.tripadvisor.com/media/photo-s/23/2a/97/11/caption.jpg\"'),(136,10,'\"https://media-cdn.tripadvisor.com/media/photo-s/1a/fb/0e/76/getlstd-property-photo.jpg\"'),(137,10,'\"https://media-cdn.tripadvisor.com/media/photo-s/25/25/dd/d4/hikkaduwa-beach.jpg\"'),(138,10,'\"https://media-cdn.tripadvisor.com/media/photo-s/25/25/dd/ba/hikkaduwa-beach.jpg\"'),(139,10,'\"https://media-cdn.tripadvisor.com/media/photo-s/25/25/dd/6a/hikkaduwa-beach.jpg\"'),(140,10,'\"https://media-cdn.tripadvisor.com/media/photo-s/06/9e/ff/0a/hikkaduwa-beach.jpg\"'),(141,10,'\"https://media-cdn.tripadvisor.com/media/photo-s/1b/2b/9a/ae/hikkaduwa-beach.jpg\"'),(142,10,'\"https://media-cdn.tripadvisor.com/media/photo-s/1b/2b/9a/ac/hikkaduwa-beach.jpg\"'),(143,10,'\"https://media-cdn.tripadvisor.com/media/photo-s/1a/ec/4a/ca/attraction-review-d16852892.jpg\"'),(144,10,'\"https://media-cdn.tripadvisor.com/media/photo-s/1a/d7/c6/58/great.jpg\"'),(145,10,'\"https://media-cdn.tripadvisor.com/media/photo-s/1a/a7/21/62/lovely-sunset-lovely.jpg\"'),(146,10,'\"https://media-cdn.tripadvisor.com/media/photo-s/1a/96/a4/8b/hikkaduwa-has-something.jpg\"'),(147,10,'\"https://media-cdn.tripadvisor.com/media/photo-s/1a/8f/49/d8/caption.jpg\"'),(148,10,'\"https://media-cdn.tripadvisor.com/media/photo-s/1a/67/5d/5d/photo4jpg.jpg\"'),(149,10,'\"https://media-cdn.tripadvisor.com/media/photo-s/1a/32/58/73/any-day-tours-excursion.jpg\"'),(150,10,'\"https://media-cdn.tripadvisor.com/media/photo-s/1a/19/8f/de/photo8jpg.jpg\"'),(151,11,'\"https://media-cdn.tripadvisor.com/media/photo-s/12/7e/51/a6/hamilton-canal.jpg\"'),(152,11,'\"https://media-cdn.tripadvisor.com/media/photo-s/16/3b/32/7c/redefining-eco-tourism.jpg\"'),(153,11,'\"https://media-cdn.tripadvisor.com/media/photo-s/16/2d/68/18/caption.jpg\"'),(154,11,'\"https://media-cdn.tripadvisor.com/media/photo-s/15/ec/76/d7/img-20190101-193845-largejpg.jpg\"'),(155,11,'\"https://media-cdn.tripadvisor.com/media/photo-s/14/26/3a/23/20180813-170835-largejpg.jpg\"'),(156,11,'\"https://media-cdn.tripadvisor.com/media/photo-w/12/7e/51/e0/negombo-lagoon.jpg\"'),(157,11,'\"https://media-cdn.tripadvisor.com/media/photo-s/12/7e/51/c9/negombo-lagoon-bird-spotting.jpg\"'),(158,11,'\"https://media-cdn.tripadvisor.com/media/photo-s/12/7e/51/a6/hamilton-canal.jpg\"'),(159,11,'\"https://media-cdn.tripadvisor.com/media/photo-s/02/2a/26/15/macaque.jpg\"'),(160,11,'\"https://media-cdn.tripadvisor.com/media/photo-s/02/2a/26/12/water-fowl.jpg\"'),(161,11,'\"https://media-cdn.tripadvisor.com/media/photo-s/02/2a/26/0f/water-monitor.jpg\"'),(162,11,'\"https://media-cdn.tripadvisor.com/media/photo-s/23/42/ba/01/muthurajawela-marsh.jpg\"'),(163,11,'\"https://media-cdn.tripadvisor.com/media/photo-s/23/42/ba/00/muthurajawela-marsh.jpg\"'),(164,11,'\"https://media-cdn.tripadvisor.com/media/photo-s/23/42/b9/fd/muthurajawela-marsh.jpg\"'),(165,11,'\"https://media-cdn.tripadvisor.com/media/photo-s/21/da/8e/db/landfill.jpg\"'),(166,12,'\"https://media-cdn.tripadvisor.com/media/photo-s/02/f4/9d/7f/st-mary-s-church-grand.jpg\"'),(167,12,'\"https://media-cdn.tripadvisor.com/media/photo-s/02/f4/9d/7f/st-mary-s-church-grand.jpg\"'),(168,12,'\"https://media-cdn.tripadvisor.com/media/photo-s/03/74/5e/61/st-mary-s-church.jpg\"'),(169,12,'\"https://media-cdn.tripadvisor.com/media/photo-s/1c/da/65/c3/st-mary-s-church.jpg\"'),(170,12,'\"https://media-cdn.tripadvisor.com/media/photo-s/1c/da/65/c0/st-mary-s-church.jpg\"'),(171,12,'\"https://media-cdn.tripadvisor.com/media/photo-s/1c/6d/0b/2e/st-mary-s-church.jpg\"'),(172,12,'\"https://media-cdn.tripadvisor.com/media/photo-s/1b/3e/26/bb/great-statue-of-our-lady.jpg\"'),(173,12,'\"https://media-cdn.tripadvisor.com/media/photo-s/1b/3e/26/76/st-mary-s-church-negombo.jpg\"'),(174,12,'\"https://media-cdn.tripadvisor.com/media/photo-s/1a/f6/3e/64/st-mary-s-church.jpg\"'),(175,12,'\"https://media-cdn.tripadvisor.com/media/photo-s/1a/f6/3e/46/st-mary-s-church.jpg\"'),(176,12,'\"https://media-cdn.tripadvisor.com/media/photo-s/1a/f6/3e/41/st-mary-s-church.jpg\"'),(177,12,'\"https://media-cdn.tripadvisor.com/media/photo-s/1a/f6/3e/2e/st-mary-s-church.jpg\"'),(178,12,'\"https://media-cdn.tripadvisor.com/media/photo-s/1a/f6/32/8f/st-mary-s-church.jpg\"'),(179,12,'\"https://media-cdn.tripadvisor.com/media/photo-s/1a/f6/32/8e/st-mary-s-church.jpg\"'),(180,12,'\"https://media-cdn.tripadvisor.com/media/photo-s/1a/f6/32/8d/st-mary-s-church.jpg\"'),(181,13,'\"https://media-cdn.tripadvisor.com/media/photo-s/0f/ba/1b/4e/magnificent-sunset.jpg\"'),(182,13,'\"https://media-cdn.tripadvisor.com/media/photo-s/02/50/52/01/negombo.jpg\"'),(183,13,'\"https://media-cdn.tripadvisor.com/media/photo-s/1b/5f/8d/3e/caption.jpg\"'),(184,13,'\"https://media-cdn.tripadvisor.com/media/photo-s/1b/13/27/48/dsc-0016-largejpg.jpg\"'),(185,13,'\"https://media-cdn.tripadvisor.com/media/photo-s/1a/2e/47/36/negombo-beach.jpg\"'),(186,13,'\"https://media-cdn.tripadvisor.com/media/photo-s/19/fe/fb/c0/photo4jpg.jpg\"'),(187,13,'\"https://media-cdn.tripadvisor.com/media/photo-s/17/a1/e9/79/sri-lanka-015-largejpg.jpg\"'),(188,13,'\"https://media-cdn.tripadvisor.com/media/photo-s/17/a1/e9/78/sri-lanka-069-largejpg.jpg\"'),(189,13,'\"https://media-cdn.tripadvisor.com/media/photo-s/17/a1/e9/77/sri-lanka-026-largejpg.jpg\"'),(190,13,'\"https://media-cdn.tripadvisor.com/media/photo-s/17/65/75/d5/photo0jpg.jpg\"'),(191,13,'\"https://media-cdn.tripadvisor.com/media/photo-s/14/74/61/7f/dsc-0272-1-largejpg.jpg\"'),(192,13,'\"https://media-cdn.tripadvisor.com/media/photo-s/14/74/61/7e/dsc-0274-largejpg.jpg\"'),(193,13,'\"https://media-cdn.tripadvisor.com/media/photo-s/14/06/7b/f7/20180726-182934-largejpg.jpg\"'),(194,13,'\"https://media-cdn.tripadvisor.com/media/photo-s/13/59/9c/eb/nice-time-on-negombo.jpg\"'),(195,13,'\"https://media-cdn.tripadvisor.com/media/photo-w/0e/0b/5e/c9/photo0jpg.jpg\"'),(196,14,'\"https://media-cdn.tripadvisor.com/media/photo-s/0d/c4/5c/4d/beach-view.jpg\"'),(197,14,'\"https://media-cdn.tripadvisor.com/media/photo-s/1a/f8/0f/e6/mount-lavinia-beach.jpg\"'),(198,14,'\"https://media-cdn.tripadvisor.com/media/photo-p/17/50/af/63/photo1jpg.jpg\"'),(199,14,'\"https://media-cdn.tripadvisor.com/media/photo-s/16/fc/1d/0b/me-and-my-beloved-dad.jpg\"'),(200,14,'\"https://media-cdn.tripadvisor.com/media/photo-s/0a/95/20/6b/caption.jpg\"'),(201,14,'\"https://media-cdn.tripadvisor.com/media/photo-s/0a/0e/3c/11/mount-lavinia.jpg\"'),(202,14,'\"https://media-cdn.tripadvisor.com/media/photo-s/08/fe/33/40/mount-lavinia.jpg\"'),(203,14,'\"https://media-cdn.tripadvisor.com/media/photo-s/06/f1/bb/80/mount-lavinia.jpg\"'),(204,14,'\"https://media-cdn.tripadvisor.com/media/photo-s/03/ae/41/0b/view-of-beach-at-sunset.jpg\"'),(205,14,'\"https://media-cdn.tripadvisor.com/media/photo-s/03/58/82/bb/mount-lavinia.jpg\"'),(206,14,'\"https://media-cdn.tripadvisor.com/media/photo-s/03/3e/6f/94/mount-lavinia.jpg\"'),(207,14,'\"https://media-cdn.tripadvisor.com/media/photo-s/03/3e/6f/8d/mount-lavinia.jpg\"'),(208,14,'\"https://media-cdn.tripadvisor.com/media/photo-s/02/75/4e/b4/filename-mt-lavinia-dsc.jpg\"'),(209,14,'\"https://media-cdn.tripadvisor.com/media/photo-s/02/75/4e/ae/filename-mt-lavinia-dsc.jpg\"'),(210,14,'\"https://media-cdn.tripadvisor.com/media/photo-s/01/c3/69/0f/mount-breeze-in-the-beach.jpg\"'),(211,15,'\"https://media-cdn.tripadvisor.com/media/photo-s/17/c2/4a/ac/negombo-fish-market-tour.jpg\"'),(212,15,'\"https://media-cdn.tripadvisor.com/media/photo-s/10/a7/43/35/tour-srilanka.jpg\"'),(213,15,'\"https://media-cdn.tripadvisor.com/media/photo-s/11/83/f2/66/tour-srilanka.jpg\"'),(214,15,'\"https://media-cdn.tripadvisor.com/media/photo-s/11/2f/60/cf/indigo-ocean-travels.jpg\"'),(215,15,'\"https://media-cdn.tripadvisor.com/media/photo-s/10/b4/e8/d0/indigo-ocean-travels.jpg\"'),(216,15,'\"https://media-cdn.tripadvisor.com/media/photo-s/10/b0/b1/8b/tour-srilanka.jpg\"'),(217,15,'\"https://media-cdn.tripadvisor.com/media/photo-s/10/ae/dd/90/tour-srilanka.jpg\"'),(218,15,'\"https://media-cdn.tripadvisor.com/media/photo-s/10/ae/dd/88/tour-srilanka.jpg\"'),(219,15,'\"https://media-cdn.tripadvisor.com/media/photo-s/10/a8/32/54/tour-srilanka.jpg\"'),(220,15,'\"https://media-cdn.tripadvisor.com/media/photo-s/10/a7/42/fa/tour-srilanka.jpg\"'),(221,15,'\"https://media-cdn.tripadvisor.com/media/photo-s/10/a7/3e/b2/tour-srilanka.jpg\"'),(222,15,'\"https://media-cdn.tripadvisor.com/media/photo-s/0b/02/e0/a7/indigo-ocean-travels.jpg\"'),(223,15,'\"https://media-cdn.tripadvisor.com/media/photo-s/0b/02/e0/a6/indigo-ocean-travels.jpg\"'),(224,15,'\"https://media-cdn.tripadvisor.com/media/photo-s/0b/02/e0/a3/indigo-ocean-travels.jpg\"'),(225,15,'\"https://media-cdn.tripadvisor.com/media/photo-s/0a/f6/be/c1/indigo-ocean-travels.jpg\"'),(226,16,'\"https://media-cdn.tripadvisor.com/media/photo-s/03/7c/8a/e0/colombo-national-museum.jpg\"'),(227,16,'\"https://media-cdn.tripadvisor.com/media/photo-s/14/71/66/ac/detailed-descriptions.jpg\"'),(228,16,'\"https://media-cdn.tripadvisor.com/media/photo-s/10/89/9d/8f/view.jpg\"'),(229,16,'\"https://media-cdn.tripadvisor.com/media/photo-s/09/1e/25/bb/colombo-national-museum.jpg\"'),(230,16,'\"https://media-cdn.tripadvisor.com/media/photo-s/09/1c/0f/b8/colombo-national-museum.jpg\"'),(231,16,'\"https://media-cdn.tripadvisor.com/media/photo-s/06/3f/5e/b2/buddha-in-samadhi-pose.jpg\"'),(232,16,'\"https://media-cdn.tripadvisor.com/media/photo-s/01/e1/67/13/part-of-kandyan-throne.jpg\"'),(233,16,'\"https://media-cdn.tripadvisor.com/media/photo-s/01/44/ea/b3/the-neoclassic-colombo.jpg\"'),(234,16,'\"https://media-cdn.tripadvisor.com/media/daodao/photo-s/01/e6/d0/58/caption.jpg\"'),(235,16,'\"https://media-cdn.tripadvisor.com/media/photo-s/01/35/ff/cc/colombo-national-museum.jpg\"'),(236,16,'\"https://media-cdn.tripadvisor.com/media/photo-s/02/33/de/34/hundreds-of-years-old.jpg\"'),(237,16,'\"https://media-cdn.tripadvisor.com/media/photo-s/24/a5/7e/75/caption.jpg\"'),(238,16,'\"https://media-cdn.tripadvisor.com/media/photo-s/22/0a/1a/2b/caption.jpg\"'),(239,16,'\"https://media-cdn.tripadvisor.com/media/photo-s/22/0a/1a/2a/caption.jpg\"'),(240,16,'\"https://media-cdn.tripadvisor.com/media/photo-s/22/0a/1a/29/caption.jpg\"'),(241,17,'\"https://media-cdn.tripadvisor.com/media/photo-s/10/4e/dc/bc/beach.jpg\"'),(242,17,'\"https://media-cdn.tripadvisor.com/media/photo-s/06/cb/6a/d2/bentota-beach.jpg\"'),(243,17,'\"https://media-cdn.tripadvisor.com/media/photo-s/1b/dc/4d/89/assistance-for-holidays.jpg\"'),(244,17,'\"https://media-cdn.tripadvisor.com/media/photo-s/1b/1f/49/ef/bentota-beach.jpg\"'),(245,17,'\"https://media-cdn.tripadvisor.com/media/photo-s/1a/95/34/f8/bentota-beach.jpg\"'),(246,17,'\"https://media-cdn.tripadvisor.com/media/photo-s/19/43/b4/bd/img20190916170535-largejpg.jpg\"'),(247,17,'\"https://media-cdn.tripadvisor.com/media/photo-s/19/43/b4/b4/img-20190916-wa0031-largejpg.jpg\"'),(248,17,'\"https://media-cdn.tripadvisor.com/media/photo-s/18/e4/e6/4f/best-water-sports-in.jpg\"'),(249,17,'\"https://media-cdn.tripadvisor.com/media/photo-s/17/67/17/6a/sri-lanka-van-rentals.jpg\"'),(250,17,'\"https://media-cdn.tripadvisor.com/media/photo-s/16/ef/54/44/41ct.jpg\"'),(251,17,'\"https://media-cdn.tripadvisor.com/media/photo-s/16/ce/0b/43/bentota-beach.jpg\"'),(252,17,'\"https://media-cdn.tripadvisor.com/media/photo-w/16/ce/0b/3b/bentota-beach.jpg\"'),(253,17,'\"https://media-cdn.tripadvisor.com/media/photo-w/16/ce/0a/e5/bentota-beach.jpg\"'),(254,17,'\"https://media-cdn.tripadvisor.com/media/photo-s/16/7d/65/bc/menschenleerer-strand.jpg\"'),(255,17,'\"https://media-cdn.tripadvisor.com/media/photo-s/16/7d/65/82/hier-kann-man-preiswert.jpg\"'),(256,18,'\"https://media-cdn.tripadvisor.com/media/photo-b/768x250/0f/ed/85/6b/um-palacio-no-topo-da.jpg\"'),(257,18,'\"https://media-cdn.tripadvisor.com/media/photo-s/25/5b/6f/a1/sigiriya-the-ancient.jpg\"'),(258,18,'\"https://media-cdn.tripadvisor.com/media/photo-s/25/5b/6f/89/sigiriya-the-ancient.jpg\"'),(259,18,'\"https://media-cdn.tripadvisor.com/media/photo-s/25/5b/6f/77/on-ne-dirait-pas-qu-elles.jpg\"'),(260,18,'\"https://media-cdn.tripadvisor.com/media/photo-s/25/5b/6f/6d/les-belles-du-coin.jpg\"'),(261,18,'\"https://media-cdn.tripadvisor.com/media/photo-s/25/5b/6f/66/sigiriya-the-ancient.jpg\"'),(262,18,'\"https://media-cdn.tripadvisor.com/media/photo-s/25/5b/6f/57/et-c-est-reparti.jpg\"'),(263,18,'\"https://media-cdn.tripadvisor.com/media/photo-s/25/5b/6f/31/le-trone-de-monsieur.jpg\"'),(264,18,'\"https://media-cdn.tripadvisor.com/media/photo-s/25/5b/6f/15/sigiriya-the-ancient.jpg\"'),(265,18,'\"https://media-cdn.tripadvisor.com/media/photo-s/25/5b/6f/07/juste-magnifique-ou-que.jpg\"'),(266,18,'\"https://media-cdn.tripadvisor.com/media/photo-s/25/5b/6e/db/la-victoire.jpg\"'),(267,18,'\"https://media-cdn.tripadvisor.com/media/photo-s/25/5b/6e/b6/et-toujours.jpg\"'),(268,18,'\"https://media-cdn.tripadvisor.com/media/photo-s/25/5b/6e/9f/et-encore.jpg\"'),(269,18,'\"https://media-cdn.tripadvisor.com/media/photo-s/25/5b/6e/7e/c-est-parti.jpg\"'),(270,18,'\"https://media-cdn.tripadvisor.com/media/photo-s/25/5b/6e/74/on-rentre-dans-le-dur.jpg\"'),(271,19,'\"https://media-cdn.tripadvisor.com/media/photo-s/10/fc/fe/ed/japanese-peace-pagoda.jpg\"'),(272,19,'\"https://media-cdn.tripadvisor.com/media/photo-c/320x120/15/d1/ed/5c/if-you-stay-in-galle.jpg\"'),(273,19,'\"https://media-cdn.tripadvisor.com/media/photo-s/0e/c6/0e/12/caption.jpg\"'),(274,19,'\"https://media-cdn.tripadvisor.com/media/photo-s/22/1c/61/1f/memorial.jpg\"'),(275,19,'\"https://media-cdn.tripadvisor.com/media/photo-s/22/1c/61/1a/temple.jpg\"'),(276,19,'\"https://media-cdn.tripadvisor.com/media/photo-s/22/1c/61/13/pagoda.jpg\"'),(277,19,'\"https://media-cdn.tripadvisor.com/media/photo-s/22/1c/61/0d/pagoda-entrance.jpg\"'),(278,19,'\"https://media-cdn.tripadvisor.com/media/photo-s/22/1c/60/fd/pagoda.jpg\"'),(279,19,'\"https://media-cdn.tripadvisor.com/media/photo-s/21/ec/32/2a/japanese-peace-pagoda.jpg\"'),(280,19,'\"https://media-cdn.tripadvisor.com/media/photo-s/21/e6/9e/4a/japanese-peace-pagoda.jpg\"'),(281,19,'\"https://media-cdn.tripadvisor.com/media/photo-s/21/e6/9e/43/japanese-peace-pagoda.jpg\"'),(282,19,'\"https://media-cdn.tripadvisor.com/media/photo-s/21/e6/9e/3e/japanese-peace-pagoda.jpg\"'),(283,19,'\"https://media-cdn.tripadvisor.com/media/photo-s/21/e6/9e/3a/japanese-peace-pagoda.jpg\"'),(284,19,'\"https://media-cdn.tripadvisor.com/media/photo-s/21/e6/9e/34/japanese-peace-pagoda.jpg\"'),(285,19,'\"https://media-cdn.tripadvisor.com/media/photo-s/21/e6/9e/31/japanese-peace-pagoda.jpg\"'),(286,20,'\"https://media-cdn.tripadvisor.com/media/photo-s/0f/05/81/be/photo6jpg.jpg\"'),(287,20,'\"https://media-cdn.tripadvisor.com/media/photo-s/14/b6/95/de/photo0jpg.jpg\"'),(288,20,'\"https://media-cdn.tripadvisor.com/media/photo-s/12/5f/66/d6/photo0jpg.jpg\"'),(289,20,'\"https://media-cdn.tripadvisor.com/media/photo-s/06/42/fc/11/dutch-canal.jpg\"'),(290,20,'\"https://media-cdn.tripadvisor.com/media/photo-s/03/7b/4d/44/dutch-canal.jpg\"'),(291,20,'\"https://media-cdn.tripadvisor.com/media/photo-s/23/3d/34/21/visiting-the-dutch-canal.jpg\"'),(292,20,'\"https://media-cdn.tripadvisor.com/media/photo-s/1b/2d/2f/e1/photo0jpg.jpg\"'),(293,20,'\"https://media-cdn.tripadvisor.com/media/photo-s/1b/1f/29/3a/photo1jpg.jpg\"'),(294,20,'\"https://media-cdn.tripadvisor.com/media/photo-s/1b/1f/29/39/photo0jpg.jpg\"'),(295,20,'\"https://media-cdn.tripadvisor.com/media/photo-s/1b/1a/85/e9/photo0jpg.jpg\"'),(296,20,'\"https://media-cdn.tripadvisor.com/media/photo-s/1a/f6/38/92/dutch-canal.jpg\"'),(297,20,'\"https://media-cdn.tripadvisor.com/media/photo-s/1a/f6/38/91/dutch-canal.jpg\"'),(298,20,'\"https://media-cdn.tripadvisor.com/media/photo-s/1a/f6/38/90/dutch-canal.jpg\"'),(299,20,'\"https://media-cdn.tripadvisor.com/media/photo-s/1a/f6/38/8f/dutch-canal.jpg\"'),(300,20,'\"https://media-cdn.tripadvisor.com/media/photo-s/1a/f6/38/8e/dutch-canal.jpg\"'),(301,21,'\"https://media-cdn.tripadvisor.com/media/photo-s/12/3b/5a/85/view.jpg\"'),(302,21,'\"https://media-cdn.tripadvisor.com/media/photo-s/1b/35/f1/50/photo3jpg.jpg\"'),(303,21,'\"https://media-cdn.tripadvisor.com/media/photo-s/1b/35/f1/4f/photo2jpg.jpg\"'),(304,21,'\"https://media-cdn.tripadvisor.com/media/photo-s/1b/35/f1/4e/photo1jpg.jpg\"'),(305,21,'\"https://media-cdn.tripadvisor.com/media/photo-s/1b/35/f1/4d/photo0jpg.jpg\"'),(306,21,'\"https://media-cdn.tripadvisor.com/media/photo-s/1c/6d/0e/fb/st-sebastian-s-church.jpg\"'),(307,21,'\"https://media-cdn.tripadvisor.com/media/photo-s/1a/a4/8f/e2/a-wedding-arch-at-the.jpg\"'),(308,21,'\"https://media-cdn.tripadvisor.com/media/photo-s/1a/a4/8f/c4/decorative-work-on-a.jpg\"'),(309,21,'\"https://media-cdn.tripadvisor.com/media/photo-s/19/e9/f9/4e/photo5jpg.jpg\"'),(310,21,'\"https://media-cdn.tripadvisor.com/media/photo-s/19/e9/f9/4d/photo4jpg.jpg\"'),(311,21,'\"https://media-cdn.tripadvisor.com/media/photo-s/19/e9/f9/4c/photo3jpg.jpg\"'),(312,21,'\"https://media-cdn.tripadvisor.com/media/photo-s/19/e9/f9/4b/photo2jpg.jpg\"'),(313,21,'\"https://media-cdn.tripadvisor.com/media/photo-s/19/e9/f9/4a/photo1jpg.jpg\"'),(314,21,'\"https://media-cdn.tripadvisor.com/media/photo-s/19/e9/f9/49/photo0jpg.jpg\"'),(315,21,'\"https://media-cdn.tripadvisor.com/media/photo-s/19/2d/1c/d2/photo0jpg.jpg\"');
/*!40000 ALTER TABLE `attraction_image` ENABLE KEYS */;
UNLOCK TABLES;

--
-- Table structure for table `city`
--

DROP TABLE IF EXISTS `city`;
/*!40101 SET @saved_cs_client     = @@character_set_client */;
/*!50503 SET character_set_client = utf8mb4 */;
CREATE TABLE `city` (
  `id` int NOT NULL AUTO_INCREMENT,
  `city_name` varchar(500) NOT NULL,
  PRIMARY KEY (`id`)
) ENGINE=InnoDB AUTO_INCREMENT=1856 DEFAULT CHARSET=utf8mb3;
/*!40101 SET character_set_client = @saved_cs_client */;

--
-- Dumping data for table `city`
--

LOCK TABLES `city` WRITE;
/*!40000 ALTER TABLE `city` DISABLE KEYS */;
INSERT INTO `city` VALUES (1,'Akkaraipattu'),(2,'Ambagahawatta'),(3,'Ampara'),(4,'Bakmitiyawa'),(5,'Deegawapiya'),(6,'Devalahinda'),(7,'Digamadulla Weeragoda'),(8,'Dorakumbura'),(9,'Gonagolla'),(10,'Hulannuge'),(11,'Kalmunai'),(12,'Kannakipuram'),(13,'Karativu'),(14,'Kekirihena'),(15,'Koknahara'),(16,'Kolamanthalawa'),(17,'Komari'),(18,'Lahugala'),(19,'lmkkamam'),(20,'Mahaoya'),(21,'Marathamune'),(22,'Namaloya'),(23,'Navithanveli'),(24,'Nintavur'),(25,'Oluvil'),(26,'Padiyatalawa'),(27,'Pahalalanda'),(28,'Panama'),(29,'Pannalagama'),(30,'Paragahakele'),(31,'Periyaneelavanai'),(32,'Polwaga Janapadaya'),(33,'Pottuvil'),(34,'Sainthamaruthu'),(35,'Samanthurai'),(36,'Serankada'),(37,'Tempitiya'),(38,'Thambiluvil'),(39,'Tirukovil'),(40,'Uhana'),(41,'Wadinagala'),(42,'Wanagamuwa'),(43,'Angamuwa'),(44,'Anuradhapura'),(45,'Awukana'),(46,'Bogahawewa'),(47,'Dematawewa'),(48,'Dimbulagala'),(49,'Dutuwewa'),(50,'Elayapattuwa'),(51,'Ellewewa'),(52,'Eppawala'),(53,'Etawatunuwewa'),(54,'Etaweeragollewa'),(55,'Galapitagala'),(56,'Galenbindunuwewa'),(57,'Galkadawala'),(58,'Galkiriyagama'),(59,'Galkulama'),(60,'Galnewa'),(61,'Gambirigaswewa'),(62,'Ganewalpola'),(63,'Gemunupura'),(64,'Getalawa'),(65,'Gnanikulama'),(66,'Gonahaddenawa'),(67,'Habarana'),(68,'Halmillawa Dambulla'),(69,'Halmillawetiya'),(70,'Hidogama'),(71,'Horawpatana'),(72,'Horiwila'),(73,'Hurigaswewa'),(74,'Hurulunikawewa'),(75,'Ihala Puliyankulama'),(76,'Kagama'),(77,'Kahatagasdigiliya'),(78,'Kahatagollewa'),(79,'Kalakarambewa'),(80,'Kalaoya'),(81,'Kalawedi Ulpotha'),(82,'Kallanchiya'),(83,'Kalpitiya'),(84,'Kalukele Badanagala'),(85,'Kapugallawa'),(86,'Karagahawewa'),(87,'Kashyapapura'),(88,'Kebithigollewa'),(89,'Kekirawa'),(90,'Kendewa'),(91,'Kiralogama'),(92,'Kirigalwewa'),(93,'Kirimundalama'),(94,'Kitulhitiyawa'),(95,'Kurundankulama'),(96,'Labunoruwa'),(97,'Ihalagama'),(98,'Ipologama'),(99,'Madatugama'),(100,'Maha Elagamuwa'),(101,'Mahabulankulama'),(102,'Mahailluppallama'),(103,'Mahakanadarawa'),(104,'Mahapothana'),(105,'Mahasenpura'),(106,'Mahawilachchiya'),(107,'Mailagaswewa'),(108,'Malwanagama'),(109,'Maneruwa'),(110,'Maradankadawala'),(111,'Maradankalla'),(112,'Medawachchiya'),(113,'Megodawewa'),(114,'Mihintale'),(115,'Morakewa'),(116,'Mulkiriyawa'),(117,'Muriyakadawala'),(118,'Colombo 15'),(119,'Nachchaduwa'),(120,'Namalpura'),(121,'Negampaha'),(122,'Nochchiyagama'),(123,'Nuwaragala'),(124,'Padavi Maithripura'),(125,'Padavi Parakramapura'),(126,'Padavi Sripura'),(127,'Padavi Sritissapura'),(128,'Padaviya'),(129,'Padikaramaduwa'),(130,'Pahala Halmillewa'),(131,'Pahala Maragahawe'),(132,'Pahalagama'),(133,'Palugaswewa'),(134,'Pandukabayapura'),(135,'Pandulagama'),(136,'Parakumpura'),(137,'Parangiyawadiya'),(138,'Parasangahawewa'),(139,'Pelatiyawa'),(140,'Pemaduwa'),(141,'Perimiyankulama'),(142,'Pihimbiyagolewa'),(143,'Pubbogama'),(144,'Punewa'),(145,'Rajanganaya'),(146,'Rambewa'),(147,'Rampathwila'),(148,'Rathmalgahawewa'),(149,'Saliyapura'),(150,'Seeppukulama'),(151,'Senapura'),(152,'Sivalakulama'),(153,'Siyambalewa'),(154,'Sravasthipura'),(155,'Talawa'),(156,'Tambuttegama'),(157,'Tammennawa'),(158,'Tantirimale'),(159,'Telhiriyawa'),(160,'Tirappane'),(161,'Tittagonewa'),(162,'Udunuwara Colony'),(163,'Upuldeniya'),(164,'Uttimaduwa'),(165,'Vellamanal'),(166,'Viharapalugama'),(167,'Wahalkada'),(168,'Wahamalgollewa'),(169,'Walagambahuwa'),(170,'Walahaviddawewa'),(171,'Welimuwapotana'),(172,'Welioya Project'),(173,'Akkarasiyaya'),(174,'Aluketiyawa'),(175,'Aluttaramma'),(176,'Ambadandegama'),(177,'Ambagasdowa'),(178,'Arawa'),(179,'Arawakumbura'),(180,'Arawatta'),(181,'Atakiriya'),(182,'Badulla'),(183,'Baduluoya'),(184,'Ballaketuwa'),(185,'Bambarapana'),(186,'Bandarawela'),(187,'Beramada'),(188,'Bibilegama'),(189,'Boragas'),(190,'Boralanda'),(191,'Bowela'),(192,'Central Camp'),(193,'Damanewela'),(194,'Dambana'),(195,'Dehiattakandiya'),(196,'Demodara'),(197,'Diganatenna'),(198,'Dikkapitiya'),(199,'Dimbulana'),(200,'Divulapelessa'),(201,'Diyatalawa'),(202,'Dulgolla'),(203,'Ekiriyankumbura'),(204,'Ella'),(205,'Ettampitiya'),(206,'Galauda'),(207,'Galporuyaya'),(208,'Gawarawela'),(209,'Girandurukotte'),(210,'Godunna'),(211,'Gurutalawa'),(212,'Haldummulla'),(213,'Hali Ela'),(214,'Hangunnawa'),(215,'Haputale'),(216,'Hebarawa'),(217,'Heeloya'),(218,'Helahalpe'),(219,'Helapupula'),(220,'Hopton'),(221,'Idalgashinna'),(222,'Kahataruppa'),(223,'Kalugahakandura'),(224,'Kalupahana'),(225,'Kebillawela'),(226,'Kendagolla'),(227,'Keselpotha'),(228,'Ketawatta'),(229,'Kiriwanagama'),(230,'Koslanda'),(231,'Kuruwitenna'),(232,'Kuttiyagolla'),(233,'Landewela'),(234,'Liyangahawela'),(235,'Lunugala'),(236,'Lunuwatta'),(237,'Madulsima'),(238,'Mahiyanganaya'),(239,'Makulella'),(240,'Malgoda'),(241,'Mapakadawewa'),(242,'Maspanna'),(243,'Maussagolla'),(244,'Mawanagama'),(245,'Medawela Udukinda'),(246,'Meegahakiula'),(247,'Metigahatenna'),(248,'Mirahawatta'),(249,'Miriyabedda'),(250,'Nawamedagama'),(251,'Nelumgama'),(252,'Nikapotha'),(253,'Nugatalawa'),(254,'Ohiya'),(255,'Pahalarathkinda'),(256,'Pallekiruwa'),(257,'Passara'),(258,'Pattiyagedara'),(259,'Pelagahatenna'),(260,'Perawella'),(261,'Pitamaruwa'),(262,'Pitapola'),(263,'Puhulpola'),(264,'Rajagalatenna'),(265,'Rathkarawwa'),(266,'Ridimaliyadda'),(267,'Silmiyapura'),(268,'Sirimalgoda'),(269,'Siripura'),(270,'Sorabora Colony'),(271,'Soragune'),(272,'Soranathota'),(273,'Taldena'),(274,'Timbirigaspitiya'),(275,'Uduhawara'),(276,'Uraniya'),(277,'Uva Karandagolla'),(278,'Uva Mawelagama'),(279,'Uva Tenna'),(280,'Uva Tissapura'),(281,'Welimada'),(282,'Weranketagoda'),(283,'Wewatta'),(284,'Wineethagama'),(285,'Yalagamuwa'),(286,'Yalwela'),(287,'Addalaichenai'),(288,'Ampilanthurai'),(289,'Araipattai'),(290,'Ayithiyamalai'),(291,'Bakiella'),(292,'Batticaloa'),(293,'Cheddipalayam'),(294,'Chenkaladi'),(295,'Eravur'),(296,'Kaluwanchikudi'),(297,'Kaluwankemy'),(298,'Kannankudah'),(299,'Karadiyanaru'),(300,'Kathiraveli'),(301,'Kattankudi'),(302,'Kiran'),(303,'Kirankulam'),(304,'Koddaikallar'),(305,'Kokkaddicholai'),(306,'Kurukkalmadam'),(307,'Mandur'),(308,'Miravodai'),(309,'Murakottanchanai'),(310,'Navagirinagar'),(311,'Navatkadu'),(312,'Oddamavadi'),(313,'Palamunai'),(314,'Pankudavely'),(315,'Periyaporativu'),(316,'Periyapullumalai'),(317,'Pillaiyaradi'),(318,'Punanai'),(319,'Thannamunai'),(320,'Thettativu'),(321,'Thikkodai'),(322,'Thirupalugamam'),(323,'Unnichchai'),(324,'Vakaneri'),(325,'Vakarai'),(326,'Valaichenai'),(327,'Vantharumoolai'),(328,'Vellavely'),(329,'Akarawita'),(330,'Ambalangoda'),(331,'Athurugiriya'),(332,'Avissawella'),(333,'Batawala'),(334,'Battaramulla'),(335,'Biyagama'),(336,'Bope'),(337,'Boralesgamuwa'),(338,'Colombo 8'),(339,'Dedigamuwa'),(340,'Dehiwala'),(341,'Deltara'),(342,'Habarakada'),(343,'Hanwella'),(344,'Hiripitya'),(345,'Hokandara'),(346,'Homagama'),(347,'Horagala'),(348,'Kaduwela'),(349,'Kaluaggala'),(350,'Kapugoda'),(351,'Kehelwatta'),(352,'Kiriwattuduwa'),(353,'Kolonnawa'),(354,'Kosgama'),(355,'Madapatha'),(356,'Maharagama'),(357,'Malabe'),(358,'Moratuwa'),(359,'Mount Lavinia'),(360,'Mullegama'),(361,'Napawela'),(362,'Nugegoda'),(363,'Padukka'),(364,'Pannipitiya'),(365,'Piliyandala'),(366,'Pitipana Homagama'),(367,'Polgasowita'),(368,'Pugoda'),(369,'Ranala'),(370,'Siddamulla'),(371,'Siyambalagoda'),(372,'Sri Jayawardenepura'),(373,'Talawatugoda'),(374,'Tummodara'),(375,'Waga'),(376,'Colombo 6'),(377,'Agaliya'),(378,'Ahangama'),(379,'Ahungalla'),(380,'Akmeemana'),(381,'Alawatugoda'),(382,'Aluthwala'),(383,'Ampegama'),(384,'Amugoda'),(385,'Anangoda'),(386,'Angulugaha'),(387,'Ankokkawala'),(388,'Aselapura'),(389,'Baddegama'),(390,'Balapitiya'),(391,'Banagala'),(392,'Batapola'),(393,'Bentota'),(394,'Boossa'),(395,'Dellawa'),(396,'Dikkumbura'),(397,'Dodanduwa'),(398,'Ella Tanabaddegama'),(399,'Elpitiya'),(400,'Galle'),(401,'Ginimellagaha'),(402,'Gintota'),(403,'Godahena'),(404,'Gonamulla Junction'),(405,'Gonapinuwala'),(406,'Habaraduwa'),(407,'Haburugala'),(408,'Hikkaduwa'),(409,'Hiniduma'),(410,'Hiyare'),(411,'Kahaduwa'),(412,'Kahawa'),(413,'Karagoda'),(414,'Karandeniya'),(415,'Kosgoda'),(416,'Kottawagama'),(417,'Kottegoda'),(418,'Kuleegoda'),(419,'Magedara'),(420,'Mahawela Sinhapura'),(421,'Mapalagama'),(422,'Mapalagama Central'),(423,'Mattaka'),(424,'Meda-Keembiya'),(425,'Meetiyagoda'),(426,'Nagoda'),(427,'Nakiyadeniya'),(428,'Nawandagala'),(429,'Neluwa'),(430,'Nindana'),(431,'Pahala Millawa'),(432,'Panangala'),(433,'Pannimulla Panagoda'),(434,'Parana Thanayamgoda'),(435,'Patana'),(436,'Pitigala'),(437,'Poddala'),(438,'Polgampola'),(439,'Porawagama'),(440,'Rantotuwila'),(441,'Talagampola'),(442,'Talgaspe'),(443,'Talpe'),(444,'Tawalama'),(445,'Tiranagama'),(446,'Udalamatta'),(447,'Udugama'),(448,'Uluvitike'),(449,'Unawatuna'),(450,'Unawitiya'),(451,'Uragaha'),(452,'Uragasmanhandiya'),(453,'Wakwella'),(454,'Walahanduwa'),(455,'Wanchawela'),(456,'Wanduramba'),(457,'Warukandeniya'),(458,'Watugedara'),(459,'Weihena'),(460,'Welikanda'),(461,'Wilanagama'),(462,'Yakkalamulla'),(463,'Yatalamatta'),(464,'Akaragama'),(465,'Ambagaspitiya'),(466,'Ambepussa'),(467,'Andiambalama'),(468,'Attanagalla'),(469,'Badalgama'),(470,'Banduragoda'),(471,'Batuwatta'),(472,'Bemmulla'),(473,'Biyagama IPZ'),(474,'Bokalagama'),(475,'Bollete (WP)'),(476,'Bopagama'),(477,'Buthpitiya'),(478,'Dagonna'),(479,'Danowita'),(480,'Debahera'),(481,'Dekatana'),(482,'Delgoda'),(483,'Delwagura'),(484,'Demalagama'),(485,'Demanhandiya'),(486,'Dewalapola'),(487,'Divulapitiya'),(488,'Divuldeniya'),(489,'Dompe'),(490,'Dunagaha'),(491,'Ekala'),(492,'Ellakkala'),(493,'Essella'),(494,'Galedanda'),(495,'Gampaha'),(496,'Ganemulla'),(497,'Giriulla'),(498,'Gonawala'),(499,'Halpe'),(500,'Hapugastenna'),(501,'Heiyanthuduwa'),(502,'Hinatiyana Madawala'),(503,'Hiswella'),(504,'Horampella'),(505,'Hunumulla'),(506,'Hunupola'),(507,'Ihala Madampella'),(508,'Imbulgoda'),(509,'Ja-Ela'),(510,'Kadawatha'),(511,'Kahatowita'),(512,'Kalagedihena'),(513,'Kaleliya'),(514,'Kandana'),(515,'Katana'),(516,'Katudeniya'),(517,'Katunayake'),(518,'Katunayake Air Force Camp'),(519,'Katunayake(FTZ)'),(520,'Katuwellegama'),(521,'Kelaniya'),(522,'Kimbulapitiya'),(523,'Kirindiwela'),(524,'Kitalawalana'),(525,'Kochchikade'),(526,'Kotadeniyawa'),(527,'Kotugoda'),(528,'Kumbaloluwa'),(529,'Loluwagoda'),(530,'Mabodale'),(531,'Madelgamuwa'),(532,'Makewita'),(533,'Makola'),(534,'Malwana'),(535,'Mandawala'),(536,'Marandagahamula'),(537,'Mellawagedara'),(538,'Minuwangoda'),(539,'Mirigama'),(540,'Miriswatta'),(541,'Mithirigala'),(542,'Muddaragama'),(543,'Mudungoda'),(544,'Mulleriyawa New Town'),(545,'Naranwala'),(546,'Nawana'),(547,'Nedungamuwa'),(548,'Negombo'),(549,'Nikadalupotha'),(550,'Nikahetikanda'),(551,'Nittambuwa'),(552,'Niwandama'),(553,'Opatha'),(554,'Pamunugama'),(555,'Pamunuwatta'),(556,'Panawala'),(557,'Pasyala'),(558,'Peliyagoda'),(559,'Pepiliyawala'),(560,'Pethiyagoda'),(561,'Polpithimukulana'),(562,'Puwakpitiya'),(563,'Radawadunna'),(564,'Radawana'),(565,'Raddolugama'),(566,'Ragama'),(567,'Ruggahawila'),(568,'Seeduwa'),(569,'Siyambalape'),(570,'Talahena'),(571,'Thambagalla'),(572,'Thimbirigaskatuwa'),(573,'Tittapattara'),(574,'Udathuthiripitiya'),(575,'Udugampola'),(576,'Uggalboda'),(577,'Urapola'),(578,'Uswetakeiyawa'),(579,'Veyangoda'),(580,'Walgammulla'),(581,'Walpita'),(582,'Walpola (WP)'),(583,'Wathurugama'),(584,'Watinapaha'),(585,'Wattala'),(586,'Weboda'),(587,'Wegowwa'),(588,'Weweldeniya'),(589,'Yakkala'),(590,'Yatiyana'),(591,'Ambalantota'),(592,'Angunakolapelessa'),(593,'Angunakolawewa'),(594,'Bandagiriya Colony'),(595,'Barawakumbuka'),(596,'Beliatta'),(597,'Beragama'),(598,'Beralihela'),(599,'Bundala'),(600,'Ellagala'),(601,'Gangulandeniya'),(602,'Getamanna'),(603,'Goda Koggalla'),(604,'Gonagamuwa Uduwila'),(605,'Gonnoruwa'),(606,'Hakuruwela'),(607,'Hambantota'),(608,'Handugala'),(609,'Hungama'),(610,'Ihala Beligalla'),(611,'Iththa Demaliya'),(612,'Julampitiya'),(613,'Kahandamodara'),(614,'Kariyamaditta'),(615,'Katuwana'),(616,'Kawantissapura'),(617,'Kirama'),(618,'Kirinda'),(619,'Lunama'),(620,'Lunugamwehera'),(621,'Magama'),(622,'Mahagalwewa'),(623,'Mamadala'),(624,'Medamulana'),(625,'Middeniya'),(626,'Meegahajandura'),(627,'Modarawana'),(628,'Mulkirigala'),(629,'Nakulugamuwa'),(630,'Netolpitiya'),(631,'Nihiluwa'),(632,'Padawkema'),(633,'Pahala Andarawewa'),(634,'Rammalawarapitiya'),(635,'Ranakeliya'),(636,'Ranmuduwewa'),(637,'Ranna'),(638,'Ratmalwala'),(639,'Ruhunu Ridiyagama'),(640,'Sooriyawewa Town'),(641,'Tangalla'),(642,'Tissamaharama'),(643,'Uda Gomadiya'),(644,'Udamattala'),(645,'Uswewa'),(646,'Vitharandeniya'),(647,'Walasmulla'),(648,'Weeraketiya'),(649,'Weerawila'),(650,'Weerawila NewTown'),(651,'Wekandawela'),(652,'Weligatta'),(653,'Yatigala'),(654,'Jaffna'),(655,'Agalawatta'),(656,'Alubomulla'),(657,'Anguruwatota'),(658,'Atale'),(659,'Baduraliya'),(660,'Bandaragama'),(661,'Batugampola'),(662,'Bellana'),(663,'Beruwala'),(664,'Bolossagama'),(665,'Bombuwala'),(666,'Boralugoda'),(667,'Bulathsinhala'),(668,'Danawala Thiniyawala'),(669,'Delmella'),(670,'Dharga Town'),(671,'Diwalakada'),(672,'Dodangoda'),(673,'Dombagoda'),(674,'Ethkandura'),(675,'Galpatha'),(676,'Gamagoda'),(677,'Gonagalpura'),(678,'Gonapola Junction'),(679,'Govinna'),(680,'Gurulubadda'),(681,'Halkandawila'),(682,'Haltota'),(683,'Halvitigala Colony'),(684,'Halwala'),(685,'Halwatura'),(686,'Handapangoda'),(687,'Hedigalla Colony'),(688,'Henegama'),(689,'Hettimulla'),(690,'Horana'),(691,'Ittapana'),(692,'Kahawala'),(693,'Kalawila Kiranthidiya'),(694,'Kalutara'),(695,'Kananwila'),(696,'Kandanagama'),(697,'Kelinkanda'),(698,'Kitulgoda'),(699,'Koholana'),(700,'Kuda Uduwa'),(701,'Labbala'),(702,'lhalahewessa'),(703,'lnduruwa'),(704,'lngiriya'),(705,'Maggona'),(706,'Mahagama'),(707,'Mahakalupahana'),(708,'Maharangalla'),(709,'Malgalla Talangalla'),(710,'Matugama'),(711,'Meegahatenna'),(712,'Meegama'),(713,'Meegoda'),(714,'Millaniya'),(715,'Millewa'),(716,'Miwanapalana'),(717,'Molkawa'),(718,'Morapitiya'),(719,'Morontuduwa'),(720,'Nawattuduwa'),(721,'Neboda'),(722,'Padagoda'),(723,'Pahalahewessa'),(724,'Paiyagala'),(725,'Panadura'),(726,'Pannala'),(727,'Paragastota'),(728,'Paragoda'),(729,'Paraigama'),(730,'Pelanda'),(731,'Pelawatta'),(732,'Pimbura'),(733,'Pitagaldeniya'),(734,'Pokunuwita'),(735,'Poruwedanda'),(736,'Ratmale'),(737,'Remunagoda'),(738,'Talgaswela'),(739,'Tebuwana'),(740,'Uduwara'),(741,'Utumgama'),(742,'Veyangalla'),(743,'Wadduwa'),(744,'Walagedara'),(745,'Walallawita'),(746,'Waskaduwa'),(747,'Welipenna'),(748,'Weliveriya'),(749,'Welmilla Junction'),(750,'Weragala'),(751,'Yagirala'),(752,'Yatadolawatta'),(753,'Yatawara Junction'),(754,'Aludeniya'),(755,'Ambagahapelessa'),(756,'Ambagamuwa Udabulathgama'),(757,'Ambatenna'),(758,'Ampitiya'),(759,'Ankumbura'),(760,'Atabage'),(761,'Balana'),(762,'Bambaragahaela'),(763,'Batagolladeniya'),(764,'Batugoda'),(765,'Batumulla'),(766,'Bawlana'),(767,'Bopana'),(768,'Danture'),(769,'Dedunupitiya'),(770,'Dekinda'),(771,'Deltota'),(772,'Divulankadawala'),(773,'Dolapihilla'),(774,'Dolosbage'),(775,'Dunuwila'),(776,'Etulgama'),(777,'Galaboda'),(778,'Galagedara'),(779,'Galaha'),(780,'Galhinna'),(781,'Gampola'),(782,'Gelioya'),(783,'Godamunna'),(784,'Gomagoda'),(785,'Gonagantenna'),(786,'Gonawalapatana'),(787,'Gunnepana'),(788,'Gurudeniya'),(789,'Hakmana'),(790,'Handaganawa'),(791,'Handawalapitiya'),(792,'Handessa'),(793,'Hanguranketha'),(794,'Harangalagama'),(795,'Hataraliyadda'),(796,'Hindagala'),(797,'Hondiyadeniya'),(798,'Hunnasgiriya'),(799,'Inguruwatta'),(800,'Jambugahapitiya'),(801,'Kadugannawa'),(802,'Kahataliyadda'),(803,'Kalugala'),(804,'Kandy'),(805,'Kapuliyadde'),(806,'Katugastota'),(807,'Katukitula'),(808,'Kelanigama'),(809,'Kengalla'),(810,'Ketaboola'),(811,'Ketakumbura'),(812,'Kobonila'),(813,'Kolabissa'),(814,'Kolongoda'),(815,'Kulugammana'),(816,'Kumbukkandura'),(817,'Kumburegama'),(818,'Kundasale'),(819,'Leemagahakotuwa'),(820,'lhala Kobbekaduwa'),(821,'Lunugama'),(822,'Lunuketiya Maditta'),(823,'Madawala Bazaar'),(824,'Madawalalanda'),(825,'Madugalla'),(826,'Madulkele'),(827,'Mahadoraliyadda'),(828,'Mahamedagama'),(829,'Mahanagapura'),(830,'Mailapitiya'),(831,'Makkanigama'),(832,'Makuldeniya'),(833,'Mangalagama'),(834,'Mapakanda'),(835,'Marassana'),(836,'Marymount Colony'),(837,'Mawatura'),(838,'Medamahanuwara'),(839,'Medawala Harispattuwa'),(840,'Meetalawa'),(841,'Megoda Kalugamuwa'),(842,'Menikdiwela'),(843,'Menikhinna'),(844,'Mimure'),(845,'Minigamuwa'),(846,'Minipe'),(847,'Moragahapallama'),(848,'Murutalawa'),(849,'Muruthagahamulla'),(850,'Nanuoya'),(851,'Naranpanawa'),(852,'Narawelpita'),(853,'Nawalapitiya'),(854,'Nawathispane'),(855,'Nillambe'),(856,'Nugaliyadda'),(857,'Ovilikanda'),(858,'Pallekotuwa'),(859,'Panwilatenna'),(860,'Paradeka'),(861,'Pasbage'),(862,'Pattitalawa'),(863,'Peradeniya'),(864,'Pilimatalawa'),(865,'Poholiyadda'),(866,'Pubbiliya'),(867,'Pupuressa'),(868,'Pussellawa'),(869,'Putuhapuwa'),(870,'Rajawella'),(871,'Rambukpitiya'),(872,'Rambukwella'),(873,'Rangala'),(874,'Rantembe'),(875,'Sangarajapura'),(876,'Senarathwela'),(877,'Talatuoya'),(878,'Teldeniya'),(879,'Tennekumbura'),(880,'Uda Peradeniya'),(881,'Udahentenna'),(882,'Udatalawinna'),(883,'Udispattuwa'),(884,'Ududumbara'),(885,'Uduwahinna'),(886,'Uduwela'),(887,'Ulapane'),(888,'Unuwinna'),(889,'Velamboda'),(890,'Watagoda'),(891,'Watagoda Harispattuwa'),(892,'Wattappola'),(893,'Weligampola'),(894,'Wendaruwa'),(895,'Weragantota'),(896,'Werapitya'),(897,'Werellagama'),(898,'Wettawa'),(899,'Yahalatenna'),(900,'Yatihalagala'),(901,'Alawala'),(902,'Alawatura'),(903,'Alawwa'),(904,'Algama'),(905,'Alutnuwara'),(906,'Ambalakanda'),(907,'Ambulugala'),(908,'Amitirigala'),(909,'Ampagala'),(910,'Anhandiya'),(911,'Anhettigama'),(912,'Aranayaka'),(913,'Aruggammana'),(914,'Batuwita'),(915,'Beligala(Sab)'),(916,'Belihuloya'),(917,'Berannawa'),(918,'Bopitiya'),(919,'Bopitiya (SAB)'),(920,'Boralankada'),(921,'Bossella'),(922,'Bulathkohupitiya'),(923,'Damunupola'),(924,'Debathgama'),(925,'Dedugala'),(926,'Deewala Pallegama'),(927,'Dehiowita'),(928,'Deldeniya'),(929,'Deloluwa'),(930,'Deraniyagala'),(931,'Dewalegama'),(932,'Dewanagala'),(933,'Dombemada'),(934,'Dorawaka'),(935,'Dunumala'),(936,'Galapitamada'),(937,'Galatara'),(938,'Galigamuwa Town'),(939,'Gallella'),(940,'Galpatha(Sab)'),(941,'Gantuna'),(942,'Getahetta'),(943,'Godagampola'),(944,'Gonagala'),(945,'Hakahinna'),(946,'Hakbellawaka'),(947,'Halloluwa'),(948,'Hedunuwewa'),(949,'Hemmatagama'),(950,'Hewadiwela'),(951,'Hingula'),(952,'Hinguralakanda'),(953,'Hingurana'),(954,'Hiriwadunna'),(955,'Ihala Walpola'),(956,'Ihalagama'),(957,'Imbulana'),(958,'Imbulgasdeniya'),(959,'Kabagamuwa'),(960,'Kahapathwala'),(961,'Kandaketya'),(962,'Kannattota'),(963,'Karagahinna'),(964,'Kegalle'),(965,'Kehelpannala'),(966,'Ketawala Leula'),(967,'Kitulgala'),(968,'Kondeniya'),(969,'Kotiyakumbura'),(970,'Lewangama'),(971,'Mahabage'),(972,'Makehelwala'),(973,'Malalpola'),(974,'Maldeniya'),(975,'Maliboda'),(976,'Maliyadda'),(977,'Malmaduwa'),(978,'Marapana'),(979,'Mawanella'),(980,'Meetanwala'),(981,'Migastenna Sabara'),(982,'Miyanawita'),(983,'Molagoda'),(984,'Morontota'),(985,'Narangala'),(986,'Narangoda'),(987,'Nattarampotha'),(988,'Nelundeniya'),(989,'Niyadurupola'),(990,'Noori'),(991,'Pannila'),(992,'Pattampitiya'),(993,'Pilawala'),(994,'Pothukoladeniya'),(995,'Puswelitenna'),(996,'Rambukkana'),(997,'Rilpola'),(998,'Rukmale'),(999,'Ruwanwella'),(1000,'Samanalawewa'),(1001,'Seaforth Colony'),(1002,'Colombo 2'),(1003,'Spring Valley'),(1004,'Talgaspitiya'),(1005,'Teligama'),(1006,'Tholangamuwa'),(1007,'Thotawella'),(1008,'Udaha Hawupe'),(1009,'Udapotha'),(1010,'Uduwa'),(1011,'Undugoda'),(1012,'Ussapitiya'),(1013,'Wahakula'),(1014,'Waharaka'),(1015,'Wanaluwewa'),(1016,'Warakapola'),(1017,'Watura'),(1018,'Weeoya'),(1019,'Wegalla'),(1020,'Weligalla'),(1021,'Welihelatenna'),(1022,'Wewelwatta'),(1023,'Yatagama'),(1024,'Yatapana'),(1025,'Yatiyantota'),(1026,'Yattogoda'),(1027,'Kandavalai'),(1028,'Karachchi'),(1029,'Kilinochchi'),(1030,'Pachchilaipalli'),(1031,'Poonakary'),(1032,'Akurana'),(1033,'Alahengama'),(1034,'Alahitiyawa'),(1035,'Ambakote'),(1036,'Ambanpola'),(1037,'Andiyagala'),(1038,'Anukkane'),(1039,'Aragoda'),(1040,'Ataragalla'),(1041,'Awulegama'),(1042,'Balalla'),(1043,'Bamunukotuwa'),(1044,'Bandara Koswatta'),(1045,'Bingiriya'),(1046,'Bogamulla'),(1047,'Boraluwewa'),(1048,'Boyagane'),(1049,'Bujjomuwa'),(1050,'Buluwala'),(1051,'Dadayamtalawa'),(1052,'Dambadeniya'),(1053,'Daraluwa'),(1054,'Deegalla'),(1055,'Demataluwa'),(1056,'Demuwatha'),(1057,'Diddeniya'),(1058,'Digannewa'),(1059,'Divullegoda'),(1060,'Diyasenpura'),(1061,'Dodangaslanda'),(1062,'Doluwa'),(1063,'Doragamuwa'),(1064,'Doratiyawa'),(1065,'Dunumadalawa'),(1066,'Dunuwilapitiya'),(1067,'Ehetuwewa'),(1068,'Elibichchiya'),(1069,'Embogama'),(1070,'Etungahakotuwa'),(1071,'Galadivulwewa'),(1072,'Galgamuwa'),(1073,'Gallellagama'),(1074,'Gallewa'),(1075,'Ganegoda'),(1076,'Girathalana'),(1077,'Gokaralla'),(1078,'Gonawila'),(1079,'Halmillawewa'),(1080,'Handungamuwa'),(1081,'Harankahawa'),(1082,'Helamada'),(1083,'Hengamuwa'),(1084,'Hettipola'),(1085,'Hewainna'),(1086,'Hilogama'),(1087,'Hindagolla'),(1088,'Hiriyala Lenawa'),(1089,'Hiruwalpola'),(1090,'Horambawa'),(1091,'Hulogedara'),(1092,'Hulugalla'),(1093,'Ihala Gomugomuwa'),(1094,'Ihala Katugampala'),(1095,'Indulgodakanda'),(1096,'Ithanawatta'),(1097,'Kadigawa'),(1098,'Kalankuttiya'),(1099,'Kalatuwawa'),(1100,'Kalugamuwa'),(1101,'Kanadeniyawala'),(1102,'Kanattewewa'),(1103,'Kandegedara'),(1104,'Karagahagedara'),(1105,'Karambe'),(1106,'Katiyawa'),(1107,'Katupota'),(1108,'Kawudulla'),(1109,'Kawuduluwewa Stagell'),(1110,'Kekunagolla'),(1111,'Keppitiwalana'),(1112,'Kimbulwanaoya'),(1113,'Kirimetiyawa'),(1114,'Kirindawa'),(1115,'Kirindigalla'),(1116,'Kithalawa'),(1117,'Kitulwala'),(1118,'Kobeigane'),(1119,'Kohilagedara'),(1120,'Konwewa'),(1121,'Kosdeniya'),(1122,'Kosgolla'),(1123,'Kotagala'),(1124,'Colombo 13'),(1125,'Kotawehera'),(1126,'Kudagalgamuwa'),(1127,'Kudakatnoruwa'),(1128,'Kuliyapitiya'),(1129,'Kumaragama'),(1130,'Kumbukgeta'),(1131,'Kumbukwewa'),(1132,'Kuratihena'),(1133,'Kurunegala'),(1134,'lbbagamuwa'),(1135,'lhala Kadigamuwa'),(1136,'Lihiriyagama'),(1137,'lllagolla'),(1138,'llukhena'),(1139,'Lonahettiya'),(1140,'Madahapola'),(1141,'Madakumburumulla'),(1142,'Madalagama'),(1143,'Madawala Ulpotha'),(1144,'Maduragoda'),(1145,'Maeliya'),(1146,'Magulagama'),(1147,'Maha Ambagaswewa'),(1148,'Mahagalkadawala'),(1149,'Mahagirilla'),(1150,'Mahamukalanyaya'),(1151,'Mahananneriya'),(1152,'Mahapallegama'),(1153,'Maharachchimulla'),(1154,'Mahatalakolawewa'),(1155,'Mahawewa'),(1156,'Maho'),(1157,'Makulewa'),(1158,'Makulpotha'),(1159,'Makulwewa'),(1160,'Malagane'),(1161,'Mandapola'),(1162,'Maspotha'),(1163,'Mawathagama'),(1164,'Medirigiriya'),(1165,'Medivawa'),(1166,'Meegalawa'),(1167,'Meegaswewa'),(1168,'Meewellawa'),(1169,'Melsiripura'),(1170,'Metikumbura'),(1171,'Metiyagane'),(1172,'Minhettiya'),(1173,'Minuwangete'),(1174,'Mirihanagama'),(1175,'Monnekulama'),(1176,'Moragane'),(1177,'Moragollagama'),(1178,'Morathiha'),(1179,'Munamaldeniya'),(1180,'Muruthenge'),(1181,'Mutugala'),(1182,'Nabadewa'),(1183,'Nagollagama'),(1184,'Nagollagoda'),(1185,'Nakkawatta'),(1186,'Narammala'),(1187,'Nawasenapura'),(1188,'Nawatalwatta'),(1189,'Nelliya'),(1190,'Nikaweratiya'),(1191,'Nugagolla'),(1192,'Nugawela'),(1193,'Padeniya'),(1194,'Padiwela'),(1195,'Pahalagiribawa'),(1196,'Pahamune'),(1197,'Palagala'),(1198,'Palapathwela'),(1199,'Palaviya'),(1200,'Pallewela'),(1201,'Palukadawala'),(1202,'Panadaragama'),(1203,'Panagamuwa'),(1204,'Panaliya'),(1205,'Panapitiya'),(1206,'Panliyadda'),(1207,'Pansiyagama'),(1208,'Parape'),(1209,'Pathanewatta'),(1210,'Pattiya Watta'),(1211,'Perakanatta'),(1212,'Periyakadneluwa'),(1213,'Pihimbiya Ratmale'),(1214,'Pihimbuwa'),(1215,'Pilessa'),(1216,'Polgahawela'),(1217,'Polgolla'),(1218,'Polpithigama'),(1219,'Pothuhera'),(1220,'Pothupitiya'),(1221,'Pujapitiya'),(1222,'Rakwana'),(1223,'Ranorawa'),(1224,'Rathukohodigala'),(1225,'Ridibendiella'),(1226,'Ridigama'),(1227,'Saliya Asokapura'),(1228,'Sandalankawa'),(1229,'Sevanapitiya'),(1230,'Sirambiadiya'),(1231,'Sirisetagama'),(1232,'Siyambalangamuwa'),(1233,'Siyambalawewa'),(1234,'Solepura'),(1235,'Solewewa'),(1236,'Sunandapura'),(1237,'Talawattegedara'),(1238,'Tambutta'),(1239,'Tennepanguwa'),(1240,'Thalahitimulla'),(1241,'Thalakolawewa'),(1242,'Thalwita'),(1243,'Tharana Udawela'),(1244,'Thimbiriyawa'),(1245,'Tisogama'),(1246,'Thorayaya'),(1247,'Tulhiriya'),(1248,'Tuntota'),(1249,'Tuttiripitigama'),(1250,'Udagaldeniya'),(1251,'Udahingulwala'),(1252,'Udawatta'),(1253,'Udubaddawa'),(1254,'Udumulla'),(1255,'Uhumiya'),(1256,'Ulpotha Pallekele'),(1257,'Ulpothagama'),(1258,'Usgala Siyabmalangamuwa'),(1259,'Vijithapura'),(1260,'Wadakada'),(1261,'Wadumunnegedara'),(1262,'Walakumburumulla'),(1263,'Wannigama'),(1264,'Wannikudawewa'),(1265,'Wannilhalagama'),(1266,'Wannirasnayakapura'),(1267,'Warawewa'),(1268,'Wariyapola'),(1269,'Watareka'),(1270,'Wattegama'),(1271,'Watuwatta'),(1272,'Weerapokuna'),(1273,'Welawa Juncton'),(1274,'Welipennagahamulla'),(1275,'Wellagala'),(1276,'Wellarawa'),(1277,'Wellawa'),(1278,'Welpalla'),(1279,'Wennoruwa'),(1280,'Weuda'),(1281,'Wewagama'),(1282,'Wilgamuwa'),(1283,'Yakwila'),(1284,'Yatigaloluwa'),(1285,'Mannar'),(1286,'Puthukudiyiruppu'),(1287,'Akuramboda'),(1288,'Alawatuwala'),(1289,'Alwatta'),(1290,'Ambana'),(1291,'Aralaganwila'),(1292,'Ataragallewa'),(1293,'Bambaragaswewa'),(1294,'Barawardhana Oya'),(1295,'Beligamuwa'),(1296,'Damana'),(1297,'Dambulla'),(1298,'Damminna'),(1299,'Dankanda'),(1300,'Delwite'),(1301,'Devagiriya'),(1302,'Dewahuwa'),(1303,'Divuldamana'),(1304,'Dullewa'),(1305,'Dunkolawatta'),(1306,'Elkaduwa'),(1307,'Erawula Junction'),(1308,'Etanawala'),(1309,'Galewela'),(1310,'Galoya Junction'),(1311,'Gammaduwa'),(1312,'Gangala Puwakpitiya'),(1313,'Hasalaka'),(1314,'Hattota Amuna'),(1315,'Imbulgolla'),(1316,'Inamaluwa'),(1317,'Iriyagolla'),(1318,'Kaikawala'),(1319,'Kalundawa'),(1320,'Kandalama'),(1321,'Kavudupelella'),(1322,'Kibissa'),(1323,'Kiwula'),(1324,'Kongahawela'),(1325,'Laggala Pallegama'),(1326,'Leliambe'),(1327,'Lenadora'),(1328,'lhala Halmillewa'),(1329,'lllukkumbura'),(1330,'Madipola'),(1332,'Mahawela'),(1333,'Mananwatta'),(1334,'Maraka'),(1335,'Matale'),(1336,'Melipitiya'),(1337,'Metihakka'),(1338,'Millawana'),(1339,'Muwandeniya'),(1340,'Nalanda'),(1341,'Naula'),(1342,'Opalgala'),(1343,'Pallepola'),(1344,'Pimburattewa'),(1345,'Pulastigama'),(1346,'Ranamuregama'),(1347,'Rattota'),(1348,'Selagama'),(1349,'Sigiriya'),(1350,'Sinhagama'),(1351,'Sungavila'),(1352,'Talagoda Junction'),(1353,'Talakiriyagama'),(1354,'Tamankaduwa'),(1355,'Udasgiriya'),(1356,'Udatenna'),(1357,'Ukuwela'),(1358,'Wahacotte'),(1359,'Walawela'),(1360,'Wehigala'),(1361,'Welangahawatte'),(1362,'Wewalawewa'),(1363,'Yatawatta'),(1364,'Akuressa'),(1365,'Alapaladeniya'),(1366,'Aparekka'),(1367,'Athuraliya'),(1368,'Bengamuwa'),(1369,'Bopagoda'),(1370,'Dampahala'),(1371,'Deegala Lenama'),(1372,'Deiyandara'),(1373,'Denagama'),(1374,'Denipitiya'),(1375,'Deniyaya'),(1376,'Derangala'),(1377,'Devinuwara (Dondra)'),(1378,'Dikwella'),(1379,'Diyagaha'),(1380,'Diyalape'),(1381,'Gandara'),(1382,'Godapitiya'),(1383,'Gomilamawarala'),(1384,'Hawpe'),(1385,'Horapawita'),(1386,'Kalubowitiyana'),(1387,'Kamburugamuwa'),(1388,'Kamburupitiya'),(1389,'Karagoda Uyangoda'),(1390,'Karaputugala'),(1391,'Karatota'),(1392,'Kekanadura'),(1393,'Kiriweldola'),(1394,'Kiriwelkele'),(1395,'Kolawenigama'),(1396,'Kotapola'),(1397,'Lankagama'),(1398,'Makandura'),(1399,'Maliduwa'),(1400,'Maramba'),(1401,'Matara'),(1402,'Mediripitiya'),(1403,'Miella'),(1404,'Mirissa'),(1405,'Morawaka'),(1406,'Mulatiyana Junction'),(1407,'Nadugala'),(1408,'Naimana'),(1409,'Palatuwa'),(1410,'Parapamulla'),(1411,'Pasgoda'),(1412,'Penetiyana'),(1413,'Pitabeddara'),(1414,'Puhulwella'),(1415,'Radawela'),(1416,'Ransegoda'),(1417,'Rotumba'),(1418,'Sultanagoda'),(1419,'Telijjawila'),(1420,'Thihagoda'),(1421,'Urubokka'),(1422,'Urugamuwa'),(1423,'Urumutta'),(1424,'Viharahena'),(1425,'Walakanda'),(1426,'Walasgala'),(1427,'Waralla'),(1428,'Weligama'),(1429,'Wilpita'),(1430,'Yatiyana'),(1431,'Ayiwela'),(1432,'Badalkumbura'),(1433,'Baduluwela'),(1434,'Bakinigahawela'),(1435,'Balaharuwa'),(1436,'Bibile'),(1437,'Buddama'),(1438,'Buttala'),(1439,'Dambagalla'),(1440,'Diyakobala'),(1441,'Dombagahawela'),(1442,'Ethimalewewa'),(1443,'Ettiliwewa'),(1444,'Galabedda'),(1445,'Gamewela'),(1446,'Hambegamuwa'),(1447,'Hingurukaduwa'),(1448,'Hulandawa'),(1449,'Inginiyagala'),(1450,'Kandaudapanguwa'),(1451,'Kandawinna'),(1452,'Kataragama'),(1453,'Kotagama'),(1454,'Kotamuduna'),(1455,'Kotawehera Mankada'),(1456,'Kudawewa'),(1457,'Kumbukkana'),(1458,'Marawa'),(1459,'Mariarawa'),(1460,'Medagana'),(1461,'Medawelagama'),(1462,'Miyanakandura'),(1463,'Monaragala'),(1464,'Moretuwegama'),(1465,'Nakkala'),(1466,'Namunukula'),(1467,'Nannapurawa'),(1468,'Nelliyadda'),(1469,'Nilgala'),(1470,'Obbegoda'),(1471,'Okkampitiya'),(1472,'Pangura'),(1473,'Pitakumbura'),(1474,'Randeniya'),(1475,'Ruwalwela'),(1476,'Sella Kataragama'),(1477,'Siyambalagune'),(1478,'Siyambalanduwa'),(1479,'Suriara'),(1480,'Thanamalwila'),(1481,'Uva Gangodagama'),(1482,'Uva Kudaoya'),(1483,'Uva Pelwatta'),(1484,'Warunagama'),(1485,'Wedikumbura'),(1486,'Weherayaya Handapanagala'),(1487,'Wellawaya'),(1488,'Wilaoya'),(1489,'Yudaganawa'),(1490,'Mullativu'),(1491,'Agarapathana'),(1492,'Ambatalawa'),(1493,'Ambewela'),(1494,'Bogawantalawa'),(1495,'Bopattalawa'),(1496,'Dagampitiya'),(1497,'Dayagama Bazaar'),(1498,'Dikoya'),(1499,'Doragala'),(1500,'Dunukedeniya'),(1501,'Egodawela'),(1502,'Ekiriya'),(1503,'Elamulla'),(1504,'Ginigathena'),(1505,'Gonakele'),(1506,'Haggala'),(1507,'Halgranoya'),(1508,'Hangarapitiya'),(1509,'Hapugasthalawa'),(1510,'Harasbedda'),(1511,'Hatton'),(1512,'Hewaheta'),(1513,'Hitigegama'),(1514,'Jangulla'),(1515,'Kalaganwatta'),(1516,'Kandapola'),(1517,'Karandagolla'),(1518,'Keerthi Bandarapura'),(1519,'Kiribathkumbura'),(1520,'Kotiyagala'),(1521,'Kotmale'),(1522,'Kottellena'),(1523,'Kumbalgamuwa'),(1524,'Kumbukwela'),(1525,'Kurupanawela'),(1526,'Labukele'),(1527,'Laxapana'),(1528,'Lindula'),(1529,'Madulla'),(1530,'Mandaram Nuwara'),(1531,'Maskeliya'),(1532,'Maswela'),(1533,'Maturata'),(1534,'Mipanawa'),(1535,'Mipilimana'),(1536,'Morahenagama'),(1537,'Munwatta'),(1538,'Nayapana Janapadaya'),(1539,'Nildandahinna'),(1540,'Nissanka Uyana'),(1541,'Norwood'),(1542,'Nuwara Eliya'),(1543,'Padiyapelella'),(1544,'Pallebowala'),(1545,'Panvila'),(1546,'Pitawala'),(1547,'Pundaluoya'),(1548,'Ramboda'),(1549,'Rikillagaskada'),(1550,'Rozella'),(1551,'Rupaha'),(1552,'Ruwaneliya'),(1553,'Santhipura'),(1554,'Talawakele'),(1555,'Tawalantenna'),(1556,'Teripeha'),(1557,'Udamadura'),(1558,'Udapussallawa'),(1559,'Uva Deegalla'),(1560,'Uva Uduwara'),(1561,'Uvaparanagama'),(1562,'Walapane'),(1563,'Watawala'),(1564,'Widulipura'),(1565,'Wijebahukanda'),(1566,'Attanakadawala'),(1567,'Bakamuna'),(1568,'Diyabeduma'),(1569,'Elahera'),(1570,'Giritale'),(1571,'Hingurakdamana'),(1572,'Hingurakgoda'),(1573,'Jayanthipura'),(1574,'Kalingaela'),(1575,'Lakshauyana'),(1576,'Mankemi'),(1577,'Minneriya'),(1578,'Onegama'),(1579,'Orubendi Siyambalawa'),(1580,'Palugasdamana'),(1581,'Panichankemi'),(1582,'Polonnaruwa'),(1583,'Talpotha'),(1584,'Tambala'),(1585,'Unagalavehera'),(1586,'Wijayabapura'),(1587,'Adippala'),(1588,'Alutgama'),(1589,'Alutwewa'),(1590,'Ambakandawila'),(1591,'Anamaduwa'),(1592,'Andigama'),(1593,'Angunawila'),(1594,'Attawilluwa'),(1595,'Bangadeniya'),(1596,'Baranankattuwa'),(1597,'Battuluoya'),(1598,'Bujjampola'),(1599,'Chilaw'),(1600,'Dalukana'),(1601,'Dankotuwa'),(1602,'Dewagala'),(1603,'Dummalasuriya'),(1604,'Dunkannawa'),(1605,'Eluwankulama'),(1606,'Ettale'),(1607,'Galamuna'),(1608,'Galmuruwa'),(1609,'Hansayapalama'),(1610,'Ihala Kottaramulla'),(1611,'Ilippadeniya'),(1612,'Inginimitiya'),(1613,'Ismailpuram'),(1614,'Jayasiripura'),(1615,'Kakkapalliya'),(1616,'Kalkudah'),(1617,'Kalladiya'),(1618,'Kandakuliya'),(1619,'Karathivu'),(1620,'Karawitagara'),(1621,'Karuwalagaswewa'),(1622,'Katuneriya'),(1623,'Koswatta'),(1624,'Kottantivu'),(1625,'Kottapitiya'),(1626,'Kottukachchiya'),(1627,'Kumarakattuwa'),(1628,'Kurinjanpitiya'),(1629,'Kuruketiyawa'),(1630,'Lunuwila'),(1631,'Madampe'),(1632,'Madurankuliya'),(1633,'Mahakumbukkadawala'),(1634,'Mahauswewa'),(1635,'Mampitiya'),(1636,'Mampuri'),(1637,'Mangalaeliya'),(1638,'Marawila'),(1639,'Mudalakkuliya'),(1640,'Mugunuwatawana'),(1641,'Mukkutoduwawa'),(1642,'Mundel'),(1643,'Muttibendiwila'),(1644,'Nainamadama'),(1645,'Nalladarankattuwa'),(1646,'Nattandiya'),(1647,'Nawagattegama'),(1648,'Nelumwewa'),(1649,'Norachcholai'),(1650,'Pallama'),(1651,'Palliwasalturai'),(1652,'Panirendawa'),(1653,'Parakramasamudraya'),(1654,'Pothuwatawana'),(1655,'Puttalam'),(1656,'Puttalam Cement Factory'),(1657,'Rajakadaluwa'),(1658,'Saliyawewa Junction'),(1659,'Serukele'),(1660,'Siyambalagashene'),(1661,'Tabbowa'),(1662,'Talawila Church'),(1663,'Toduwawa'),(1664,'Udappuwa'),(1665,'Uridyawa'),(1666,'Vanathawilluwa'),(1667,'Waikkal'),(1668,'Watugahamulla'),(1669,'Wennappuwa'),(1670,'Wijeyakatupotha'),(1671,'Wilpotha'),(1672,'Yodaela'),(1673,'Yogiyana'),(1674,'Akarella'),(1675,'Amunumulla'),(1676,'Atakalanpanna'),(1677,'Ayagama'),(1678,'Balangoda'),(1679,'Batatota'),(1680,'Beralapanathara'),(1681,'Bogahakumbura'),(1682,'Bolthumbe'),(1683,'Bomluwageaina'),(1684,'Bowalagama'),(1685,'Bulutota'),(1686,'Dambuluwana'),(1687,'Daugala'),(1688,'Dela'),(1689,'Delwala'),(1690,'Dodampe'),(1691,'Doloswalakanda'),(1692,'Dumbara Manana'),(1693,'Eheliyagoda'),(1694,'Ekamutugama'),(1695,'Elapatha'),(1696,'Ellagawa'),(1697,'Ellaulla'),(1698,'Ellawala'),(1699,'Embilipitiya'),(1700,'Eratna'),(1701,'Erepola'),(1702,'Gabbela'),(1703,'Gangeyaya'),(1704,'Gawaragiriya'),(1705,'Gillimale'),(1706,'Godakawela'),(1707,'Gurubewilagama'),(1708,'Halwinna'),(1709,'Handagiriya'),(1710,'Hatangala'),(1711,'Hatarabage'),(1712,'Hewanakumbura'),(1713,'Hidellana'),(1714,'Hiramadagama'),(1715,'Horewelagoda'),(1716,'Ittakanda'),(1717,'Kahangama'),(1718,'Kahawatta'),(1719,'Kalawana'),(1720,'Kaltota'),(1721,'Kalubululanda'),(1722,'Kananke Bazaar'),(1723,'Kandepuhulpola'),(1724,'Karandana'),(1725,'Karangoda'),(1726,'Kella Junction'),(1727,'Keppetipola'),(1728,'Kiriella'),(1729,'Kiriibbanwewa'),(1730,'Kolambage Ara'),(1731,'Kolombugama'),(1732,'Kolonna'),(1733,'Kudawa'),(1734,'Kuruwita'),(1735,'Lellopitiya'),(1736,'Imaduwa'),(1737,'Imbulpe'),(1738,'Mahagama Colony'),(1739,'Mahawalatenna'),(1740,'Makandura'),(1741,'Malwala Junction'),(1742,'Malwatta'),(1743,'Matuwagalagama'),(1744,'Medagalature'),(1745,'Meddekanda'),(1746,'Minipura Dumbara'),(1747,'Mitipola'),(1748,'Moragala Kirillapone'),(1749,'Morahela'),(1750,'Mulendiyawala'),(1751,'Mulgama'),(1752,'Nawalakanda'),(1753,'Nawinnapinnakanda'),(1754,'Niralagama'),(1755,'Nivitigala'),(1756,'Omalpe'),(1757,'Opanayaka'),(1758,'Padalangala'),(1759,'Pallebedda'),(1760,'Pallekanda'),(1761,'Pambagolla'),(1762,'Panamura'),(1763,'Panapola'),(1764,'Paragala'),(1765,'Parakaduwa'),(1766,'Pebotuwa'),(1767,'Pelmadulla'),(1768,'Pinnawala'),(1769,'Pothdeniya'),(1770,'Rajawaka'),(1771,'Ranwala'),(1772,'Rassagala'),(1773,'Rathgama'),(1774,'Ratna Hangamuwa'),(1775,'Ratnapura'),(1776,'Sewanagala'),(1777,'Sri Palabaddala'),(1778,'Sudagala'),(1779,'Thalakolahinna'),(1780,'Thanjantenna'),(1781,'Theppanawa'),(1782,'Thunkama'),(1783,'Udakarawita'),(1784,'Udaniriella'),(1785,'Udawalawe'),(1786,'Ullinduwawa'),(1787,'Veddagala'),(1788,'Vijeriya'),(1789,'Waleboda'),(1790,'Watapotha'),(1791,'Waturawa'),(1792,'Weligepola'),(1793,'Welipathayaya'),(1794,'Wikiliya'),(1795,'Agbopura'),(1796,'Buckmigama'),(1797,'China Bay'),(1798,'Dehiwatte'),(1799,'Echchilampattai'),(1800,'Galmetiyawa'),(1801,'Gomarankadawala'),(1802,'Kaddaiparichchan'),(1803,'Kallar'),(1804,'Kanniya'),(1805,'Kantalai'),(1806,'Kantalai Sugar Factory'),(1807,'Kiliveddy'),(1808,'Kinniya'),(1809,'Kuchchaveli'),(1810,'Kumburupiddy'),(1811,'Kurinchakemy'),(1812,'Lankapatuna'),(1813,'Mahadivulwewa'),(1814,'Maharugiramam'),(1815,'Mallikativu'),(1816,'Mawadichenai'),(1817,'Mullipothana'),(1818,'Mutur'),(1819,'Neelapola'),(1820,'Nilaveli'),(1821,'Pankulam'),(1822,'Pulmoddai'),(1823,'Rottawewa'),(1824,'Sampaltivu'),(1825,'Sampoor'),(1826,'Serunuwara'),(1827,'Seruwila'),(1828,'Sirajnagar'),(1829,'Somapura'),(1830,'Tampalakamam'),(1831,'Thuraineelavanai'),(1832,'Tiriyayi'),(1833,'Toppur'),(1834,'Trincomalee'),(1835,'Wanela'),(1836,'Vavuniya'),(1837,'Colombo 1'),(1838,'Colombo 3'),(1839,'Colombo 4'),(1840,'Colombo 5'),(1841,'Colombo 7'),(1842,'Colombo 9'),(1843,'Colombo 10'),(1844,'Colombo 11'),(1845,'Colombo 12'),(1846,'Colombo 14'),(1847,'Kottawa'),(1848,'Rajagiriya'),(1849,'Nawala'),(1850,'International'),(1851,'Wellawatta'),(1852,'Colombo'),(1853,'Etanwela'),(1854,'Tangalle'),(1855,'Ettukala');
/*!40000 ALTER TABLE `city` ENABLE KEYS */;
UNLOCK TABLES;

--
-- Table structure for table `hotel`
--

DROP TABLE IF EXISTS `hotel`;
/*!40101 SET @saved_cs_client     = @@character_set_client */;
/*!50503 SET character_set_client = utf8mb4 */;
CREATE TABLE `hotel` (
  `id` int NOT NULL AUTO_INCREMENT,
  `city_id` int NOT NULL,
  `hotel_name` varchar(100) NOT NULL,
  `hotel_price` varchar(1000) CHARACTER SET utf8mb3 COLLATE utf8mb3_general_ci DEFAULT NULL,
  `hotel_review_count` varchar(1000) CHARACTER SET utf8mb3 COLLATE utf8mb3_general_ci DEFAULT NULL,
  `hotel_address` varchar(1000) CHARACTER SET utf8mb3 COLLATE utf8mb3_general_ci DEFAULT NULL,
  `hotel_contact` varchar(100) CHARACTER SET utf8mb3 COLLATE utf8mb3_general_ci DEFAULT NULL,
  `hotel_description` varchar(10000) CHARACTER SET utf8mb3 COLLATE utf8mb3_general_ci DEFAULT NULL,
  `hotel_website` varchar(1000) CHARACTER SET utf8mb3 COLLATE utf8mb3_general_ci DEFAULT NULL,
  `hotel_class` varchar(100) CHARACTER SET utf8mb3 COLLATE utf8mb3_general_ci DEFAULT NULL,
  `hotel_geocode_lat` varchar(1000) NOT NULL,
  `hotel_geocode_lon` varchar(1000) NOT NULL,
  `source` varchar(1000) CHARACTER SET utf8mb3 COLLATE utf8mb3_general_ci NOT NULL,
  PRIMARY KEY (`id`),
  KEY `city_id` (`city_id`),
  CONSTRAINT `FK_CITY_ID` FOREIGN KEY (`city_id`) REFERENCES `city` (`id`)
) ENGINE=InnoDB AUTO_INCREMENT=35 DEFAULT CHARSET=utf8mb3;
/*!40101 SET character_set_client = @saved_cs_client */;

--
-- Dumping data for table `hotel`
--

LOCK TABLES `hotel` WRITE;
/*!40000 ALTER TABLE `hotel` DISABLE KEYS */;
INSERT INTO `hotel` VALUES (2,1852,'Cinnamon Grand Colombo','34,751','11,965','77 Galle Road, Colombo 00300 Sri Lanka',NULL,'Just 35 kilometers from the Bandaranaike International Airport (BIA), luxurious Cinnamon Grand Colombo is located in the heart of Colombo City’s business, shopping and entertainment center. Elegantly designed, spacious rooms at the Cinnamon Grand offer a wide range of in-room amenities, king size beds, and a pillow menu to ensure your comfort and pleasure. All rooms feature carefully attended-to bathrooms and toiletries, large flat screen TVs, a mini bar, and WiFi access. The hotel’s 14 restaurants provide an electric mix of international cuisines, including award-winning Sri Lankan seafood at the Lagoon Restaurant & Garden, and the best of European fine dining at the London Grill. To wind down, guests can patronize Cinnamon Grand’s poolside ‘Breeze Bar’ or typical British pub style ‘Cheers Pub,’ and enjoy a wide range of cocktails, beer and fresh juices. There are two gymnasiums, a spa retreat, a tennis court and two pools. Cinnamon Grand is also located right next to Colombo’s high end shopping mall, Crescat Boulevard. Cinnamon Grand Colombo is fully accessible and is an environmentally friendly property.Read more',NULL,'5.0','6.918336','79.848923','https://www.tripadvisor.com//Hotel_Review-g293962-d597086-Reviews-Cinnamon_Grand_Colombo-Colombo_Western_Province.html'),(3,548,'Hotel Goldi Sands','47,646','1,408','Lewis Place Ethukala, Negombo 11500 Sri Lanka',NULL,'Goldi Sands is a Tourist Hotel located right on the soft sandy beach amidst the swaying coconut palms of Negombo and only 15 minutes drive from the Bandaranaike International Airport.. Accommodation at Goldi Sands comprises a stunning array of 131 air-conditioned double rooms, which includes Deluxe Rooms, Standard rooms, Suites (Duplex), Junior Suites and Economy rooms. All rooms has a private balcony / terrace with a view of the Indian Ocean, except for the Economy rooms. Already a well known established property, Goldi Sands Hotel is famous for its constantly excellent service and attention to detail. What better to accompany our culinary delights than a bottle or two of the fine wine from our well-stocked wine cellar over a game of pool? Our cozy bar provides a wide variety from coolers and cocktails to lager and liquor. We warmly welcome you to Goldi Sands Hotel assuring you of our best services, personal attention and a memorable stay.Read more',NULL,'3.0','7.245350','79.841743','https://www.tripadvisor.com//Hotel_Review-g297897-d316666-Reviews-Hotel_Goldi_Sands-Negombo_Western_Province.html'),(4,408,'Hikka Tranz by Cinnamon','39,953','2,816','Galle Road, Hikkaduwa 80240 Sri Lanka',NULL,'112 Km away from the bustling city of Colombo and located on the Southern shoreline of Sri Lanka is the district which offers a 24-hour party on the beach. Hikka Tranz by Cinnamon Hikkaduwa, rated a four star is built along the golden sands, calls out to all those who enjoy island-life and beach-life with a promise to pamper its guests with the Southern Sri Lankan hospitality. In each room there is a spacious private balcony looking out to a view of the Golden Belt of the South Coast. 2 family suites, 4 corner suites, 4 deluxe rooms, 140 superior rooms. Air conditioned and equipped with a DVD player, 32\" LCD TV, WiFi, mini bar, safety deposit box, telephone with IDD, complimentary tea and coffee making facility, hair dryer and complimentary toiletries. Hotel facilities and services: a selection of dining venues, the main restaurant, specialty crab restaurant, pool restaurant and coffee shop. A lounge and pool bar that offers a wide array of local and international spirits, a roof-top spa facility, banquet hall and conference facility (300 to 500 pax). Moreover the hotel houses a freshwater swimming pool, PADI certified dive center and an excursion counter.Read more',NULL,'4.0','6.131358','80.100456','https://www.tripadvisor.com//Hotel_Review-g304134-d579245-Reviews-Hikka_Tranz_by_Cinnamon-Hikkaduwa_Galle_District_Southern_Province.html'),(5,1852,'The Kingsbury Hotel','32,573','3,709','48 Janadhipathi Mawatha Colombo 1, Colombo 00100 Sri Lanka',NULL,'Located in the capital city of Colombo, just 35 km away from the Bandaranaike International Airport, The Kingsbury Hotel is the most sought-after five-star hotel, ideal for both business and leisure travelers. With easy access to One Galle Face shopping mall, Colombo City Centre and walking distance to Galle Face Green, World Trade Centre and the Dutch Hospital Precinct, The Kingsbury Hotel in Colombo guarantees a luxurious and comfortable stay. The hotel boasts 229 spacious rooms and suites with panoramic ocean views and a host of restaurants and bars. The Honey Beach Club features the best DJ’s in town, the Tavern provides local favourites and Sky Lounge is the perfect rooftop bar for sundowners with friends. Dining options are endless as the Harbour Court features a range of international and local cuisine with one of the best buffets in town, The Ocean serves up the freshest platters of seafood, The Kings Steakbar offers rare curated boards of prime steak fit for royalty, Tenku serves the most genuine Japanese cuisine and sake while the resident Chinese Chefs at Yue Chuan showcase a range of Cantonese and Szechuan fare. Churros boasts mouth-watering pastries, desserts and high tea and The Kingsbury Indulgence portal delivers five-star cuisine to your doorstep.Read more',NULL,'5.0','6.932482','79.842201','https://www.tripadvisor.com//Hotel_Review-g293962-d3801214-Reviews-The_Kingsbury_Hotel-Colombo_Western_Province.html'),(6,1852,'ME Colombo','21,781','679','16 Park Road, Colombo 5 Sri Lanka',NULL,'ME Colombo is a design hotel in the heart of Colombo provides individual hotel experience with genuine Sri Lankan hospitality. Hotel is featuring 22 exquisite, modern guest rooms with timeless modern style, an ideal choice when looking for accommodation options with sumptuous comfort and spectacular views in Colombo city. Chic and stylish rooms are well-appointed with subtle elegance with an emphasis on comfort and great nights sleep. Each room has impeccably with every luxury and amenity in mind to ensure that every stay is a pure delight with Modern-day amenities. Complimentary Wi-Fi, LCD TV with satellite channels, tea/coffee making facilities, in-room safe and much more to ensure convenience and ease. The hotel’s hallmark is its groundbreaking décor, the work of acclaimed designer Mr Vinod Jayasinghe, a student of renowned legendary architect Late Geoffrey Bawa, who regarded as one of the most important and influential Asian architects of the twentieth century. He became the third architect to receive the chairman’s award in the eighth cycle of the Aga Khan Award for Architecture since the award inception. Come and see it for yourself: enjoy a welcoming and sophisticated setting, through various spaces representing a range of cultures to create a rapport with guests through the journey and experience of discovery. The 07-storey ME Colombo stands proudly on the border of Colombo city, offering breath-taking views of the Colombo skyline. Centrally located in Havelock city, the hotel is adjacent to baseline road and is just 10 minutes from the beach, with easy access to international Airport via the ExpressWay. For business travellers; Colombo’s city centre is just a 20-minutes taxi ride away. ME Colombo also offers meeting room facilities with modern facilities and a gym only for in-house guests. We have an excellent range of facilities for every type of traveller, and we’re always on hand to help. The award-winning restaurant and Bar onsite; MY Dining restaurant serving traditional and authentic cuisine and offering sustainable international dishes. The effortlessly stylish rooftop lounge MY Bar with swimming pool is perfect for coffee or cocktail and a heart-warming menu full of modern classics. The beautiful MY Dining Restaurant, with extensive architectural designs, serves one of Colombo’s most extensive breakfasts and an exquisite Afternoon Tea with a delightful MY Dining menu. ME Colombo is the place for a stylish dining experience, special occasion, a leisurely lunch, a fine high tea in Sri Lankan style or freshly ground coffee with croissant in comfort. We offer the tone, atmosphere and specially designed menus by our talented chefs to delight every appetite. We enjoy the liberty of being independent as it allows us to express our unique and genuine personality. Our well experienced and highly professional staff ensures to deliver an outstanding service to make every guest experience a delightfully memorable stay. At ME Colombo, every guest is a VIP.Read more',NULL,'3.5','6.885678','79.868233','https://www.tripadvisor.com//Hotel_Review-g293962-d13160059-Reviews-ME_Colombo-Colombo_Western_Province.html'),(7,1428,'Weligama Bay Marriott Resort & Spa','50,208','1,755','700 Matara Road Pelana, Matara 81700 Sri Lanka','0018446310595','Located on a beautiful beach front in Weligama, Sri Lanka, Weligama Bay Marriott Resort & Spa is a luxurious 5-star resort with direct beach access, 3 outdoor swimming pools and a premier spa. All rooms and suites come with stunning sea views, spacious balconies and luxurious amenities, along with high speed internet access across the hotel and a fun-filled and action packed Kids Club. For the fitness conscious we offer a state of the art, fully equipped Fitness Centre with personalized trainers. The property offers large indoor and outdoor event space of 4396 Sq. Meters which includes a pillar less grand Ballroom and a pre-function area. The resort makes for the perfect family get away and is also the ideal destination for a romantic weekend planned with loved ones. 5 specialty outlets, famous for authentic flavours and genuine Sri Lankan hospitality. The renowned Galle Fort and Mirissa are a 30-minute drive away from the property.Read more','/Commerce?p=Marriott_BA&src=183958917&geo=12553294&from=Hotel_Review&area=&slot=1&matchID=1&oos=0&cnt=1&silo=38059&bucket=934872&nrank=1&crank=1&clt=CLD&ttype=ContactLinkDesktop&tm=241331748&managed=false&capped=false&gosox=g3xMt9YCHBy3ZUg-YypssegjQviHlJQg6b-lnBPg98x_z9Z0XP9pjcZi3RyRnEOZhVOA0S4KA68pdG0JAAY6tsYYT9PtalOATXj4eSaKDvo&adults=2&child_rm_ages=&inDay=4&outDay=5&rooms=1&dated=true&inMonth=9&inYear=2022&outMonth=9&outYear=2022&def_d=true&bapid=1&cs=11141afe8465e8585f42b7f17a1bf6460&ba_uid=06189e7d-a5db-4692-96b3-cb7d52b00e36','5.0','5.973207','80.439598','https://www.tripadvisor.com//Hotel_Review-g612380-d12553294-Reviews-Weligama_Bay_Marriott_Resort_Spa-Weligama_Matara_Southern_Province.html'),(8,1852,'Marino Beach Colombo','23,525','1,108','590 Marine Drive Colombo 03, Colombo 00300 Sri Lanka',NULL,'Marino Beach Colombo, star classed hotel is located between the Galle Road and Colombo Plan Road more commonly known as Marine Drive. Hotel comprises Restaurants, Bars, Banquet Facilities, Fitness Centre. It also comprises an ‘Infinity Pool’ with a breath-taking view over the Indian Ocean and Jacuzzis to unwind yourself. Equipped with 289 spaciously comfortable rooms & Suites with views over the Indian Ocean and our 24/7 Housekeeping and Guest Service functions that are exceptionally standards driven which you are assured of best hotel experience.Adjoining Marino Mall gives you the latest entertainments and shopping experience in town for both families and individual travelers.Read more',NULL,'4.0','6.900073','79.851631','https://www.tripadvisor.com//Hotel_Review-g293962-d14106301-Reviews-Marino_Beach_Colombo-Colombo_Western_Province.html'),(9,379,'Hotel Riu Sri Lanka','51,401','2,539','Galle Road, Ahungalla 80562 Sri Lanka',NULL,'The RIU Sri Lanka opened in 2016 and offers a 24h All Inclusive service. The hotel is located in the south of Sri Lanka, directly on Ahungalla beach. The RIU Classic Hotels offer comfortable rooms and excellent facilities with great leisure and relaxation facilities, as well as international gastronomy. Enjoy a relaxing holiday - whether alone, with family, partner or friends! The location is ideal because of its proximity to Ahungalla (500 m), Benota (15 km) and 130 km away from the Colombo Int’l Airport (CMB). The hotel has 501 comfortably furnished rooms and offers many modern amenities. Relax in the spa area or get in shape at the gym. 3 outdoor pools, 1 children’s pool. RiuLand Kids Club (ages 4-7 & 8-12 years) and for adults, day and evening entertainment. For lovers of gastronomy, live cooking stations at our main restaurant. Asian and Italian specialty restaurants and 4 bars and “Pacha” discotheque.Read more','/Commerce?p=TABAIndependentHotels&src=137906824&geo=10039170&from=Hotel_Review&area=&slot=1&matchID=1&oos=0&cnt=1&silo=30356&bucket=895555&nrank=1&crank=1&clt=CLD&ttype=ContactLinkDesktop&tm=241331915&managed=false&capped=false&gosox=-IsRjQQ5mD0PaCVhKGGxp2hTE6Qe5YfmqfRSR91TZESeXKZHf5phHV4nr0qfitU2NGi9I6nuBPmXmunT2F7Y2XJTbz1xAFmOM68w8YyDdXE&adults=2&child_rm_ages=&inDay=4&outDay=5&rooms=1&dated=true&inMonth=9&inYear=2022&outMonth=9&outYear=2022&def_d=true&bapid=1&cs=1ae053aee3830cdd2dc113393a208c0fd&ba_uid=536f8c41-7533-4d7f-a216-de0bc12f6734','5.0','6.309913','80.033890','https://www.tripadvisor.com//Hotel_Review-g608521-d10039170-Reviews-Hotel_Riu_Sri_Lanka-Ahungalla_Galle_District_Southern_Province.html'),(10,1852,'Galle Face Hotel','29,225','2,841','2 Galle Road, Colombo 300 Sri Lanka',NULL,'Since its beginnings in 1864 The Galle Face Hotel has been part of Colombo heritage, catering to world travellers, the property stands as one of the most storied hotels in Asia. Oozing history from every pore, timeless traditions and character abounds in each of our 156 guestrooms, restored to reflect the Galle Face Hotel’s rich past. Many rooms offer spectacular sea views, some with private balcony, and all furnished in elegant colonial style décor. Whether a sophisticated afternoon tea at The Verandah or dinner at 1864 Restaurant, a Pimms on the Chequerboard or a Cuban experience at King of the Mambo, dining experiences are a ‘must do’ whilst in Colombo. A wedding day at the Grand Ballroom or Jubilee Ballroom makes for a truly memorable and occasion. Come and experience the magic of The Galle Face Hotel on your next visit to Sri Lanka.Read more',NULL,'4.0','6.920018','79.845970','https://www.tripadvisor.com//Hotel_Review-g293962-d2038179-Reviews-Galle_Face_Hotel-Colombo_Western_Province.html'),(11,400,'Radisson Blu Resort, Galle','47,138','1,924','523C Colombo Road, Galle 80280 Sri Lanka',NULL,'Your Own Private Paradise. What makes Radisson Blu Resort, Galle your own private paradise? We’re secluded in front of a vast rain forest on Sri Lanka’s southwest coast, with every room facing the dynamic Indian Ocean. It’s your ideal vantage point to drink in the incredible Sri Lankan sunsets from your own private balcony every evening. Adding some extra sparkle to your stay, we’re close to Galle Fort, a UNESCO World Heritage Site; Unawatuna Peace Pagoda, a Buddhist shrine built by Japanese monks; and Hikkaduwa National Park, a coral sanctuary where you can view marine turtles and exotic fish.Read more',NULL,'4.5','6.052036','80.181252','https://www.tripadvisor.com//Hotel_Review-g297896-d10954536-Reviews-Radisson_Blu_Resort_Galle-Galle_Galle_District_Southern_Province.html'),(12,1852,'Shangri-La Colombo','57,908','2,036','1 Galle Face Colombo 2, Colombo 00200 Sri Lanka','0117888288','Shangri-La Hotel, Colombo offers some of the finest accommodation in the country, inclusive of 541 luxurious rooms, suites, and serviced apartments, amazing restaurants, spa and health club and the largest event space catering to up to 2,000 guests. categoriesRead more','/Commerce?p=TABAIndependentHotels&src=188443659&geo=12720953&from=Hotel_Review&area=&slot=1&matchID=1&oos=0&cnt=1&silo=30356&bucket=940655&nrank=1&crank=1&clt=CLD&ttype=ContactLinkDesktop&tm=241334036&managed=false&capped=false&gosox=WkIVGCXfj0ltAuWPLECBNxvPn_TbWirVVe1AiqTfyglsWgylUIBxZDjlRUPF44N2tTBJMWLqDYB4ZNe5zmZDb907Zm7u0dkpJmhAIe24TEMWX7jgvRcM_rXYtJBNyBv-&adults=2&child_rm_ages=&inDay=4&outDay=5&rooms=1&dated=true&inMonth=9&inYear=2022&outMonth=9&outYear=2022&def_d=true&bapid=1&cs=1c056d6f06c51d3e34c1b21c9c84791cd&ba_uid=ebcc483b-fe58-49de-9592-0ce3cd0c5f42',NULL,'6.928065','79.844658','https://www.tripadvisor.com//Hotel_Review-g293962-d12720953-Reviews-Shangri_La_Colombo-Colombo_Western_Province.html'),(13,804,'Earl\'s Regent Hotel','25,534','1,466','40 / 1, Deveni Rajasinghe Mawatha, Kandy 020400 Sri Lanka',NULL,'Earl\'s Regent is aimed at local and foreign travelers who insist on staying in a hotel fit for royalty, just steps away from many of Kandy\'s most glittering attractions. The hotel\'s 87 elegantly-appointed Rooms providing the utmost in privacy and comfort.Read more',NULL,'4.0','7.283507','80.610641','https://www.tripadvisor.com//Hotel_Review-g304138-d5566703-Reviews-Earl_s_Regent_Hotel-Kandy_Kandy_District_Central_Province.html'),(14,1854,'Anantara Peace Haven Tangalle Resort','70,872','3,534','Goyambokka Estate., Tangalle 82200 Sri Lanka',NULL,'Hidden on a rocky outcrop along a secluded stretch of Sri Lanka\'s southernmost coastline, Anantara Peace Haven Tangalle Resort is set amidst a 42 acre coconut plantation and golden crescent beach, with glorious Indian Ocean views. Escape to this naturally exclusive hideaway for exotic beach life in a tranquil world of your own, or live out your explorer dreams, with easy access to iconic cultural sites and spectacular national parks, as well as the thrill of turtle and whale watching trips. Practice holistic exercises on the shore and explore the local area by bicycle or tuk-tuk. Relax in paradise at our tropical pool, a refreshing cocktail in hand. Little ones can play happily at the children\'s and teens\' club, leaving you free to indulge in sensual spa pampering and specialist treatments at the Ayurvedic and reflexology centres. Savour the charms and flavours of island life, partaking in the colonial tradition of high tea and creating authentic Sri Lankan cuisine in a master chef cooking class. For refined international tastes, delight in gourmet Italian dining on an ocean facing cliff top, Sri Lankan inspired teppanyaki beside the beach, private wine cellar degustation dinners and tailored Dining by Design occasions. Anantara Peace Haven Tangalle Resort has been recognised in Condé Nast Traveler US’s prestigious 2017 Hot List as one of the best new hotels in the world, as well as one of the hottest new openings in Sri Lanka. This is the fourth significant international award the resort has won since opening. The property has established itself as one of the leading resorts on the island to travellers both from abroad and locally. Due to this strong support, Anantara Tangalle has achieved significant international and local recognition, including in Condé Nast Traveler Readers’ Choice Awards in 2016, being named on DestinAsian magazine’s 2016 Luxe List and being awarded by Wine Spectator in 2016 for its Il Mare restaurant.Read more','/Commerce?p=TABAIndependentHotels&src=0&geo=8116054&from=Hotel_Review&area=&slot=1&matchID=1&oos=0&cnt=1&silo=30356&bucket=875171&ubucket=875171&nrank=1&crank=1&clt=CLD&tm=241336944&managed=false&capped=false&gosox=5_3Y6UYwwGjgw_c7hEwIkRSeaeQ5TeBhI2Ebj7ttE1srsfFRPJQQyQEuD312WCcAOiK4gVkmKC5VNHBmkshM9w&adults=2&child_rm_ages=&inDay=4&outDay=5&rooms=1&inMonth=9&inYear=2022&outMonth=9&outYear=2022&def_d=true&bapid=1&cs=134fe7bb8c54051af58d52eb1ed345211&ba_uid=939a28f9-19f5-47eb-9d09-b64ecbe92eb3','5.0','6.011357','80.782104','https://www.tripadvisor.com//Hotel_Review-g304142-d8116054-Reviews-Anantara_Peace_Haven_Tangalle_Resort-Tangalle_Southern_Province.html'),(15,743,'The Blue Water','54,239','2,210','Thalpitiya, Wadduwa 12560 Sri Lanka',NULL,'Finding an ideal family-friendly hotel in Wadduwa does not have to be difficult. Welcome to The Blue Water, a nice option for travelers like you.Rooms at Blue Water Hotel offer a flat screen TV, air conditioning, and a minibar providing exceptional comfort and convenience, and guests can go online with free wifi.A 24 hour front desk, a concierge, and room service are some of the conveniences offered at this hotel. A pool and breakfast will also help to make your stay even more special. If you are driving to Blue Water Sri Lanka, free parking is available.While staying in Wadduwa, you can get some delicious crab at Janirest, which is a short distance from Blue Water Sri Lanka.The Blue Water puts the best of Wadduwa at your fingertips, making your stay both relaxing and enjoyable.Read more',NULL,NULL,'6.678198','79.920113','https://www.tripadvisor.com//Hotel_Review-g499081-d586453-Reviews-The_Blue_Water-Wadduwa_Western_Province.html'),(16,204,'Ella Mount View Guest Inn','14,456','186','Waterfall Road Kithalella, Ella 90090 Sri Lanka',NULL,'Ella Mount View Guest Inn is situated just 500 M away from Ella bus stand & railway station. Rooms have large private balconies with outside seating. You can spend leisurely time with scenic views of famous \"Ella Gap.\" We can offer delicious Sri Lankan home cooked foods.Read more',NULL,NULL,'6.871928','81.047585','https://www.tripadvisor.com//Hotel_Review-g616035-d6219644-Reviews-Ella_Mount_View_Guest_Inn-Ella_Uva_Province.html'),(17,449,'Agnus Unawatuna',NULL,'146','Bonavista Road Rumassala, Unawatuna 80000 Sri Lanka',NULL,'This luxury villa is located on top of the beautiful Rumassala mountain in Unwatuna. With breathtaking views of the city of Galle & the beautiful Indian Ocean . An hour away from Colombo, 10 mins from the Galle Highway exit or a 20 min ride from the Galle train station. There’s a roof top pool with panoramic views and a kitchen with an in house chef.Read more',NULL,'4.0','6.021891','80.241226','https://www.tripadvisor.com//Hotel_Review-g644047-d15138198-Reviews-Agnus_Unawatuna-Unawatuna_Galle_District_Southern_Province.html'),(18,804,'Fox Kandy by Fox Resorts',NULL,'104','No 125 Richmond Hill Ceylon & International Tea Blenders, Kandy 20000 Sri Lanka',NULL,'Built atop a cliff overlooking the beautiful hill capital of Sri Lanka, Fox Kandy by Fox Resorts offers picturesque views of the verdant hills and mountains that blanket the horizon. Our cosy private retreat promises a blissful escape from the excitement of city life. Perfectly positioned, the resort is a convenient base from which to explore the region’s famed attractions, such as the Temple of the Toooth, the Peradeniya Gardens and the Spice Gardens.Read more',NULL,'3.0','7.275278','80.626190','https://www.tripadvisor.com//Hotel_Review-g304138-d12099424-Reviews-Fox_Kandy_by_Fox_Resorts-Kandy_Kandy_District_Central_Province.html'),(19,1582,'Seyara Holiday Resort','3,484','327','Bendiwewa, Polonnaruwa 51000 Sri Lanka',NULL,'Finding an ideal family-friendly motel in Polonnaruwa does not have to be difficult. Welcome to Seyara Holiday Resort, a nice option for travelers like you.The rooms offer a flat screen TV, air conditioning, and a mosquito net, and getting online is possible, as free wifi is available, allowing you to rest and refresh with ease.Seyara Holiday Resort features baggage storage and newspaper. In addition, as a valued Seyara Holiday Resort guest, you can enjoy an outdoor pool and free breakfast that are available on-site. Guests arriving by vehicle have access to free parking.While staying at Seyara Holiday Resort, visitors can check out Gal Vihara (1.2 mi) and Gal-potha Stone Book (1.4 mi), some of Polonnaruwa\'s top attractions.If you are looking for a good Chinese restaurant, you may want to check out Ruins Chaaya or Sunrise And Akila Restaurant while staying at Seyara Holiday Resort.Should time allow, Polonnaruwa Archaeological Ruins, Lankathilaka Image House, and Kiri Vehera are some popular attractions that are within walking distance.Seyara Holiday Resort puts the best of Polonnaruwa at your fingertips, making your stay both relaxing and enjoyable.Read more',NULL,'3.0','7.962971','80.987007','https://www.tripadvisor.com//Hotel_Review-g304140-d3682523-Reviews-Seyara_Holiday_Resort-Polonnaruwa_North_Central_Province.html'),(20,1542,'Oak Ray','23,553','477','Unique View road, Nuwara Eliya 22200 Sri Lanka',NULL,'Looking for a place to stay in Nuwara Eliya? Then look no further than Oak Ray Summer Hill Breeze, a family-friendly hotel that brings the best of Nuwara Eliya to your doorstep.Rooms at Oak Ray Summer Hill Breeze offer a flat screen TV.During your stay, take advantage of some of the amenities offered, including room service. Guests of Oak Ray Summer Hill Breeze are also welcome to enjoy free breakfast, located on site. For travelers arriving by car, free parking is available.While staying at Oak Ray Summer Hill Breeze, visitors can check out International Buddhist Centre (1.2 mi) and Pedro Tea Factory (2.4 mi), some of Nuwara Eliya\'s top attractions.If you’re looking for a cafe, consider a visit to Coffee Bar, Edinburgh TEA TRAIN, or Tea Lounge, which are all conveniently located a short distance from Oak Ray Summer Hill Breeze.During your visit, be sure to check out popular attractions like Shri Bhakta Hanuman Temple (1.0 mi), Hakgala Botanic Gardens (1.2 mi), and Victoria Park of Nuwara Eliya (1.0 mi), which are all within walking distance of the hotel.We’re sure you’ll enjoy your stay at Oak Ray Summer Hill Breeze as you experience everything Nuwara Eliya has to offer.Read more',NULL,'3.0','6.962800','80.761948','https://www.tripadvisor.com//Hotel_Review-g608524-d12958120-Reviews-Oak_Ray-Nuwara_Eliya_Central_Province.html'),(21,1852,'Cinnamon Red Colombo','23,525','3,175','59 Ananda Coomaraswamy Mawatha, Colombo 00300 Sri Lanka',NULL,'Between black and white, find Cinnamon Red. Our central location, luxury sleep experience & staff inspire the mind and enliven the spirit. There need no longer be a tussle between head & heart! Our modern, youthful and lean living concept provides a value for money product & service which fulfills your \'work and play\' needs. Enjoy an experience like none other with less fuss and more independence.Read more',NULL,'3.0','6.912136','79.855316','https://www.tripadvisor.com//Hotel_Review-g293962-d6912248-Reviews-Cinnamon_Red_Colombo-Colombo_Western_Province.html'),(22,204,'Ella Planters Bungalow','36,102','445','10 Mile Post, Uva Karandagolla, Ella 90090 Sri Lanka',NULL,'A unique location where you can relax, in true hill-country style bungalow and Eco friendly colonial style boutique hotel. The climate is rated as one of the best in Sri Lanka - cool evenings and warm days offer a respite from the heat of the coastal resorts and is enjoyed by many Sri Lankans as well as foreign visitors. We are high up here at 1000 meters surrounded by the vast panoramas of the Ella Gap. Karandagolla is slightly lower down than the cooler tea gardens of Badulla giving us a more tropical air and richer variety of exotic plants and fauna. There is much wild country to explore on foot. \"Cooking course in our own kitchen\" Many and varied excursions can be arranged. The more active may engage with nature by climbing Little Adams Peak or visiting our local organic tea plantation. Alternatively you can just chill out and enjoy the fine food and comfort of the \'Bungalow\', sip chilled drinks on the verandah of an evening, stroll in the grounds or slump in a hammock!Read more',NULL,'3.5','6.832464','81.075249','https://www.tripadvisor.com//Hotel_Review-g616035-d1987773-Reviews-Ella_Planters_Bungalow-Ella_Uva_Province.html'),(23,393,'EKHO Surf','14,115','1,357','Beach Road, Bentota 80500 Sri Lanka',NULL,'EKHO Surf, the beach resort on the “golden mile” of Bentota is among the best resorts anywhere on the coast. Whether it\'s roving around on the pristine beach or experiencing the rush of adventure water sports EKHO Surf creates the perfect space to keep you and your loved ones entertained. The property brings together golden sunsets, soft sand and sprawling lawn—A tropical beach side resort with secluded privacy, EKHO Surf is the perfect beach getaway. The stylishly designed 26 deluxe rooms, 71 superior rooms and the 3 suites with one offering a Jacuzzi and private balcony with a view of what is known to be the longest stretch of beach on the southwest coast, immerses one to a sublime state of serenity and tropical bliss. EKHO Surf Bentota has two restaurants. A seafood restaurant & Bar and a main restaurant serving multi-cuisine. In addition to that, the resident chef de cuisine at the property is ever ready to excite your taste buds with some delicious local flavours.Read more',NULL,'3.5','6.419997','79.996529','https://www.tripadvisor.com//Hotel_Review-g297895-d315672-Reviews-EKHO_Surf-Bentota_Galle_District_Southern_Province.html'),(24,746,'Citrus Waskaduwa','21,413','1,708','No. 427 Samanthara Road, Waskaduwa 12000 Sri Lanka',NULL,'Citrus Waskaduwa is a five star 150 roomed resort managed by Sri Lanka\'s fastest growing leisure company, Citrus Leisure PLC.Read more',NULL,'5.0','6.625113','79.941696','https://www.tripadvisor.com//Hotel_Review-g12162863-d6026969-Reviews-Citrus_Waskaduwa-Waskaduwa_Western_Province.html'),(25,525,'Jetwing Sea','31,350','2,100','Palangaturai, Kochchikade, Negombo 11500 Sri Lanka',NULL,'With the beach at your doorstep, Jetwing Sea offers an idyllic coastal retreat along the soft golden sands of Negombo and makes for an enchanting holiday home where one can work, play and fall in love. Enjoy exotic seafood, plan a sunset wedding, or unwind at the rooftop spa, serenaded by the sounds of the Indian Ocean. This enchanting property is a peaceful retreat equipped with modern essentials to complement your lifestyle. With a number of luxurious facilities such as a purpose-built conference hall, two swimming pools, and an opulent rooftop spa, Jetwing Sea blends the finest of tropical luxury with traditional Sri Lankan hospitality on the buzzing beach strip of Negombo.Read more',NULL,'4.0','7.251551','79.842094','https://www.tripadvisor.com//Hotel_Review-g2269230-d316667-Reviews-Jetwing_Sea-Kochchikade_Negombo_Western_Province.html'),(26,1852,'Mandarina Colombo','21,488','722','433 Galle Road Colombo 03, Colombo 00300 Sri Lanka',NULL,'Strategically located in Colombo and only 1.5 km from the U.S Embassy and 5 min walk from the British Council, Mandarina Colombo offers modern and comfortable accommodation with free WiFi access throughout the property. It features a rooftop infinity outdoor pool and provides complimentary parking on site. The hotel is just a 10-minute walk from Majestic City, Majestic Cinema, Barefoot Gallery, Casino Marina Colombo, Bellagio Colombo and 1.5km from Sri Lanka National Museum. The Colombo Town Hall is about 1.2 km away, while a 2 minute walk to the Durdan\'s Hospital, 2.9km from Asiri Surgical and 2.9km from Lanka Hospital. The Bandaranaike International Airport is accessible within a 1-hour drive. Fitted with carpet flooring, air-conditioned rooms include a wardrobe, in-room safe, a flat-screen satellite/cable TV and sofa seating area. Electric kettle and minibar are also provided. The en suite bathroom comes with towels, hairdryer, bathrobes, slippers and shower facility accompanied with free toiletries. Operating a 24-hour front desk, friendly staff at Mandarina Colombo can assist guests with car rental, currency exchange and laundry services. The in-house restaurant located on the 11th Floor (On The Eleventh) serves a selection of international dishes for guests to enjoy, while a coffee shop located on the ground floor (Cafe M) serves a selection of quick snacks with Tea/Coffee. Kollupitiya is a great choice for travelers interested in food, restaurants and shopping.Read more',NULL,'4.0','6.899820','79.853630','https://www.tripadvisor.com//Hotel_Review-g293962-d12002902-Reviews-Mandarina_Colombo-Colombo_Western_Province.html'),(27,408,'Citrus Hikkaduwa','27,467','1,667','400 Galle Road, Hikkaduwa 80240 Sri Lanka',NULL,'Miles of golden sands. Days spent lazing on the beach in the heart of Sri Lanka\'s Southern Coastal Belt, or exploring the ocean, diving shipwrecks, and snorkeling the reef. Poolside cocktails. Seaside lobster. Beach walks. Rainforest excursions. Friendly smiles and personalized service, whether you are a first-time guest or one of the many repeat visitors. We look forward to seeing you.Read more',NULL,'3.0','6.129445','80.102753','https://www.tripadvisor.com//Hotel_Review-g304134-d609883-Reviews-Citrus_Hikkaduwa-Hikkaduwa_Galle_District_Southern_Province.html'),(28,449,'Nooit Gedacht Heritage Hotel','8,469','490','182 Matara Road, Unawatuna 80600 Sri Lanka',NULL,'Nooit Gedacht Heritage Hotel, Also known as Nooit Gedacht Ayurveda Health Resort is a historical Colonial style villa built in 1735. It was once the country home of a Dutch governor name De jong and was later taken over by the British as a military logistic centre. It is just 10 minutes walk away from the Unawatuna beach & 5 Km from UNESCO world heritage site of Galle fort. Nestled at the foot of Rumassala mountain (referred as Sanjeewani Mountain in the epic of Ramayana ) Nooit Gedacht is situated in the middle of a palm garden full of natural flora & fauna & a lotus lake. The Governor\'s Restaurant at Nooit Gedacht serves an array of International and exotic local dishes by the pool or inside the mansion with stunning architecture. The Guests can also enjoy traditional Ayurveda treatments, Spa, yoga & meditation while they indulge them selves in the tranquility that this place has to offer. Nooit Gedacht...Your Home in the Sun, is a place with old world charm & modern comforts that you must not miss while you are in Unawatuna! Come & enjoy the beauty & simplicity this place has to offer. Please note there are NO branches of Nooit Gedacht Heritage Hotel in the vicinity.Read more',NULL,'3.0','6.014978','80.248055','https://www.tripadvisor.com//Hotel_Review-g644047-d2071544-Reviews-Nooit_Gedacht_Heritage_Hotel-Unawatuna_Galle_District_Southern_Province.html'),(29,1852,'Fairway Colombo','16,287','1,112','No. 07 Hospital Street, Colombo 00100 Sri Lanka',NULL,'Calmly nestled behind the popular Dutch Hospital shopping precinct & dining complex in the heart of Colombo and a stone\'s throw away from the iconic twin towers of the World Trade Center, Fairway Colombo Hotel offers the finest views and experiences on the very doorstep of the ever evolving cosmopolitan central business district in Colombo. From a swift and efficient paperless check in to the latest in room technology, we offer an unparalleled approach to intelligent comfort amidst sophistication & innovative design for discerning leisure travelers and business professionals alike. Each element of hospitality is meticulously considered for your comfort and we take pride in being the most forward thinking mid-range luxury hotel in the city. Breathing refined vibrancy into our stylish interiors, we are proud to display the artwork of one of Sri Lanka’s most renowned artists Anoma Wijewardene, her distinctive prismatic creations adorning our walls. These standout features have positioned Fairway Colombo as nothing less than the most sophisticated hotel in Colombo.Read more',NULL,'4.0','6.933903','79.844147','https://www.tripadvisor.com//Hotel_Review-g293962-d10750243-Reviews-Fairway_Colombo-Colombo_Western_Province.html'),(30,1852,'Cinnamon Lakeside Colombo','29,113','6,302','115 Sir Chittampalam A Gardiner Mawatha, Colombo 00200 Sri Lanka',NULL,'Ranked the Best Five Star City Hotel by Sri Lanka Tourism, Cinnamon Lakeside Colombo is the epitome of indulgence and elegance. Overlooking the tranquil Beira Lake, the hotel offers completely refurbished rooms. Its inimitable blend of luxury, personal attention, sincerity and warmth gives you the opportunity to operate at your own pace and in your own space, regardless of whether you are visiting for a business luncheon or dropping in for a quick coffee, planning your dream wedding or organising a conference, attending to important business or on a well-deserved vacation.Read more',NULL,'4.5','6.929096','79.849640','https://www.tripadvisor.com//Hotel_Review-g293962-d456049-Reviews-Cinnamon_Lakeside_Colombo-Colombo_Western_Province.html'),(31,1542,'The Grand Hotel','45,009','3,580','Grand Hotel Road, Nuwara Eliya 22200 Sri Lanka',NULL,'Grand Hotel, an Iconic Landmark of Sri Lanka situated in the high elms of Nuwara Eliya (known as \"Little England\" or \"Switzerland of the East\"), counts on a heritage exceeding 131 years. Enchanted with the tranquility and beauty of the salubrious climes of Nuwara Eliya, Sir Edward Barnes, Governor of Ceylon during the era from 1830 to 1850 built the Barnes Hall at his own expense, which now stands as the legendary \"Grand Hotel\" Whilst maintaining the British Colonial architecture, the Hotel has evolved to resonate palatial grandeur blended with exceptional hospitality that has surpassed the expectations of many a visitor.Read more',NULL,'4.0','6.968234','80.764931','https://www.tripadvisor.com//Hotel_Review-g608524-d579206-Reviews-The_Grand_Hotel-Nuwara_Eliya_Central_Province.html'),(32,393,'Avani Bentota Resort','53,654','2,318','Beach Road, Bentota 80500 Sri Lanka',NULL,'Get away to our Bentota hotel, beach haven. Soak up colonial charm in nearby Galle. Laze by the ocean as AVANI Bentota Resort & Spa combines contemporary style with sun-filled days on the southwest coast. Spice up your appetite with local flavours. Sail gently through the mangroves for a relaxing afternoon.Read more',NULL,'4.0','6.423151','79.996170','https://www.tripadvisor.com//Hotel_Review-g297895-d315668-Reviews-Avani_Bentota_Resort-Bentota_Galle_District_Southern_Province.html'),(33,694,'Royal Palms Beach Hotel','26,564','2,149','No. 236 Galle Road, Kalutara 12000 Sri Lanka',NULL,'Finding an ideal romantic hotel in Kalutara does not have to be difficult. Welcome to Royal Palms Beach Hotel, a nice option for travelers like you.Royal Palms Beach Hotel is a romantic hotel offering a flat screen TV, air conditioning, and a minibar in the rooms, and it is easy to stay connected during your stay as free internet access is offered to guests.The hotel features room service and a concierge. Plus, guests can enjoy a pool and an on-site restaurant, which have made this a popular choice among travelers visiting Kalutara. For guests with a vehicle, free parking is available.For those interested in checking out popular landmarks while visiting Kalutara, Royal Palms Beach Hotel is located a short distance from St. John\'s Church (1.4 mi) and Richmond Castle (1.9 mi).When you’re feeling hungry, be sure to check out Sea House Restaurant & Spa and Rusalka Restoran, which are some cafes that are popular with locals and out-of-towners alike.There is no shortage of things to do in the area: explore popular art galleries such as West Coast Tattoo Studio and Agni Wood Burning Art Handcraft.Royal Palms Beach Hotel puts the best of Kalutara at your fingertips, making your stay both relaxing and enjoyable.Read more',NULL,'5.0','6.610433','79.948326','https://www.tripadvisor.com//Hotel_Review-g304136-d315693-Reviews-Royal_Palms_Beach_Hotel-Kalutara_Western_Province.html'),(34,44,'Heritage Hotel Anuradhapura','15,364','1,104','Galwala Road Pothanegama, Anuradhapura 50000 Sri Lanka',NULL,'Heritage Hotel is the latest jewel in the crown that is Anuradhapura which is a UNESCO world heritage site. Heritage Hotel which opened its doors in 2009 is an ( 50 Rooms ) enchanting hotel situated in the heart of Anuradhapura. Because of the Hotel\'s Proximity to many historic sites Heritage Hotel is the Ideal launching pad to explore this great kingdom which lasted over 1400 years. This simple and elegant hotel is equipped with all amenities, a dedicated team and a comprehensive service concept to make it the most pleasurable place to stay in Anurdhapura.Read more',NULL,'3.0','8.327268','80.379158','https://www.tripadvisor.com//Hotel_Review-g304132-d1955662-Reviews-Heritage_Hotel_Anuradhapura-Anuradhapura_North_Central_Province.html');
/*!40000 ALTER TABLE `hotel` ENABLE KEYS */;
UNLOCK TABLES;

--
-- Table structure for table `hotel_feature`
--

DROP TABLE IF EXISTS `hotel_feature`;
/*!40101 SET @saved_cs_client     = @@character_set_client */;
/*!50503 SET character_set_client = utf8mb4 */;
CREATE TABLE `hotel_feature` (
  `id` int NOT NULL AUTO_INCREMENT,
  `hotel_id` int NOT NULL,
  `hotel_type_id` int NOT NULL,
  PRIMARY KEY (`id`),
  KEY `FK_HOTEL_ID_FEA` (`hotel_id`),
  KEY `FK_FEATURE_TYPE_ID_HOTEL` (`hotel_type_id`),
  CONSTRAINT `FK_FEATURE_TYPE_ID_HOTEL` FOREIGN KEY (`hotel_type_id`) REFERENCES `hotel_feature_type` (`id`),
  CONSTRAINT `FK_HOTEL_ID_FEA` FOREIGN KEY (`hotel_id`) REFERENCES `hotel` (`id`)
) ENGINE=InnoDB AUTO_INCREMENT=1979 DEFAULT CHARSET=utf8mb3;
/*!40101 SET character_set_client = @saved_cs_client */;

--
-- Dumping data for table `hotel_feature`
--

LOCK TABLES `hotel_feature` WRITE;
/*!40000 ALTER TABLE `hotel_feature` DISABLE KEYS */;
INSERT INTO `hotel_feature` VALUES (1,2,1),(2,2,2),(3,2,3),(4,2,4),(5,2,5),(6,2,6),(7,2,7),(8,2,8),(9,2,9),(10,2,10),(11,2,11),(12,2,12),(13,2,13),(14,2,14),(15,2,15),(16,2,16),(17,2,17),(18,2,18),(19,2,19),(20,2,20),(21,2,21),(22,2,22),(23,2,23),(24,2,24),(25,2,25),(26,2,26),(27,2,27),(28,2,28),(29,2,29),(30,2,30),(31,2,31),(32,2,32),(33,2,33),(34,2,34),(35,2,35),(36,2,36),(37,2,37),(38,2,38),(39,2,39),(40,2,40),(41,2,41),(42,2,42),(43,2,43),(44,2,44),(45,2,45),(46,2,46),(47,2,47),(48,2,48),(49,2,49),(50,2,50),(51,2,51),(52,2,52),(53,2,53),(54,2,54),(55,2,55),(56,2,56),(57,2,57),(58,2,58),(59,2,59),(60,2,60),(61,2,61),(62,2,62),(63,2,63),(64,2,64),(65,2,65),(66,2,66),(67,2,67),(68,2,68),(69,2,69),(70,2,70),(71,2,71),(72,2,72),(73,2,73),(74,2,74),(75,3,75),(76,3,2),(77,3,3),(78,3,5),(79,3,76),(80,3,28),(81,3,32),(82,3,33),(83,3,10),(84,3,77),(85,3,12),(86,3,16),(87,3,18),(88,3,23),(89,3,29),(90,3,30),(91,3,34),(92,3,35),(93,3,78),(94,3,39),(95,3,42),(96,3,43),(97,3,44),(98,3,45),(99,3,79),(100,3,80),(101,3,81),(102,3,82),(103,3,51),(104,3,53),(105,3,54),(106,3,55),(107,3,58),(108,3,83),(109,3,84),(110,3,60),(111,3,85),(112,3,63),(113,3,86),(114,3,87),(115,3,61),(116,3,65),(117,3,66),(118,3,88),(119,3,89),(120,3,90),(121,3,91),(122,3,92),(123,3,93),(124,3,64),(125,3,94),(126,3,95),(127,3,96),(128,3,97),(129,3,98),(130,3,99),(131,3,71),(132,3,72),(133,3,73),(134,4,75),(135,4,2),(136,4,3),(137,4,4),(138,4,5),(139,4,76),(140,4,6),(141,4,28),(142,4,100),(143,4,10),(144,4,77),(145,4,101),(146,4,12),(147,4,13),(148,4,16),(149,4,17),(150,4,18),(151,4,23),(152,4,7),(153,4,29),(154,4,30),(155,4,31),(156,4,32),(157,4,33),(158,4,34),(159,4,35),(160,4,37),(161,4,102),(162,4,38),(163,4,39),(164,4,42),(165,4,43),(166,4,44),(167,4,45),(168,4,81),(169,4,50),(170,4,51),(171,4,53),(172,4,54),(173,4,55),(174,4,58),(175,4,83),(176,4,61),(177,4,65),(178,4,66),(179,4,62),(180,4,64),(181,4,99),(182,4,71),(183,4,72),(184,4,73),(185,5,75),(186,5,2),(187,5,3),(188,5,4),(189,5,5),(190,5,76),(191,5,6),(192,5,8),(193,5,9),(194,5,10),(195,5,77),(196,5,101),(197,5,12),(198,5,13),(199,5,14),(200,5,15),(201,5,103),(202,5,16),(203,5,17),(204,5,18),(205,5,19),(206,5,104),(207,5,105),(208,5,20),(209,5,106),(210,5,21),(211,5,107),(212,5,23),(213,5,108),(214,5,7),(215,5,109),(216,5,110),(217,5,111),(218,5,112),(219,5,24),(220,5,113),(221,5,26),(222,5,27),(223,5,28),(224,5,29),(225,5,30),(226,5,31),(227,5,32),(228,5,33),(229,5,34),(230,5,114),(231,5,35),(232,5,36),(233,5,37),(234,5,102),(235,5,78),(236,5,115),(237,5,38),(238,5,116),(239,5,39),(240,5,117),(241,5,40),(242,5,41),(243,5,118),(244,5,42),(245,5,43),(246,5,44),(247,5,45),(248,5,46),(249,5,47),(250,5,119),(251,5,49),(252,5,50),(253,5,82),(254,5,51),(255,5,120),(256,5,53),(257,5,54),(258,5,55),(259,5,56),(260,5,57),(261,5,121),(262,5,58),(263,5,122),(264,5,84),(265,5,62),(266,5,86),(267,5,87),(268,5,59),(269,5,60),(270,5,65),(271,5,66),(272,5,89),(273,5,67),(274,5,90),(275,5,91),(276,5,68),(277,5,123),(278,5,69),(279,5,63),(280,5,93),(281,5,64),(282,5,94),(283,5,95),(284,5,96),(285,5,97),(286,5,98),(287,5,99),(288,5,124),(289,5,125),(290,5,70),(291,5,71),(292,5,72),(293,5,73),(294,5,74),(295,6,75),(296,6,2),(297,6,3),(298,6,4),(299,6,126),(300,6,7),(301,6,28),(302,6,31),(303,6,10),(304,6,127),(305,6,77),(306,6,128),(307,6,129),(308,6,101),(309,6,12),(310,6,5),(311,6,16),(312,6,17),(313,6,130),(314,6,108),(315,6,30),(316,6,34),(317,6,118),(318,6,42),(319,6,43),(320,6,44),(321,6,80),(322,6,50),(323,6,82),(324,6,51),(325,6,53),(326,6,54),(327,6,55),(328,6,58),(329,6,59),(330,6,65),(331,6,66),(332,6,64),(333,6,71),(334,6,72),(335,6,73),(336,7,75),(337,7,2),(338,7,3),(339,7,4),(340,7,5),(341,7,76),(342,7,8),(343,7,24),(344,7,9),(345,7,10),(346,7,127),(347,7,77),(348,7,101),(349,7,12),(350,7,13),(351,7,14),(352,7,16),(353,7,17),(354,7,18),(355,7,19),(356,7,130),(357,7,105),(358,7,20),(359,7,131),(360,7,21),(361,7,22),(362,7,23),(363,7,26),(364,7,27),(365,7,132),(366,7,28),(367,7,29),(368,7,30),(369,7,32),(370,7,33),(371,7,34),(372,7,35),(373,7,133),(374,7,36),(375,7,37),(376,7,102),(377,7,78),(378,7,38),(379,7,134),(380,7,39),(381,7,135),(382,7,41),(383,7,42),(384,7,43),(385,7,44),(386,7,45),(387,7,136),(388,7,48),(389,7,79),(390,7,81),(391,7,119),(392,7,50),(393,7,51),(394,7,120),(395,7,53),(396,7,54),(397,7,55),(398,7,56),(399,7,137),(400,7,121),(401,7,58),(402,7,84),(403,7,85),(404,7,86),(405,7,138),(406,7,95),(407,7,59),(408,7,60),(409,7,61),(410,7,65),(411,7,66),(412,7,139),(413,7,88),(414,7,67),(415,7,91),(416,7,68),(417,7,123),(418,7,69),(419,7,62),(420,7,63),(421,7,93),(422,7,64),(423,7,140),(424,7,94),(425,7,141),(426,7,96),(427,7,97),(428,7,98),(429,7,99),(430,7,71),(431,7,72),(432,7,74),(433,8,75),(434,8,2),(435,8,3),(436,8,4),(437,8,126),(438,8,8),(439,8,24),(440,8,28),(441,8,9),(442,8,10),(443,8,127),(444,8,77),(445,8,128),(446,8,129),(447,8,101),(448,8,12),(449,8,13),(450,8,5),(451,8,16),(452,8,17),(453,8,18),(454,8,23),(455,8,108),(456,8,26),(457,8,29),(458,8,30),(459,8,31),(460,8,32),(461,8,33),(462,8,34),(463,8,39),(464,8,118),(465,8,42),(466,8,43),(467,8,44),(468,8,45),(469,8,50),(470,8,82),(471,8,51),(472,8,53),(473,8,54),(474,8,55),(475,8,58),(476,8,65),(477,8,66),(478,8,67),(479,8,62),(480,8,64),(481,8,99),(482,8,71),(483,8,72),(484,8,73),(485,9,75),(486,9,142),(487,9,3),(488,9,4),(489,9,126),(490,9,76),(491,9,143),(492,9,24),(493,9,100),(494,9,10),(495,9,77),(496,9,128),(497,9,12),(498,9,13),(499,9,14),(500,9,5),(501,9,16),(502,9,17),(503,9,18),(504,9,105),(505,9,131),(506,9,21),(507,9,22),(508,9,23),(509,9,6),(510,9,7),(511,9,112),(512,9,26),(513,9,27),(514,9,132),(515,9,28),(516,9,29),(517,9,30),(518,9,35),(519,9,38),(520,9,39),(521,9,40),(522,9,41),(523,9,42),(524,9,43),(525,9,44),(526,9,45),(527,9,48),(528,9,79),(529,9,80),(530,9,81),(531,9,50),(532,9,51),(533,9,53),(534,9,54),(535,9,55),(536,9,58),(537,9,59),(538,9,61),(539,9,66),(540,9,67),(541,9,62),(542,9,63),(543,9,64),(544,9,91),(545,9,69),(546,9,99),(547,9,71),(548,9,72),(549,9,73),(550,10,75),(551,10,2),(552,10,3),(553,10,13),(554,10,5),(555,10,76),(556,10,28),(557,10,31),(558,10,9),(559,10,10),(560,10,77),(561,10,101),(562,10,12),(563,10,15),(564,10,16),(565,10,17),(566,10,18),(567,10,21),(568,10,23),(569,10,30),(570,10,32),(571,10,33),(572,10,34),(573,10,36),(574,10,37),(575,10,102),(576,10,78),(577,10,38),(578,10,39),(579,10,40),(580,10,42),(581,10,43),(582,10,44),(583,10,45),(584,10,47),(585,10,49),(586,10,50),(587,10,51),(588,10,53),(589,10,54),(590,10,55),(591,10,56),(592,10,58),(593,10,59),(594,10,61),(595,10,65),(596,10,66),(597,10,67),(598,10,64),(599,10,99),(600,10,70),(601,10,71),(602,10,72),(603,10,73),(604,11,75),(605,11,2),(606,11,3),(607,11,4),(608,11,126),(609,11,76),(610,11,6),(611,11,8),(612,11,144),(613,11,10),(614,11,77),(615,11,101),(616,11,12),(617,11,13),(618,11,5),(619,11,16),(620,11,17),(621,11,18),(622,11,130),(623,11,105),(624,11,21),(625,11,23),(626,11,108),(627,11,24),(628,11,26),(629,11,27),(630,11,28),(631,11,29),(632,11,30),(633,11,31),(634,11,32),(635,11,33),(636,11,34),(637,11,35),(638,11,36),(639,11,37),(640,11,78),(641,11,38),(642,11,39),(643,11,118),(644,11,42),(645,11,43),(646,11,44),(647,11,45),(648,11,79),(649,11,81),(650,11,50),(651,11,51),(652,11,53),(653,11,54),(654,11,55),(655,11,137),(656,11,58),(657,11,61),(658,11,65),(659,11,66),(660,11,62),(661,11,63),(662,11,64),(663,11,67),(664,11,99),(665,11,71),(666,11,72),(667,11,73),(668,12,144),(669,12,2),(670,12,3),(671,12,4),(672,12,5),(673,12,76),(674,12,7),(675,12,8),(676,12,10),(677,12,127),(678,12,77),(679,12,12),(680,12,13),(681,12,14),(682,12,15),(683,12,16),(684,12,17),(685,12,18),(686,12,19),(687,12,105),(688,12,20),(689,12,21),(690,12,23),(691,12,108),(692,12,24),(693,12,26),(694,12,28),(695,12,29),(696,12,30),(697,12,31),(698,12,32),(699,12,33),(700,12,34),(701,12,35),(702,12,37),(703,12,39),(704,12,40),(705,12,41),(706,12,118),(707,12,42),(708,12,43),(709,12,44),(710,12,45),(711,12,46),(712,12,47),(713,12,48),(714,12,119),(715,12,49),(716,12,50),(717,12,51),(718,12,52),(719,12,53),(720,12,54),(721,12,55),(722,12,56),(723,12,57),(724,12,137),(725,12,58),(726,12,122),(727,12,59),(728,12,61),(729,12,62),(730,12,64),(731,12,145),(732,12,65),(733,12,66),(734,12,67),(735,12,68),(736,12,146),(737,12,69),(738,12,99),(739,12,70),(740,12,71),(741,12,72),(742,12,73),(743,13,75),(744,13,2),(745,13,3),(746,13,4),(747,13,5),(748,13,29),(749,13,32),(750,13,33),(751,13,9),(752,13,10),(753,13,77),(754,13,12),(755,13,16),(756,13,17),(757,13,18),(758,13,20),(759,13,21),(760,13,23),(761,13,30),(762,13,34),(763,13,42),(764,13,43),(765,13,44),(766,13,45),(767,13,50),(768,13,51),(769,13,53),(770,13,54),(771,13,55),(772,13,58),(773,13,59),(774,13,61),(775,13,65),(776,13,62),(777,13,63),(778,13,64),(779,13,97),(780,13,66),(781,13,89),(782,13,67),(783,13,71),(784,13,73),(785,14,75),(786,14,2),(787,14,3),(788,14,4),(789,14,5),(790,14,76),(791,14,147),(792,14,24),(793,14,9),(794,14,10),(795,14,127),(796,14,77),(797,14,128),(798,14,101),(799,14,12),(800,14,148),(801,14,13),(802,14,14),(803,14,16),(804,14,17),(805,14,18),(806,14,19),(807,14,130),(808,14,21),(809,14,23),(810,14,149),(811,14,6),(812,14,26),(813,14,27),(814,14,28),(815,14,150),(816,14,29),(817,14,30),(818,14,31),(819,14,32),(820,14,33),(821,14,34),(822,14,35),(823,14,36),(824,14,37),(825,14,102),(826,14,78),(827,14,38),(828,14,39),(829,14,40),(830,14,42),(831,14,43),(832,14,44),(833,14,45),(834,14,79),(835,14,81),(836,14,49),(837,14,50),(838,14,51),(839,14,52),(840,14,53),(841,14,54),(842,14,55),(843,14,56),(844,14,57),(845,14,137),(846,14,58),(847,14,122),(848,14,59),(849,14,61),(850,14,62),(851,14,64),(852,14,121),(853,14,65),(854,14,66),(855,14,67),(856,14,146),(857,14,63),(858,14,99),(859,14,71),(860,14,72),(861,14,73),(862,15,75),(863,15,2),(864,15,3),(865,15,4),(866,15,126),(867,15,76),(868,15,151),(869,15,28),(870,15,10),(871,15,77),(872,15,101),(873,15,12),(874,15,13),(875,15,5),(876,15,16),(877,15,17),(878,15,18),(879,15,21),(880,15,23),(881,15,147),(882,15,152),(883,15,6),(884,15,7),(885,15,110),(886,15,29),(887,15,30),(888,15,31),(889,15,32),(890,15,33),(891,15,34),(892,15,35),(893,15,36),(894,15,37),(895,15,102),(896,15,78),(897,15,38),(898,15,39),(899,15,42),(900,15,43),(901,15,44),(902,15,45),(903,15,46),(904,15,47),(905,15,79),(906,15,81),(907,15,50),(908,15,51),(909,15,53),(910,15,54),(911,15,55),(912,15,58),(913,15,61),(914,15,65),(915,15,66),(916,15,67),(917,15,62),(918,15,64),(919,15,99),(920,15,70),(921,15,71),(922,15,72),(923,15,73),(924,16,75),(925,16,2),(926,16,126),(927,16,153),(928,16,43),(929,16,154),(930,16,51),(931,16,54),(932,16,10),(933,16,155),(934,16,136),(935,16,56),(936,16,59),(937,16,139),(938,16,156),(939,16,68),(940,16,69),(941,16,96),(942,16,97),(943,16,71),(944,17,75),(945,17,2),(946,17,3),(947,17,157),(948,17,126),(949,17,76),(950,17,158),(951,17,113),(952,17,159),(953,17,10),(954,17,77),(955,17,160),(956,17,128),(957,17,129),(958,17,101),(959,17,12),(960,17,5),(961,17,103),(962,17,16),(963,17,17),(964,17,19),(965,17,130),(966,17,161),(967,17,104),(968,17,106),(969,17,107),(970,17,23),(971,17,108),(972,17,162),(973,17,153),(974,17,163),(975,17,164),(976,17,165),(977,17,166),(978,17,167),(979,17,28),(980,17,30),(981,17,34),(982,17,35),(983,17,36),(984,17,37),(985,17,102),(986,17,78),(987,17,115),(988,17,38),(989,17,39),(990,17,117),(991,17,118),(992,17,42),(993,17,44),(994,17,136),(995,17,168),(996,17,169),(997,17,79),(998,17,80),(999,17,81),(1000,17,170),(1001,17,171),(1002,17,52),(1003,17,53),(1004,17,54),(1005,17,55),(1006,17,58),(1007,17,84),(1008,17,59),(1009,17,61),(1010,17,85),(1011,17,63),(1012,17,86),(1013,17,87),(1014,17,65),(1015,17,66),(1016,17,89),(1017,17,91),(1018,17,156),(1019,17,68),(1020,17,146),(1021,17,123),(1022,17,92),(1023,17,69),(1024,17,93),(1025,17,64),(1026,17,94),(1027,17,95),(1028,17,96),(1029,17,97),(1030,17,98),(1031,17,99),(1032,17,71),(1033,18,75),(1034,18,2),(1035,18,3),(1036,18,126),(1037,18,28),(1038,18,50),(1039,18,120),(1040,18,53),(1041,18,10),(1042,18,128),(1043,18,5),(1044,18,16),(1045,18,18),(1046,18,161),(1047,18,54),(1048,18,121),(1049,18,58),(1050,18,84),(1051,18,59),(1052,18,65),(1053,18,85),(1054,18,62),(1055,18,96),(1056,18,139),(1057,18,91),(1058,18,69),(1059,18,97),(1060,18,98),(1061,18,71),(1062,18,72),(1063,19,75),(1064,19,2),(1065,19,12),(1066,19,126),(1067,19,172),(1068,19,24),(1069,19,132),(1070,19,29),(1071,19,100),(1072,19,10),(1073,19,16),(1074,19,173),(1075,19,43),(1076,19,154),(1077,19,47),(1078,19,155),(1079,19,168),(1080,19,54),(1081,19,58),(1082,19,84),(1083,19,61),(1084,19,66),(1085,19,139),(1086,19,156),(1087,19,96),(1088,19,97),(1089,19,68),(1090,19,71),(1091,19,73),(1092,20,75),(1093,20,126),(1094,20,16),(1095,20,18),(1096,20,44),(1097,20,53),(1098,20,54),(1099,20,174),(1100,20,65),(1101,20,66),(1102,20,64),(1103,20,71),(1104,21,75),(1105,21,2),(1106,21,3),(1107,21,4),(1108,21,5),(1109,21,28),(1110,21,31),(1111,21,32),(1112,21,100),(1113,21,10),(1114,21,77),(1115,21,128),(1116,21,129),(1117,21,101),(1118,21,12),(1119,21,16),(1120,21,17),(1121,21,18),(1122,21,130),(1123,21,161),(1124,21,105),(1125,21,131),(1126,21,21),(1127,21,23),(1128,21,108),(1129,21,30),(1130,21,34),(1131,21,118),(1132,21,42),(1133,21,43),(1134,21,44),(1135,21,80),(1136,21,50),(1137,21,82),(1138,21,51),(1139,21,53),(1140,21,54),(1141,21,55),(1142,21,137),(1143,21,145),(1144,21,58),(1145,21,59),(1146,21,65),(1147,21,66),(1148,21,62),(1149,21,64),(1150,21,69),(1151,21,63),(1152,21,99),(1153,21,71),(1154,21,72),(1155,21,74),(1156,22,75),(1157,22,142),(1158,22,3),(1159,22,126),(1160,22,153),(1161,22,149),(1162,22,132),(1163,22,175),(1164,22,100),(1165,22,176),(1166,22,77),(1167,22,12),(1168,22,103),(1169,22,16),(1170,22,17),(1171,22,19),(1172,22,130),(1173,22,161),(1174,22,20),(1175,22,131),(1176,22,21),(1177,22,7),(1178,22,167),(1179,22,29),(1180,22,30),(1181,22,43),(1182,22,136),(1183,22,79),(1184,22,80),(1185,22,81),(1186,22,171),(1187,22,120),(1188,22,52),(1189,22,54),(1190,22,58),(1191,22,84),(1192,22,61),(1193,22,65),(1194,22,85),(1195,22,93),(1196,22,177),(1197,22,95),(1198,22,66),(1199,22,139),(1200,22,67),(1201,22,91),(1202,22,69),(1203,22,138),(1204,22,96),(1205,22,97),(1206,22,98),(1207,22,178),(1208,22,124),(1209,22,179),(1210,22,125),(1211,22,71),(1212,22,72),(1213,23,75),(1214,23,142),(1215,23,3),(1216,23,4),(1217,23,126),(1218,23,76),(1219,23,28),(1220,23,35),(1221,23,100),(1222,23,10),(1223,23,77),(1224,23,101),(1225,23,12),(1226,23,5),(1227,23,16),(1228,23,17),(1229,23,18),(1230,23,23),(1231,23,30),(1232,23,102),(1233,23,38),(1234,23,39),(1235,23,42),(1236,23,43),(1237,23,44),(1238,23,79),(1239,23,81),(1240,23,50),(1241,23,51),(1242,23,53),(1243,23,54),(1244,23,55),(1245,23,58),(1246,23,83),(1247,23,61),(1248,23,65),(1249,23,66),(1250,23,62),(1251,23,63),(1252,23,64),(1253,23,69),(1254,23,99),(1255,23,71),(1256,23,72),(1257,23,73),(1258,24,75),(1259,24,2),(1260,24,3),(1261,24,4),(1262,24,126),(1263,24,76),(1264,24,6),(1265,24,8),(1266,24,100),(1267,24,10),(1268,24,77),(1269,24,12),(1270,24,13),(1271,24,5),(1272,24,16),(1273,24,17),(1274,24,18),(1275,24,23),(1276,24,24),(1277,24,26),(1278,24,28),(1279,24,29),(1280,24,30),(1281,24,32),(1282,24,33),(1283,24,34),(1284,24,35),(1285,24,39),(1286,24,42),(1287,24,43),(1288,24,44),(1289,24,45),(1290,24,79),(1291,24,81),(1292,24,50),(1293,24,51),(1294,24,53),(1295,24,54),(1296,24,55),(1297,24,58),(1298,24,59),(1299,24,61),(1300,24,65),(1301,24,66),(1302,24,62),(1303,24,64),(1304,24,99),(1305,24,71),(1306,24,72),(1307,25,75),(1308,25,2),(1309,25,3),(1310,25,4),(1311,25,5),(1312,25,76),(1313,25,180),(1314,25,28),(1315,25,10),(1316,25,77),(1317,25,12),(1318,25,13),(1319,25,15),(1320,25,16),(1321,25,17),(1322,25,18),(1323,25,19),(1324,25,130),(1325,25,23),(1326,25,7),(1327,25,165),(1328,25,29),(1329,25,30),(1330,25,32),(1331,25,33),(1332,25,34),(1333,25,35),(1334,25,37),(1335,25,102),(1336,25,78),(1337,25,38),(1338,25,39),(1339,25,42),(1340,25,43),(1341,25,44),(1342,25,45),(1343,25,46),(1344,25,47),(1345,25,79),(1346,25,80),(1347,25,51),(1348,25,53),(1349,25,54),(1350,25,55),(1351,25,58),(1352,25,83),(1353,25,61),(1354,25,65),(1355,25,66),(1356,25,62),(1357,25,63),(1358,25,64),(1359,25,67),(1360,25,68),(1361,25,69),(1362,25,99),(1363,25,70),(1364,25,71),(1365,25,72),(1366,25,73),(1367,26,75),(1368,26,2),(1369,26,3),(1370,26,4),(1371,26,126),(1372,26,167),(1373,26,28),(1374,26,31),(1375,26,9),(1376,26,181),(1377,26,10),(1378,26,77),(1379,26,128),(1380,26,129),(1381,26,12),(1382,26,103),(1383,26,16),(1384,26,17),(1385,26,18),(1386,26,19),(1387,26,130),(1388,26,104),(1389,26,105),(1390,26,20),(1391,26,29),(1392,26,30),(1393,26,32),(1394,26,33),(1395,26,34),(1396,26,118),(1397,26,42),(1398,26,43),(1399,26,44),(1400,26,45),(1401,26,155),(1402,26,50),(1403,26,82),(1404,26,51),(1405,26,120),(1406,26,53),(1407,26,54),(1408,26,55),(1409,26,137),(1410,26,145),(1411,26,58),(1412,26,84),(1413,26,59),(1414,26,85),(1415,26,86),(1416,26,87),(1417,26,61),(1418,26,65),(1419,26,66),(1420,26,139),(1421,26,89),(1422,26,67),(1423,26,90),(1424,26,91),(1425,26,156),(1426,26,68),(1427,26,123),(1428,26,62),(1429,26,93),(1430,26,64),(1431,26,95),(1432,26,97),(1433,26,98),(1434,26,99),(1435,26,124),(1436,26,71),(1437,26,72),(1438,26,73),(1439,27,75),(1440,27,142),(1441,27,3),(1442,27,5),(1443,27,76),(1444,27,162),(1445,27,8),(1446,27,28),(1447,27,100),(1448,27,182),(1449,27,12),(1450,27,103),(1451,27,16),(1452,27,18),(1453,27,23),(1454,27,6),(1455,27,7),(1456,27,165),(1457,27,30),(1458,27,31),(1459,27,32),(1460,27,33),(1461,27,34),(1462,27,35),(1463,27,39),(1464,27,42),(1465,27,173),(1466,27,43),(1467,27,44),(1468,27,45),(1469,27,81),(1470,27,50),(1471,27,51),(1472,27,53),(1473,27,54),(1474,27,55),(1475,27,58),(1476,27,61),(1477,27,65),(1478,27,66),(1479,27,85),(1480,27,62),(1481,27,64),(1482,27,96),(1483,27,89),(1484,27,67),(1485,27,91),(1486,27,63),(1487,27,97),(1488,27,98),(1489,27,99),(1490,27,71),(1491,27,72),(1492,27,73),(1493,28,75),(1494,28,142),(1495,28,3),(1496,28,126),(1497,28,153),(1498,28,8),(1499,28,132),(1500,28,28),(1501,28,144),(1502,28,10),(1503,28,101),(1504,28,12),(1505,28,103),(1506,28,16),(1507,28,17),(1508,28,18),(1509,28,104),(1510,28,105),(1511,28,20),(1512,28,106),(1513,28,21),(1514,28,107),(1515,28,167),(1516,28,29),(1517,28,30),(1518,28,36),(1519,28,37),(1520,28,183),(1521,28,102),(1522,28,78),(1523,28,115),(1524,28,38),(1525,28,39),(1526,28,117),(1527,28,40),(1528,28,42),(1529,28,43),(1530,28,44),(1531,28,45),(1532,28,136),(1533,28,184),(1534,28,168),(1535,28,169),(1536,28,79),(1537,28,81),(1538,28,52),(1539,28,54),(1540,28,145),(1541,28,58),(1542,28,84),(1543,28,59),(1544,28,60),(1545,28,85),(1546,28,86),(1547,28,96),(1548,28,61),(1549,28,65),(1550,28,66),(1551,28,139),(1552,28,88),(1553,28,89),(1554,28,90),(1555,28,91),(1556,28,156),(1557,28,123),(1558,28,92),(1559,28,62),(1560,28,93),(1561,28,97),(1562,28,98),(1563,28,178),(1564,28,125),(1565,28,71),(1566,28,73),(1567,29,9),(1568,29,2),(1569,29,5),(1570,29,28),(1571,29,34),(1572,29,42),(1573,29,43),(1574,29,82),(1575,29,10),(1576,29,103),(1577,29,16),(1578,29,17),(1579,29,18),(1580,29,130),(1581,29,161),(1582,29,108),(1583,29,29),(1584,29,30),(1585,29,44),(1586,29,45),(1587,29,155),(1588,29,50),(1589,29,51),(1590,29,120),(1591,29,53),(1592,29,54),(1593,29,55),(1594,29,137),(1595,29,145),(1596,29,58),(1597,29,84),(1598,29,59),(1599,29,63),(1600,29,64),(1601,29,96),(1602,29,65),(1603,29,66),(1604,29,89),(1605,29,98),(1606,29,71),(1607,29,72),(1608,30,75),(1609,30,2),(1610,30,3),(1611,30,4),(1612,30,5),(1613,30,147),(1614,30,6),(1615,30,8),(1616,30,9),(1617,30,10),(1618,30,77),(1619,30,12),(1620,30,13),(1621,30,14),(1622,30,15),(1623,30,16),(1624,30,17),(1625,30,18),(1626,30,19),(1627,30,105),(1628,30,20),(1629,30,21),(1630,30,22),(1631,30,23),(1632,30,112),(1633,30,24),(1634,30,26),(1635,30,28),(1636,30,29),(1637,30,31),(1638,30,32),(1639,30,33),(1640,30,34),(1641,30,35),(1642,30,102),(1643,30,78),(1644,30,38),(1645,30,41),(1646,30,42),(1647,30,43),(1648,30,44),(1649,30,45),(1650,30,155),(1651,30,48),(1652,30,49),(1653,30,50),(1654,30,51),(1655,30,53),(1656,30,54),(1657,30,55),(1658,30,57),(1659,30,58),(1660,30,59),(1661,30,60),(1662,30,61),(1663,30,62),(1664,30,63),(1665,30,64),(1666,30,65),(1667,30,66),(1668,30,68),(1669,30,69),(1670,30,70),(1671,30,71),(1672,30,72),(1673,30,73),(1674,30,74),(1675,31,75),(1676,31,142),(1677,31,4),(1678,31,5),(1679,31,185),(1680,31,172),(1681,31,186),(1682,31,187),(1683,31,100),(1684,31,176),(1685,31,13),(1686,31,14),(1687,31,188),(1688,31,15),(1689,31,103),(1690,31,16),(1691,31,17),(1692,31,18),(1693,31,19),(1694,31,189),(1695,31,105),(1696,31,20),(1697,31,106),(1698,31,131),(1699,31,21),(1700,31,190),(1701,31,191),(1702,31,153),(1703,31,192),(1704,31,149),(1705,31,152),(1706,31,193),(1707,31,6),(1708,31,7),(1709,31,165),(1710,31,111),(1711,31,113),(1712,31,25),(1713,31,175),(1714,31,29),(1715,31,30),(1716,31,31),(1717,31,32),(1718,31,33),(1719,31,34),(1720,31,114),(1721,31,35),(1722,31,36),(1723,31,37),(1724,31,102),(1725,31,78),(1726,31,115),(1727,31,38),(1728,31,134),(1729,31,39),(1730,31,117),(1731,31,135),(1732,31,41),(1733,31,42),(1734,31,173),(1735,31,43),(1736,31,194),(1737,31,44),(1738,31,45),(1739,31,46),(1740,31,47),(1741,31,136),(1742,31,48),(1743,31,80),(1744,31,81),(1745,31,49),(1746,31,50),(1747,31,170),(1748,31,171),(1749,31,51),(1750,31,120),(1751,31,52),(1752,31,53),(1753,31,54),(1754,31,55),(1755,31,56),(1756,31,57),(1757,31,137),(1758,31,84),(1759,31,195),(1760,31,85),(1761,31,86),(1762,31,177),(1763,31,87),(1764,31,121),(1765,31,174),(1766,31,59),(1767,31,60),(1768,31,65),(1769,31,66),(1770,31,139),(1771,31,196),(1772,31,197),(1773,31,88),(1774,31,89),(1775,31,67),(1776,31,90),(1777,31,91),(1778,31,156),(1779,31,68),(1780,31,123),(1781,31,92),(1782,31,69),(1783,31,62),(1784,31,63),(1785,31,93),(1786,31,64),(1787,31,140),(1788,31,95),(1789,31,96),(1790,31,97),(1791,31,98),(1792,31,178),(1793,31,71),(1794,31,72),(1795,31,73),(1796,32,75),(1797,32,2),(1798,32,3),(1799,32,4),(1800,32,5),(1801,32,76),(1802,32,6),(1803,32,28),(1804,32,100),(1805,32,10),(1806,32,77),(1807,32,12),(1808,32,13),(1809,32,16),(1810,32,17),(1811,32,18),(1812,32,130),(1813,32,23),(1814,32,7),(1815,32,29),(1816,32,30),(1817,32,32),(1818,32,33),(1819,32,34),(1820,32,35),(1821,32,37),(1822,32,102),(1823,32,78),(1824,32,38),(1825,32,39),(1826,32,42),(1827,32,43),(1828,32,44),(1829,32,45),(1830,32,79),(1831,32,81),(1832,32,50),(1833,32,51),(1834,32,53),(1835,32,54),(1836,32,55),(1837,32,121),(1838,32,58),(1839,32,61),(1840,32,65),(1841,32,66),(1842,32,62),(1843,32,63),(1844,32,64),(1845,32,99),(1846,32,71),(1847,32,72),(1848,32,73),(1849,33,75),(1850,33,142),(1851,33,3),(1852,33,4),(1853,33,5),(1854,33,143),(1855,33,6),(1856,33,24),(1857,33,100),(1858,33,182),(1859,33,77),(1860,33,12),(1861,33,13),(1862,33,14),(1863,33,16),(1864,33,18),(1865,33,22),(1866,33,23),(1867,33,7),(1868,33,28),(1869,33,29),(1870,33,30),(1871,33,31),(1872,33,32),(1873,33,33),(1874,33,34),(1875,33,35),(1876,33,37),(1877,33,102),(1878,33,78),(1879,33,39),(1880,33,40),(1881,33,42),(1882,33,43),(1883,33,44),(1884,33,45),(1885,33,48),(1886,33,79),(1887,33,81),(1888,33,51),(1889,33,53),(1890,33,54),(1891,33,55),(1892,33,58),(1893,33,61),(1894,33,65),(1895,33,66),(1896,33,69),(1897,33,62),(1898,33,63),(1899,33,64),(1900,33,99),(1901,33,71),(1902,33,72),(1903,33,73),(1904,34,75),(1905,34,142),(1906,34,3),(1907,34,5),(1908,34,172),(1909,34,152),(1910,34,24),(1911,34,113),(1912,34,100),(1913,34,182),(1914,34,77),(1915,34,12),(1916,34,103),(1917,34,16),(1918,34,17),(1919,34,18),(1920,34,19),(1921,34,104),(1922,34,20),(1923,34,106),(1924,34,21),(1925,34,22),(1926,34,23),(1927,34,193),(1928,34,132),(1929,34,167),(1930,34,28),(1931,34,29),(1932,34,30),(1933,34,32),(1934,34,33),(1935,34,34),(1936,34,42),(1937,34,173),(1938,34,43),(1939,34,44),(1940,34,45),(1941,34,47),(1942,34,155),(1943,34,170),(1944,34,171),(1945,34,51),(1946,34,53),(1947,34,54),(1948,34,198),(1949,34,55),(1950,34,137),(1951,34,58),(1952,34,84),(1953,34,59),(1954,34,85),(1955,34,86),(1956,34,177),(1957,34,96),(1958,34,60),(1959,34,61),(1960,34,65),(1961,34,66),(1962,34,139),(1963,34,89),(1964,34,67),(1965,34,91),(1966,34,156),(1967,34,68),(1968,34,92),(1969,34,69),(1970,34,62),(1971,34,93),(1972,34,64),(1973,34,98),(1974,34,179),(1975,34,71),(1976,34,72),(1977,34,73),(1978,34,74);
/*!40000 ALTER TABLE `hotel_feature` ENABLE KEYS */;
UNLOCK TABLES;

--
-- Table structure for table `hotel_feature_type`
--

DROP TABLE IF EXISTS `hotel_feature_type`;
/*!40101 SET @saved_cs_client     = @@character_set_client */;
/*!50503 SET character_set_client = utf8mb4 */;
CREATE TABLE `hotel_feature_type` (
  `id` int NOT NULL AUTO_INCREMENT,
  `feature_type` varchar(1000) CHARACTER SET utf8mb3 COLLATE utf8mb3_general_ci NOT NULL,
  PRIMARY KEY (`id`)
) ENGINE=InnoDB AUTO_INCREMENT=199 DEFAULT CHARSET=utf8mb3;
/*!40101 SET character_set_client = @saved_cs_client */;

--
-- Dumping data for table `hotel_feature_type`
--

LOCK TABLES `hotel_feature_type` WRITE;
/*!40000 ALTER TABLE `hotel_feature_type` DISABLE KEYS */;
INSERT INTO `hotel_feature_type` VALUES (1,'Electric vehicle charging station'),(2,'Free High Speed Internet (WiFi)'),(3,'Pool'),(4,'Fitness Center with Gym / Workout Room'),(5,'Bar / lounge'),(6,'Entertainment staff'),(7,'Evening entertainment'),(8,'Kids stay free'),(9,'Valet parking'),(10,'Wifi'),(11,'Paid internet'),(12,'Outdoor pool'),(13,'Fitness / spa locker rooms'),(14,'Fitness classes'),(15,'Sauna'),(16,'Restaurant'),(17,'Breakfast available'),(18,'Breakfast buffet'),(19,'Breakfast in the room'),(20,'Kids\' meals'),(21,'Special diet menus'),(22,'Swimup bar'),(23,'Poolside bar'),(24,'Babysitting'),(25,'Indoor play area for children'),(26,'Children Activities (Kid / Family Friendly)'),(27,'Kids club'),(28,'Airport transportation'),(29,'Car hire'),(30,'Taxi service'),(31,'Business Center with Internet Access'),(32,'Conference facilities'),(33,'Banquet room'),(34,'Meeting rooms'),(35,'Spa'),(36,'Couples massage'),(37,'Facial treatments'),(38,'Head massage'),(39,'Massage'),(40,'Salon'),(41,'Steam room'),(42,'24-hour security'),(43,'Baggage storage'),(44,'Concierge'),(45,'Currency exchange'),(46,'Gift shop'),(47,'Newspaper'),(48,'Shops'),(49,'Butler service'),(50,'Doorperson'),(51,'24-hour front desk'),(52,'Private check-in / check-out'),(53,'Dry cleaning'),(54,'Laundry service'),(55,'Ironing service'),(56,'Shoeshine'),(57,'Allergy-free room'),(58,'Air conditioning'),(59,'Housekeeping'),(60,'Interconnected rooms available'),(61,'Private balcony'),(62,'Minibar'),(63,'Refrigerator'),(64,'Flatscreen TV'),(65,'Room service'),(66,'Safe'),(67,'VIP room facilities'),(68,'Iron'),(69,'Wake-up service / alarm clock'),(70,'Bridal suite'),(71,'Non-smoking rooms'),(72,'Suites'),(73,'Family rooms'),(74,'Smoking rooms available'),(75,'Free parking'),(76,'Beach'),(77,'Pool / beach towels'),(78,'Full body massage'),(79,'Sun loungers / beach chairs'),(80,'Sun terrace'),(81,'Sun umbrellas'),(82,'24-hour check-in'),(83,'Private beach'),(84,'Desk'),(85,'Coffee / tea maker'),(86,'Cable / satellite TV'),(87,'Bidet'),(88,'Sofa'),(89,'Telephone'),(90,'Wardrobe / closet'),(91,'Bottled water'),(92,'Tile / marble floor'),(93,'Electric kettle'),(94,'Radio'),(95,'Walk-in shower'),(96,'Bath / shower'),(97,'Complimentary toiletries'),(98,'Hair dryer'),(99,'Ocean view'),(100,'Parking'),(101,'Pool with view'),(102,'Foot massage'),(103,'Coffee shop'),(104,'Complimentary welcome drink'),(105,'Kid-friendly buffet'),(106,'Outdoor dining area'),(107,'Wine / champagne'),(108,'Rooftop bar'),(109,'Patio'),(110,'Table tennis'),(111,'Walking tours'),(112,'Nightclub / DJ'),(113,'Children\'s television networks'),(114,'Photo copier / fax In business center'),(115,'Hand massage'),(116,'Makeup services'),(117,'Neck massage'),(118,'Rooftop terrace'),(119,'ATM on site'),(120,'Express check-in / check-out'),(121,'Bathrobes'),(122,'Additional bathroom'),(123,'Private bathrooms'),(124,'City view'),(125,'Pool view'),(126,'Free breakfast'),(127,'Hot tub'),(128,'Infinity pool'),(129,'Rooftop pool'),(130,'Complimentary Instant Coffee'),(131,'Snack bar'),(132,'Kids pool'),(133,'Body wrap'),(134,'Manicure'),(135,'Pedicure'),(136,'Outdoor furniture'),(137,'Blackout curtains'),(138,'Sofa bed'),(139,'Seating area'),(140,'On-demand movies'),(141,'Whirlpool bathtub'),(142,'Free internet'),(143,'Aerobics'),(144,'Secured parking'),(145,'Soundproof rooms'),(146,'Laptop safe'),(147,'Tennis court'),(148,'Private pool'),(149,'Bicycle tours'),(150,'Shuttle bus service'),(151,'Squash'),(152,'Billiards'),(153,'Hiking'),(154,'Mosquito net'),(155,'Non-smoking hotel'),(156,'Clothes rack'),(157,'Yoga classes'),(158,'Boating'),(159,'Parking garage'),(160,'Swimming pool toys'),(161,'Complimentary tea'),(162,'Diving'),(163,'Snorkeling'),(164,'Water sport equipment rentals'),(165,'Fishing'),(166,'Board games / puzzles'),(167,'Highchairs available'),(168,'Shared lounge / TV area'),(169,'Sun deck'),(170,'First aid kit'),(171,'Umbrella'),(172,'Bicycle rental'),(173,'BBQ facilities'),(174,'Fireplace'),(175,'Kids\' outdoor play equipment'),(176,'Public wifi'),(177,'Extra long beds'),(178,'Mountain view'),(179,'Landmark view'),(180,'Windsurfing'),(181,'Paid public parking on-site'),(182,'Internet'),(183,'Foot bath'),(184,'Picnic area'),(185,'Archery'),(186,'Books, DVDs, music for children'),(187,'Children\'s playground'),(188,'Personal trainer'),(189,'Happy hour'),(190,'Bicycles available'),(191,'Game room'),(192,'Horseback riding'),(193,'Darts'),(194,'Chapel / shrine'),(195,'Dining area'),(196,'Separate dining area'),(197,'Separate living room'),(198,'Self-serve laundry');
/*!40000 ALTER TABLE `hotel_feature_type` ENABLE KEYS */;
UNLOCK TABLES;

--
-- Table structure for table `hotel_image`
--

DROP TABLE IF EXISTS `hotel_image`;
/*!40101 SET @saved_cs_client     = @@character_set_client */;
/*!50503 SET character_set_client = utf8mb4 */;
CREATE TABLE `hotel_image` (
  `id` int NOT NULL AUTO_INCREMENT,
  `hotel_id` int NOT NULL,
  `image` varchar(10000) NOT NULL,
  PRIMARY KEY (`id`),
  KEY `hotel_id` (`hotel_id`),
  CONSTRAINT `FK_hotel_id` FOREIGN KEY (`hotel_id`) REFERENCES `hotel` (`id`)
) ENGINE=InnoDB AUTO_INCREMENT=757 DEFAULT CHARSET=utf8mb3;
/*!40101 SET character_set_client = @saved_cs_client */;

--
-- Dumping data for table `hotel_image`
--

LOCK TABLES `hotel_image` WRITE;
/*!40000 ALTER TABLE `hotel_image` DISABLE KEYS */;
INSERT INTO `hotel_image` VALUES (1,2,'\"https://media-cdn.tripadvisor.com/media/photo-s/14/ee/7a/07/atrium.jpg\"'),(2,2,'\"https://media-cdn.tripadvisor.com/media/photo-s/12/9d/51/bd/the-breeze-bar.jpg\"'),(3,2,'\"https://media-cdn.tripadvisor.com/media/oyster-panos/sources/courtyard-wing-apartment-suite--v14841.tiles/wide_700.jpg\"'),(4,2,'\"https://media-cdn.tripadvisor.com/media/photo-s/14/ee/7d/0a/lobby.jpg\"'),(5,2,'\"https://media-cdn.tripadvisor.com/media/photo-s/12/9d/51/ee/lagoon-seafood-restaurant.jpg\"'),(6,2,'\"https://media-cdn.tripadvisor.com/media/oyster-panos/sources/courtyard-wing-apartment-suite--v14848.tiles/wide_700.jpg\"'),(7,2,'\"https://media-cdn.tripadvisor.com/media/photo-s/12/9d/54/b0/cinnamon-grand-colombo.jpg\"'),(8,2,'\"https://media-cdn.tripadvisor.com/media/photo-s/12/9d/51/e7/lagoon-seafood-restaurant.jpg\"'),(9,2,'\"https://media-cdn.tripadvisor.com/media/oyster-panos/sources/courtyard-wing-standard-deluxe-room--v14847.tiles/wide_700.jpg\"'),(10,2,'\"https://media-cdn.tripadvisor.com/media/photo-s/12/9d/52/13/nuga-gama-local-cuisine.jpg\"'),(11,2,'\"https://media-cdn.tripadvisor.com/media/photo-s/12/9d/52/0a/the-london-grill-fine.jpg\"'),(12,2,'\"https://media-cdn.tripadvisor.com/media/oyster-panos/sources/premium-standard-room--v14844.tiles/wide_700.jpg\"'),(13,2,'\"https://media-cdn.tripadvisor.com/media/photo-s/12/9d/51/dd/cinnamon-grand-main-entrance.jpg\"'),(14,2,'\"https://media-cdn.tripadvisor.com/media/photo-s/14/ee/79/bd/atrium.jpg\"'),(15,2,'\"https://media-cdn.tripadvisor.com/media/oyster-panos/sources/premium-suite--v14843.tiles/wide_700.jpg\"'),(16,2,'\"https://media-cdn.tripadvisor.com/media/photo-s/14/ee/7a/fa/executive-lounge.jpg\"'),(17,2,'\"https://media-cdn.tripadvisor.com/media/photo-s/14/ee/7d/6d/oak-room.jpg\"'),(18,2,'\"https://media-cdn.tripadvisor.com/media/oyster-panos/sources/premium-suite--v14846.tiles/wide_700.jpg\"'),(19,2,'\"https://media-cdn.tripadvisor.com/media/photo-s/14/e7/c1/6c/sequel.jpg\"'),(20,2,'\"https://media-cdn.tripadvisor.com/media/photo-s/14/ee/7a/cf/cinnamon-grand-colombo.jpg\"'),(21,2,'\"https://media-cdn.tripadvisor.com/media/oyster-panos/sources/premium-suite--v14853.tiles/wide_700.jpg\"'),(22,3,'\"https://media-cdn.tripadvisor.com/media/photo-s/0a/d9/b0/68/goldi-sands-hotel.jpg\"'),(23,3,'\"https://media-cdn.tripadvisor.com/media/photo-s/0a/d9/ac/5d/goldi-sands-hotel.jpg\"'),(24,3,'\"https://media-cdn.tripadvisor.com/media/oyster-panos/sources/standard-room--v164990.tiles/wide_700.jpg\"'),(25,3,'\"https://media-cdn.tripadvisor.com/media/photo-s/09/a2/a0/a7/hotel-goldi-sands.jpg\"'),(26,3,'\"https://media-cdn.tripadvisor.com/media/photo-s/0a/d9/8f/39/goldi-sands-hotel.jpg\"'),(27,3,'\"https://media-cdn.tripadvisor.com/media/oyster-panos/sources/standard-room-sea-view--v164986.tiles/wide_700.jpg\"'),(28,3,'\"https://media-cdn.tripadvisor.com/media/photo-s/0a/d9/8f/3b/goldi-sands-hotel.jpg\"'),(29,3,'\"https://media-cdn.tripadvisor.com/media/photo-s/09/a2/a0/fa/hotel-goldi-sands.jpg\"'),(30,3,'\"https://media-cdn.tripadvisor.com/media/oyster-panos/sources/suite--v164977.tiles/wide_700.jpg\"'),(31,3,'\"https://media-cdn.tripadvisor.com/media/photo-s/0a/d9/8f/2d/goldi-sands-hotel.jpg\"'),(32,3,'\"https://media-cdn.tripadvisor.com/media/photo-s/0a/d9/ac/66/goldi-sands-hotel.jpg\"'),(33,3,'\"https://media-cdn.tripadvisor.com/media/oyster-panos/sources/suite--v164988.tiles/wide_700.jpg\"'),(34,3,'\"https://media-cdn.tripadvisor.com/media/photo-s/05/dc/ff/bc/hotel-lawn-area.jpg\"'),(35,3,'\"https://media-cdn.tripadvisor.com/media/photo-s/09/a2/a0/ec/hotel-goldi-sands.jpg\"'),(36,3,'\"https://media-cdn.tripadvisor.com/media/oyster-panos/sources/beach--v164984.tiles/wide_700.jpg\"'),(37,3,'\"https://media-cdn.tripadvisor.com/media/photo-s/0a/d9/ac/5a/goldi-sands-hotel.jpg\"'),(38,3,'\"https://media-cdn.tripadvisor.com/media/photo-s/09/a2/a0/d8/hotel-goldi-sands.jpg\"'),(39,3,'\"https://media-cdn.tripadvisor.com/media/oyster-panos/sources/beach--v164987.tiles/wide_700.jpg\"'),(40,3,'\"https://media-cdn.tripadvisor.com/media/photo-s/0a/d9/8f/30/goldi-sands-hotel.jpg\"'),(41,3,'\"https://media-cdn.tripadvisor.com/media/photo-s/0a/d9/8f/2e/goldi-sands-hotel.jpg\"'),(42,3,'\"https://media-cdn.tripadvisor.com/media/oyster-panos/sources/beach--v164992.tiles/wide_700.jpg\"'),(43,4,'\"https://media-cdn.tripadvisor.com/media/photo-s/13/0b/a3/be/hotel-exterior.jpg\"'),(44,4,'\"https://media-cdn.tripadvisor.com/media/photo-s/13/0b/a3/d9/aerial-view-hikka-tranz.jpg\"'),(45,4,'\"https://media-cdn.tripadvisor.com/media/oyster-panos/sources/corner-suite--v14602.tiles/wide_700.jpg\"'),(46,4,'\"https://media-cdn.tripadvisor.com/media/photo-s/13/0b/a3/8a/pool-bar.jpg\"'),(47,4,'\"https://media-cdn.tripadvisor.com/media/photo-s/13/0b/a3/64/main-restaurant.jpg\"'),(48,4,'\"https://media-cdn.tripadvisor.com/media/oyster-panos/sources/corner-suite--v14603.tiles/wide_700.jpg\"'),(49,4,'\"https://media-cdn.tripadvisor.com/media/photo-s/02/34/19/20/hotel-lounge.jpg\"'),(50,4,'\"https://media-cdn.tripadvisor.com/media/photo-s/13/0b/a4/4e/deluxe-room.jpg\"'),(51,4,'\"https://media-cdn.tripadvisor.com/media/oyster-panos/sources/corner-suite--v14607.tiles/wide_700.jpg\"'),(52,4,'\"https://media-cdn.tripadvisor.com/media/photo-s/13/0b/a4/2b/superior-room.jpg\"'),(53,4,'\"https://media-cdn.tripadvisor.com/media/photo-s/13/0b/a3/fc/the-crab-restaurant.jpg\"'),(54,4,'\"https://media-cdn.tripadvisor.com/media/oyster-panos/sources/corner-suite--v14608.tiles/wide_700.jpg\"'),(55,4,'\"https://media-cdn.tripadvisor.com/media/photo-s/13/0b/a3/61/hotel-lobby.jpg\"'),(56,4,'\"https://media-cdn.tripadvisor.com/media/photo-s/02/34/19/23/the-art-wall.jpg\"'),(57,4,'\"https://media-cdn.tripadvisor.com/media/oyster-panos/sources/corner-suite--v14617.tiles/wide_700.jpg\"'),(58,4,'\"https://media-cdn.tripadvisor.com/media/photo-s/1b/b0/48/48/hikka-tranz-by-cinnamon.jpg\"'),(59,4,'\"https://media-cdn.tripadvisor.com/media/oyster/500/07/45/21/21/lobby-lounge--v5084459.jpg\"'),(60,4,'\"https://media-cdn.tripadvisor.com/media/oyster-panos/sources/superior-room--v14610.tiles/wide_700.jpg\"'),(61,4,'\"https://media-cdn.tripadvisor.com/media/oyster/500/07/45/20/57/corner-suite--v5084888.jpg\"'),(62,4,'\"https://media-cdn.tripadvisor.com/media/oyster/500/07/45/20/d5/pool--v5085266.jpg\"'),(63,4,'\"https://media-cdn.tripadvisor.com/media/oyster-panos/sources/superior-room--v14611.tiles/wide_700.jpg\"'),(64,5,'\"https://media-cdn.tripadvisor.com/media/oyster/500/07/62/5f/09/the-hotel--v5128108.jpg\"'),(65,5,'\"https://media-cdn.tripadvisor.com/media/oyster/500/07/62/5e/1e/pool--v5128016.jpg\"'),(66,5,'\"https://media-cdn.tripadvisor.com/media/oyster-panos/sources/deluxe-twin-room--v15267.tiles/wide_700.jpg\"'),(67,5,'\"https://media-cdn.tripadvisor.com/media/oyster/500/07/62/5f/1d/lobby--v5127695.jpg\"'),(68,5,'\"https://media-cdn.tripadvisor.com/media/photo-s/0e/0a/e3/df/the-kingsbury.jpg\"'),(69,5,'\"https://media-cdn.tripadvisor.com/media/oyster-panos/sources/deluxe-twin-room--v15273.tiles/wide_700.jpg\"'),(70,5,'\"https://media-cdn.tripadvisor.com/media/photo-s/0e/0a/e4/92/the-kingsbury.jpg\"'),(71,5,'\"https://media-cdn.tripadvisor.com/media/photo-s/0d/e9/d9/e2/the-kingsbury.jpg\"'),(72,5,'\"https://media-cdn.tripadvisor.com/media/oyster-panos/sources/suite--v15266.tiles/wide_700.jpg\"'),(73,5,'\"https://media-cdn.tripadvisor.com/media/photo-s/16/9e/74/e0/the-kingsbury-hotel.jpg\"'),(74,5,'\"https://media-cdn.tripadvisor.com/media/photo-s/16/9e/74/24/the-kingsbury-hotel.jpg\"'),(75,5,'\"https://media-cdn.tripadvisor.com/media/oyster-panos/sources/suite--v15268.tiles/wide_700.jpg\"'),(76,5,'\"https://media-cdn.tripadvisor.com/media/photo-s/16/9e/74/b5/the-kingsbury-hotel.jpg\"'),(77,5,'\"https://media-cdn.tripadvisor.com/media/photo-s/16/9e/7c/3e/fitness-center.jpg\"'),(78,5,'\"https://media-cdn.tripadvisor.com/media/oyster-panos/sources/suite--v15275.tiles/wide_700.jpg\"'),(79,5,'\"https://media-cdn.tripadvisor.com/media/photo-s/16/9e/74/bd/the-kingsbury-hotel.jpg\"'),(80,5,'\"https://media-cdn.tripadvisor.com/media/photo-s/17/f4/46/a1/ce-la-vi-colombo.jpg\"'),(81,5,'\"https://media-cdn.tripadvisor.com/media/oyster-panos/sources/pool--v15269.tiles/wide_700.jpg\"'),(82,5,'\"https://media-cdn.tripadvisor.com/media/photo-s/16/9e/73/7d/the-kingsbury-hotel.jpg\"'),(83,5,'\"https://media-cdn.tripadvisor.com/media/photo-s/16/9e/73/ff/the-kingsbury-hotel.jpg\"'),(84,5,'\"https://media-cdn.tripadvisor.com/media/oyster-panos/sources/pool--v15274.tiles/wide_700.jpg\"'),(85,6,'\"https://media-cdn.tripadvisor.com/media/photo-s/17/32/c2/8c/rooftop-swimming-pool.jpg\"'),(86,6,'\"https://media-cdn.tripadvisor.com/media/photo-s/17/32/d8/2b/me-colombo.jpg\"'),(87,6,'\"https://media-cdn.tripadvisor.com/media/photo-s/17/32/c4/b0/deluxe-room.jpg\"'),(88,6,'\"https://media-cdn.tripadvisor.com/media/photo-s/17/32/c2/a8/me-colombo.jpg\"'),(89,6,'\"https://media-cdn.tripadvisor.com/media/photo-s/17/32/dd/d4/me-colombo.jpg\"'),(90,6,'\"https://media-cdn.tripadvisor.com/media/photo-s/17/32/c2/cb/lobby-area.jpg\"'),(91,6,'\"https://media-cdn.tripadvisor.com/media/photo-s/17/32/c2/e8/restaurant.jpg\"'),(92,6,'\"https://media-cdn.tripadvisor.com/media/photo-s/17/32/c3/e7/superior-room.jpg\"'),(93,6,'\"https://media-cdn.tripadvisor.com/media/photo-s/17/32/d3/03/me-colombo.jpg\"'),(94,6,'\"https://media-cdn.tripadvisor.com/media/photo-s/17/32/c2/6b/me-colombo.jpg\"'),(95,6,'\"https://media-cdn.tripadvisor.com/media/photo-s/12/02/d8/74/me-colombo.jpg\"'),(96,6,'\"https://media-cdn.tripadvisor.com/media/photo-s/12/02/d9/6a/me-colombo.jpg\"'),(97,6,'\"https://media-cdn.tripadvisor.com/media/photo-s/12/02/d3/4a/me-colombo.jpg\"'),(98,6,'\"https://media-cdn.tripadvisor.com/media/photo-s/12/0a/f6/12/me-colombo.jpg\"'),(99,6,'\"https://media-cdn.tripadvisor.com/media/photo-s/12/02/cf/7b/me-colombo.jpg\"'),(100,6,'\"https://media-cdn.tripadvisor.com/media/photo-s/12/0a/f0/d2/me-colombo.jpg\"'),(101,6,'\"https://media-cdn.tripadvisor.com/media/photo-s/12/08/59/32/me-colombo.jpg\"'),(102,6,'\"https://media-cdn.tripadvisor.com/media/photo-s/17/32/c4/7b/me-colombo.jpg\"'),(103,6,'\"https://media-cdn.tripadvisor.com/media/photo-s/17/32/c4/81/suite-room.jpg\"'),(104,6,'\"https://media-cdn.tripadvisor.com/media/photo-s/17/32/cc/24/me-colombo.jpg\"'),(105,6,'\"https://media-cdn.tripadvisor.com/media/photo-s/17/32/d7/22/me-colombo.jpg\"'),(106,7,'\"https://media-cdn.tripadvisor.com/media/photo-s/11/1b/58/e0/hotel-exterior.jpg\"'),(107,7,'\"https://media-cdn.tripadvisor.com/media/photo-s/11/1b/58/f9/poolside.jpg\"'),(108,7,'\"https://media-cdn.tripadvisor.com/media/photo-s/11/1b/59/0d/weligama-bay-marriott.jpg\"'),(109,7,'\"https://media-cdn.tripadvisor.com/media/photo-s/11/1b/58/ff/weligama-bay-marriott.jpg\"'),(110,7,'\"https://media-cdn.tripadvisor.com/media/photo-s/10/1b/bf/2b/weligama-bay-marriott.jpg\"'),(111,7,'\"https://media-cdn.tripadvisor.com/media/photo-s/10/1b/bd/0b/weligama-bay-marriott.jpg\"'),(112,7,'\"https://media-cdn.tripadvisor.com/media/photo-s/11/1b/59/1c/weligama-bay-marriott.jpg\"'),(113,7,'\"https://media-cdn.tripadvisor.com/media/photo-s/11/1b/59/21/weligama-bay-marriott.jpg\"'),(114,7,'\"https://media-cdn.tripadvisor.com/media/photo-s/10/44/52/e5/hotel-exterior.jpg\"'),(115,7,'\"https://media-cdn.tripadvisor.com/media/photo-s/10/1b/be/bb/weligama-bay-marriott.jpg\"'),(116,7,'\"https://media-cdn.tripadvisor.com/media/photo-s/10/1b/c1/62/weligama-bay-marriott.jpg\"'),(117,7,'\"https://media-cdn.tripadvisor.com/media/photo-s/0f/f7/45/30/weligama-bay-marriott.jpg\"'),(118,7,'\"https://media-cdn.tripadvisor.com/media/photo-s/10/1b/c0/68/weligama-bay-marriott.jpg\"'),(119,7,'\"https://media-cdn.tripadvisor.com/media/photo-s/10/1b/bd/4a/weligama-bay-marriott.jpg\"'),(120,7,'\"https://media-cdn.tripadvisor.com/media/photo-s/11/1b/58/ef/hotel-bathroom.jpg\"'),(121,7,'\"https://media-cdn.tripadvisor.com/media/photo-s/10/1b/c1/15/weligama-bay-marriott.jpg\"'),(122,7,'\"https://media-cdn.tripadvisor.com/media/photo-s/10/1b/c1/31/weligama-bay-marriott.jpg\"'),(123,7,'\"https://media-cdn.tripadvisor.com/media/photo-s/10/1b/bf/cb/weligama-bay-marriott.jpg\"'),(124,7,'\"https://media-cdn.tripadvisor.com/media/photo-s/10/1b/c0/25/weligama-bay-marriott.jpg\"'),(125,7,'\"https://media-cdn.tripadvisor.com/media/photo-s/10/1b/bd/ac/weligama-bay-marriott.jpg\"'),(126,7,'\"https://media-cdn.tripadvisor.com/media/photo-s/10/1b/be/f0/weligama-bay-marriott.jpg\"'),(127,8,'\"https://media-cdn.tripadvisor.com/media/photo-s/14/d4/81/ed/marino-beach.jpg\"'),(128,8,'\"https://media-cdn.tripadvisor.com/media/photo-s/16/5c/72/31/buffet.jpg\"'),(129,8,'\"https://media-cdn.tripadvisor.com/media/photo-s/16/5c/6f/d9/infinity-pool-area.jpg\"'),(130,8,'\"https://media-cdn.tripadvisor.com/media/photo-s/14/d4/82/05/marino-beach.jpg\"'),(131,8,'\"https://media-cdn.tripadvisor.com/media/photo-s/16/5c/73/09/superior-room.jpg\"'),(132,8,'\"https://media-cdn.tripadvisor.com/media/photo-s/16/5c/6f/96/infinity-pool.jpg\"'),(133,8,'\"https://media-cdn.tripadvisor.com/media/photo-s/14/d4/95/a6/marino-beach.jpg\"'),(134,8,'\"https://media-cdn.tripadvisor.com/media/photo-s/16/5c/73/70/bathroom.jpg\"'),(135,8,'\"https://media-cdn.tripadvisor.com/media/photo-o/13/59/c7/da/superior-twin-room.jpg\"'),(136,8,'\"https://media-cdn.tripadvisor.com/media/photo-o/13/59/c7/e5/superior-twin-room.jpg\"'),(137,8,'\"https://media-cdn.tripadvisor.com/media/photo-o/13/59/c7/e3/superior-twin-room.jpg\"'),(138,8,'\"https://media-cdn.tripadvisor.com/media/photo-s/14/d4/95/b2/marino-beach.jpg\"'),(139,8,'\"https://media-cdn.tripadvisor.com/media/photo-o/13/59/c8/04/superior-twin-room-bathroom.jpg\"'),(140,8,'\"https://media-cdn.tripadvisor.com/media/photo-s/16/5c/70/29/infinity-pool.jpg\"'),(141,8,'\"https://media-cdn.tripadvisor.com/media/photo-s/16/5c/6f/f7/infinity-pool.jpg\"'),(142,8,'\"https://media-cdn.tripadvisor.com/media/photo-o/13/59/c7/ea/superior-twin-room.jpg\"'),(143,8,'\"https://media-cdn.tripadvisor.com/media/photo-s/16/d6/4d/af/photo2jpg.jpg\"'),(144,8,'\"https://media-cdn.tripadvisor.com/media/photo-s/17/fa/93/5b/infinity-pool.jpg\"'),(145,8,'\"https://media-cdn.tripadvisor.com/media/photo-s/18/22/d8/9d/marino-beach-colombo.jpg\"'),(146,8,'\"https://media-cdn.tripadvisor.com/media/photo-s/17/fa/31/20/ta-img-20190619-100303.jpg\"'),(147,8,'\"https://media-cdn.tripadvisor.com/media/photo-s/18/22/d8/b5/marino-beach-colombo.jpg\"'),(148,9,'\"https://media-cdn.tripadvisor.com/media/photo-s/1b/48/b4/42/hotel-riu-sri-lanka.jpg\"'),(149,9,'\"https://media-cdn.tripadvisor.com/media/photo-s/23/26/29/c2/hotel-riu-sri-lanka.jpg\"'),(150,9,'\"https://media-cdn.tripadvisor.com/media/photo-s/23/26/29/c4/hotel-riu-sri-lanka.jpg\"'),(151,9,'\"https://media-cdn.tripadvisor.com/media/photo-s/23/26/29/c0/hotel-riu-sri-lanka.jpg\"'),(152,9,'\"https://media-cdn.tripadvisor.com/media/photo-s/23/26/29/b9/hotel-riu-sri-lanka.jpg\"'),(153,9,'\"https://media-cdn.tripadvisor.com/media/photo-s/23/26/29/b6/hotel-riu-sri-lanka.jpg\"'),(154,9,'\"https://media-cdn.tripadvisor.com/media/photo-s/23/26/29/b3/hotel-riu-sri-lanka.jpg\"'),(155,9,'\"https://media-cdn.tripadvisor.com/media/photo-s/23/26/29/ae/hotel-riu-sri-lanka.jpg\"'),(156,9,'\"https://media-cdn.tripadvisor.com/media/photo-s/23/26/29/ad/hotel-riu-sri-lanka.jpg\"'),(157,9,'\"https://media-cdn.tripadvisor.com/media/photo-s/23/26/29/aa/hotel-riu-sri-lanka.jpg\"'),(158,9,'\"https://media-cdn.tripadvisor.com/media/photo-s/23/26/29/97/hotel-riu-sri-lanka.jpg\"'),(159,9,'\"https://media-cdn.tripadvisor.com/media/photo-s/21/55/4b/8a/hotel-riu-sri-lanka.jpg\"'),(160,9,'\"https://media-cdn.tripadvisor.com/media/photo-s/21/55/4b/88/hotel-riu-sri-lanka.jpg\"'),(161,9,'\"https://media-cdn.tripadvisor.com/media/photo-s/1b/48/b4/47/hotel-riu-sri-lanka.jpg\"'),(162,9,'\"https://media-cdn.tripadvisor.com/media/photo-s/1b/48/b4/46/hotel-riu-sri-lanka.jpg\"'),(163,9,'\"https://media-cdn.tripadvisor.com/media/photo-s/1b/48/b4/45/hotel-riu-sri-lanka.jpg\"'),(164,9,'\"https://media-cdn.tripadvisor.com/media/photo-s/1b/48/b4/44/hotel-riu-sri-lanka.jpg\"'),(165,9,'\"https://media-cdn.tripadvisor.com/media/photo-s/1b/48/b4/43/hotel-riu-sri-lanka.jpg\"'),(166,9,'\"https://media-cdn.tripadvisor.com/media/photo-s/1b/48/b4/41/hotel-riu-sri-lanka.jpg\"'),(167,9,'\"https://media-cdn.tripadvisor.com/media/photo-s/1b/48/b4/40/hotel-riu-sri-lanka.jpg\"'),(168,9,'\"https://media-cdn.tripadvisor.com/media/photo-s/1b/48/b4/3f/hotel-riu-sri-lanka.jpg\"'),(169,10,'\"https://media-cdn.tripadvisor.com/media/photo-s/0d/0c/0c/e9/hotel-exterior.jpg\"'),(170,10,'\"https://media-cdn.tripadvisor.com/media/photo-s/0f/9f/b7/6e/ocean-view.jpg\"'),(171,10,'\"https://media-cdn.tripadvisor.com/media/photo-s/0f/9f/b3/1f/galle-face-hotel-colombo.jpg\"'),(172,10,'\"https://media-cdn.tripadvisor.com/media/photo-s/06/5f/4a/7d/galle-face-hotel-colombo.jpg\"'),(173,10,'\"https://media-cdn.tripadvisor.com/media/photo-s/0c/8b/a9/5e/the-reading-porch.jpg\"'),(174,10,'\"https://media-cdn.tripadvisor.com/media/photo-s/0f/9f/ba/6b/north-wing-lobby.jpg\"'),(175,10,'\"https://media-cdn.tripadvisor.com/media/photo-s/09/ad/a2/6b/galle-face-hotel-colombo.jpg\"'),(176,10,'\"https://media-cdn.tripadvisor.com/media/photo-s/0f/9f/b8/ea/empress-suite.jpg\"'),(177,10,'\"https://media-cdn.tripadvisor.com/media/photo-s/16/59/fb/7a/the-chequerboard-for.jpg\"'),(178,10,'\"https://media-cdn.tripadvisor.com/media/photo-s/16/f4/4a/6e/galle-face-hotel-colombo.jpg\"'),(179,10,'\"https://media-cdn.tripadvisor.com/media/photo-s/16/59/fb/63/galle-face-hotel-colombo.jpg\"'),(180,10,'\"https://media-cdn.tripadvisor.com/media/photo-s/16/59/fc/5a/galle-face-hotel-colombo.jpg\"'),(181,10,'\"https://media-cdn.tripadvisor.com/media/photo-s/16/59/fd/1b/galle-face-hotel-colombo.jpg\"'),(182,10,'\"https://media-cdn.tripadvisor.com/media/photo-s/16/59/fb/c5/galle-face-hotel-colombo.jpg\"'),(183,10,'\"https://media-cdn.tripadvisor.com/media/photo-s/09/ad/a1/30/galle-face-hotel-colombo.jpg\"'),(184,10,'\"https://media-cdn.tripadvisor.com/media/photo-s/06/5f/4a/d2/galle-face-hotel-colombo.jpg\"'),(185,10,'\"https://media-cdn.tripadvisor.com/media/photo-s/09/ad/a0/36/galle-face-hotel-colombo.jpg\"'),(186,10,'\"https://media-cdn.tripadvisor.com/media/photo-s/09/ad/a1/bf/galle-face-hotel-colombo.jpg\"'),(187,10,'\"https://media-cdn.tripadvisor.com/media/photo-s/09/a8/18/b7/galle-face-hotel-colombo.jpg\"'),(188,10,'\"https://media-cdn.tripadvisor.com/media/photo-s/0f/9f/b8/5c/empress-suite.jpg\"'),(189,10,'\"https://media-cdn.tripadvisor.com/media/photo-s/09/ad/9f/db/galle-face-hotel-colombo.jpg\"'),(190,11,'\"https://media-cdn.tripadvisor.com/media/photo-s/10/ca/e1/c4/amari-galle-sri-lanka.jpg\"'),(191,11,'\"https://media-cdn.tripadvisor.com/media/photo-s/10/ca/e1/ab/amari-galle-sri-lanka.jpg\"'),(192,11,'\"https://media-cdn.tripadvisor.com/media/photo-s/10/ca/e1/da/outdoor-wedding-pavilion.jpg\"'),(193,11,'\"https://media-cdn.tripadvisor.com/media/photo-s/10/ca/e1/dc/pool-island-pavilion.jpg\"'),(194,11,'\"https://media-cdn.tripadvisor.com/media/photo-s/10/ca/e1/e9/swimming-pool.jpg\"'),(195,11,'\"https://media-cdn.tripadvisor.com/media/photo-s/10/ca/e1/e3/shoreline-beach-club.jpg\"'),(196,11,'\"https://media-cdn.tripadvisor.com/media/photo-s/10/ca/e1/c5/kids-club.jpg\"'),(197,11,'\"https://media-cdn.tripadvisor.com/media/photo-s/10/ca/e1/b7/amari-galle-sri-lanka.jpg\"'),(198,11,'\"https://media-cdn.tripadvisor.com/media/photo-s/10/ca/e7/2c/ocean-view-from-presidential.jpg\"'),(199,11,'\"https://media-cdn.tripadvisor.com/media/photo-s/0e/a9/6b/9b/amari-galle.jpg\"'),(200,11,'\"https://media-cdn.tripadvisor.com/media/photo-s/10/ca/e1/84/ballroom-dinner-setting.jpg\"'),(201,11,'\"https://media-cdn.tripadvisor.com/media/photo-s/10/ca/e4/9f/grand-deluxe-ocean-view.jpg\"'),(202,11,'\"https://media-cdn.tripadvisor.com/media/photo-s/10/ca/e5/bc/one-bedroom-suite-living.jpg\"'),(203,11,'\"https://media-cdn.tripadvisor.com/media/photo-s/10/ca/e1/d7/idea-room.jpg\"'),(204,11,'\"https://media-cdn.tripadvisor.com/media/photo-s/10/ca/e6/cc/presidential-suite-bathroom.jpg\"'),(205,11,'\"https://media-cdn.tripadvisor.com/media/photo-s/10/ca/e1/7e/a-ha-ra-gourmet-gallery.jpg\"'),(206,11,'\"https://media-cdn.tripadvisor.com/media/photo-s/0c/f6/08/71/getlstd-property-photo.jpg\"'),(207,11,'\"https://media-cdn.tripadvisor.com/media/photo-s/10/ca/e1/d0/lobby-seating.jpg\"'),(208,11,'\"https://media-cdn.tripadvisor.com/media/photo-s/10/ca/e6/dc/presidential-suite-terrace.jpg\"'),(209,11,'\"https://media-cdn.tripadvisor.com/media/photo-s/0e/a9/6b/88/amari-galle.jpg\"'),(210,11,'\"https://media-cdn.tripadvisor.com/media/photo-s/10/ca/e5/a8/one-bedroom-suite-afternoon.jpg\"'),(211,12,'\"https://media-cdn.tripadvisor.com/media/photo-s/14/21/41/d8/doorman.jpg\"'),(212,12,'\"https://media-cdn.tripadvisor.com/media/photo-s/14/21/49/3a/sapphyr-lounge.jpg\"'),(213,12,'\"https://media-cdn.tripadvisor.com/media/photo-s/14/21/49/1d/tea-sommelier.jpg\"'),(214,12,'\"https://media-cdn.tripadvisor.com/media/photo-s/14/21/4c/b8/shangri-la-hotel-colombo.jpg\"'),(215,12,'\"https://media-cdn.tripadvisor.com/media/photo-s/14/21/53/c4/pre-function-area.jpg\"'),(216,12,'\"https://media-cdn.tripadvisor.com/media/photo-s/14/21/41/ff/spa-waiting-room.jpg\"'),(217,12,'\"https://media-cdn.tripadvisor.com/media/photo-s/14/21/53/da/ballroom.jpg\"'),(218,12,'\"https://media-cdn.tripadvisor.com/media/photo-s/14/21/4c/f3/shangri-la-hotel-colombo.jpg\"'),(219,12,'\"https://media-cdn.tripadvisor.com/media/photo-s/14/21/4d/14/kaema-sutra.jpg\"'),(220,12,'\"https://media-cdn.tripadvisor.com/media/photo-s/14/21/4c/dc/sapphyr-lounge-grab-go.jpg\"'),(221,12,'\"https://media-cdn.tripadvisor.com/media/photo-s/14/21/42/1f/spa-treatment-room.jpg\"'),(222,12,'\"https://media-cdn.tripadvisor.com/media/photo-s/23/ac/74/53/property.jpg\"'),(223,12,'\"https://media-cdn.tripadvisor.com/media/photo-s/24/2c/2e/f1/shangri-la-colombo-facade.jpg\"'),(224,12,'\"https://media-cdn.tripadvisor.com/media/photo-s/1c/32/f9/58/central-all-day-dining.jpg\"'),(225,12,'\"https://media-cdn.tripadvisor.com/media/photo-s/1c/32/f9/55/central-cafe.jpg\"'),(226,12,'\"https://media-cdn.tripadvisor.com/media/photo-s/1c/32/f9/54/central-private-dining.jpg\"'),(227,12,'\"https://media-cdn.tripadvisor.com/media/photo-s/1c/d5/1f/85/galle-face-promenade.jpg\"'),(228,12,'\"https://media-cdn.tripadvisor.com/media/photo-s/1c/d5/1f/81/premier-balcony-room.jpg\"'),(229,12,'\"https://media-cdn.tripadvisor.com/media/photo-s/1c/d5/1f/7e/premier-balcony-room.jpg\"'),(230,12,'\"https://media-cdn.tripadvisor.com/media/photo-s/1c/d5/1f/7a/horizon-club-ocean-view.jpg\"'),(231,12,'\"https://media-cdn.tripadvisor.com/media/photo-s/1c/d5/1f/77/apartment-living-room.jpg\"'),(232,13,'\"https://media-cdn.tripadvisor.com/media/photo-s/05/a9/ca/42/earl-s-regent-hotel.jpg\"'),(233,13,'\"https://media-cdn.tripadvisor.com/media/photo-s/18/c2/27/64/earl-s-regent-hotel.jpg\"'),(234,13,'\"https://media-cdn.tripadvisor.com/media/oyster-panos/sources/deluxe--v145469.tiles/wide_700.jpg\"'),(235,13,'\"https://media-cdn.tripadvisor.com/media/photo-s/18/c2/27/61/earl-s-regent-hotel.jpg\"'),(236,13,'\"https://media-cdn.tripadvisor.com/media/photo-s/18/c2/27/5f/earl-s-regent-hotel.jpg\"'),(237,13,'\"https://media-cdn.tripadvisor.com/media/oyster-panos/sources/deluxe--v145472.tiles/wide_700.jpg\"'),(238,13,'\"https://media-cdn.tripadvisor.com/media/photo-s/18/c2/27/30/earl-s-regent-hotel.jpg\"'),(239,13,'\"https://media-cdn.tripadvisor.com/media/photo-s/18/c2/27/2c/earl-s-regent-hotel.jpg\"'),(240,13,'\"https://media-cdn.tripadvisor.com/media/oyster-panos/sources/standard--v145474.tiles/wide_700.jpg\"'),(241,13,'\"https://media-cdn.tripadvisor.com/media/photo-s/18/c2/27/2b/earl-s-regent-hotel.jpg\"'),(242,13,'\"https://media-cdn.tripadvisor.com/media/photo-s/18/c2/25/e2/earl-s-regent-hotel.jpg\"'),(243,13,'\"https://media-cdn.tripadvisor.com/media/oyster-panos/sources/standard--v145475.tiles/wide_700.jpg\"'),(244,13,'\"https://media-cdn.tripadvisor.com/media/photo-s/18/c2/25/de/earl-s-regent-hotel.jpg\"'),(245,13,'\"https://media-cdn.tripadvisor.com/media/photo-s/18/c2/25/d5/earl-s-regent-hotel.jpg\"'),(246,13,'\"https://media-cdn.tripadvisor.com/media/oyster-panos/sources/super-deluxe--v145465.tiles/wide_700.jpg\"'),(247,13,'\"https://media-cdn.tripadvisor.com/media/photo-s/18/c2/25/54/earl-s-regent-hotel.jpg\"'),(248,13,'\"https://media-cdn.tripadvisor.com/media/photo-s/18/c2/25/4a/earl-s-regent-hotel.jpg\"'),(249,13,'\"https://media-cdn.tripadvisor.com/media/oyster-panos/sources/pool--v145467.tiles/wide_700.jpg\"'),(250,13,'\"https://media-cdn.tripadvisor.com/media/photo-s/18/c2/25/40/earl-s-regent-hotel.jpg\"'),(251,13,'\"https://media-cdn.tripadvisor.com/media/photo-s/18/c2/25/3a/earl-s-regent-hotel.jpg\"'),(252,13,'\"https://media-cdn.tripadvisor.com/media/oyster-panos/sources/ayu-spa--v145464.tiles/wide_700.jpg\"'),(253,14,'\"https://media-cdn.tripadvisor.com/media/photo-f/0b/5f/f9/c8/evening-pool-view.jpg\"'),(254,14,'\"https://media-cdn.tripadvisor.com/media/photo-f/0b/60/06/30/premier-ocean-view-room.jpg\"'),(255,14,'\"https://media-cdn.tripadvisor.com/media/photo-f/10/bb/04/f2/garden-pool-villa.jpg\"'),(256,14,'\"https://media-cdn.tripadvisor.com/media/photo-f/0b/60/06/d1/arrival-lounge.jpg\"'),(257,14,'\"https://media-cdn.tripadvisor.com/media/photo-f/10/bb/04/0a/premier-beach-access.jpg\"'),(258,14,'\"https://media-cdn.tripadvisor.com/media/photo-f/0b/60/05/14/reception.jpg\"'),(259,14,'\"https://media-cdn.tripadvisor.com/media/photo-f/0b/60/06/d0/resort-pool-view.jpg\"'),(260,14,'\"https://media-cdn.tripadvisor.com/media/photo-s/0e/13/67/1a/verele-restaurant-outdoor.jpg\"'),(261,14,'\"https://media-cdn.tripadvisor.com/media/photo-s/0e/13/67/15/verele-restaurant-beach.jpg\"'),(262,14,'\"https://media-cdn.tripadvisor.com/media/photo-f/10/bb/04/32/premier-ocean-view-room.jpg\"'),(263,14,'\"https://media-cdn.tripadvisor.com/media/photo-s/10/bb/04/1e/premier-ocean-view-room.jpg\"'),(264,14,'\"https://media-cdn.tripadvisor.com/media/photo-f/07/fc/f1/f7/anantara-tangalle-peace.jpg\"'),(265,14,'\"https://media-cdn.tripadvisor.com/media/photo-f/10/bb/05/21/garden-pool-villa.jpg\"'),(266,14,'\"https://media-cdn.tripadvisor.com/media/photo-f/10/bb/04/7f/garden-pool-villa.jpg\"'),(267,14,'\"https://media-cdn.tripadvisor.com/media/photo-f/0b/5f/fb/af/high-tea.jpg\"'),(268,14,'\"https://media-cdn.tripadvisor.com/media/photo-o/0f/51/31/78/conde-nast-hot-list-2017.jpg\"'),(269,14,'\"https://media-cdn.tripadvisor.com/media/photo-f/22/67/ce/fb/view-of-the-gardens-and.jpg\"'),(270,14,'\"https://media-cdn.tripadvisor.com/media/photo-f/22/67/cf/57/exterior-of-verala-restaurant.jpg\"'),(271,14,'\"https://media-cdn.tripadvisor.com/media/photo-f/22/67/cf/55/aerial-view-of-the-pool.jpg\"'),(272,14,'\"https://media-cdn.tripadvisor.com/media/photo-f/22/67/cf/53/pool-bar-with-a-team.jpg\"'),(273,14,'\"https://media-cdn.tripadvisor.com/media/photo-f/22/67/cf/52/aerial-shot-of-pool-with.jpg\"'),(274,14,'\"https://media-cdn.tripadvisor.com/media/photo-f/22/67/cf/51/tennis-court-surrounded.jpg\"'),(275,14,'\"https://media-cdn.tripadvisor.com/media/photo-f/22/67/cf/4e/couple-on-bicycles-in.jpg\"'),(276,14,'\"https://media-cdn.tripadvisor.com/media/photo-f/22/67/cf/4c/premier-ocean-view-room.jpg\"'),(277,15,'\"https://media-cdn.tripadvisor.com/media/photo-s/13/da/48/58/the-blue-water.jpg\"'),(278,15,'\"https://media-cdn.tripadvisor.com/media/photo-s/13/da/47/77/the-blue-water.jpg\"'),(279,15,'\"https://media-cdn.tripadvisor.com/media/oyster-panos/sources/club-suite--v15396.tiles/wide_700.jpg\"'),(280,15,'\"https://media-cdn.tripadvisor.com/media/photo-f/12/2e/90/f7/the-blue-water.jpg\"'),(281,15,'\"https://media-cdn.tripadvisor.com/media/photo-f/13/da/3a/4e/the-blue-water.jpg\"'),(282,15,'\"https://media-cdn.tripadvisor.com/media/oyster-panos/sources/club-suite--v15408.tiles/wide_700.jpg\"'),(283,15,'\"https://media-cdn.tripadvisor.com/media/photo-f/13/da/3d/7f/the-blue-water.jpg\"'),(284,15,'\"https://media-cdn.tripadvisor.com/media/photo-s/13/d3/b3/d2/the-blue-water.jpg\"'),(285,15,'\"https://media-cdn.tripadvisor.com/media/oyster-panos/sources/deluxe-room--v15398.tiles/wide_700.jpg\"'),(286,15,'\"https://media-cdn.tripadvisor.com/media/photo-s/13/d3/b4/05/the-blue-water.jpg\"'),(287,15,'\"https://media-cdn.tripadvisor.com/media/photo-f/13/d3/b2/c0/the-blue-water.jpg\"'),(288,15,'\"https://media-cdn.tripadvisor.com/media/oyster-panos/sources/executive-suite--v15399.tiles/wide_700.jpg\"'),(289,15,'\"https://media-cdn.tripadvisor.com/media/photo-f/13/d3/af/57/the-blue-water.jpg\"'),(290,15,'\"https://media-cdn.tripadvisor.com/media/photo-f/13/d3/b2/a3/the-blue-water.jpg\"'),(291,15,'\"https://media-cdn.tripadvisor.com/media/oyster-panos/sources/executive-suite--v15406.tiles/wide_700.jpg\"'),(292,15,'\"https://media-cdn.tripadvisor.com/media/photo-f/13/d3/b2/dd/the-blue-water.jpg\"'),(293,15,'\"https://media-cdn.tripadvisor.com/media/photo-s/13/d3/af/97/the-blue-water.jpg\"'),(294,15,'\"https://media-cdn.tripadvisor.com/media/oyster-panos/sources/executive-suite--v15409.tiles/wide_700.jpg\"'),(295,15,'\"https://media-cdn.tripadvisor.com/media/photo-s/13/da/47/dd/the-blue-water.jpg\"'),(296,15,'\"https://media-cdn.tripadvisor.com/media/photo-f/13/d3/ae/d7/the-blue-water.jpg\"'),(297,15,'\"https://media-cdn.tripadvisor.com/media/oyster-panos/sources/presidential-suite--v15401.tiles/wide_700.jpg\"'),(298,15,'\"https://media-cdn.tripadvisor.com/media/photo-f/13/c1/25/08/the-blue-water.jpg\"'),(299,15,'\"https://media-cdn.tripadvisor.com/media/photo-f/13/d3/ae/56/the-blue-water.jpg\"'),(300,15,'\"https://media-cdn.tripadvisor.com/media/oyster-panos/sources/presidential-suite--v15403.tiles/wide_700.jpg\"'),(301,16,'\"https://media-cdn.tripadvisor.com/media/photo-s/07/74/db/26/dinning.jpg\"'),(302,16,'\"https://media-cdn.tripadvisor.com/media/photo-f/05/67/4d/da/ella-mount-view-guest.jpg\"'),(303,16,'\"https://media-cdn.tripadvisor.com/media/photo-s/07/74/db/e5/view-from-ella-mount.jpg\"'),(304,16,'\"https://media-cdn.tripadvisor.com/media/photo-f/05/67/4e/1c/ella-mount-view-guest.jpg\"'),(305,16,'\"https://media-cdn.tripadvisor.com/media/photo-f/05/d3/d2/a6/ella-mount-view-guest.jpg\"'),(306,16,'\"https://media-cdn.tripadvisor.com/media/photo-f/05/67/4e/95/ella-mount-view-guest.jpg\"'),(307,16,'\"https://media-cdn.tripadvisor.com/media/photo-s/07/ba/50/a7/view-from-balcony.jpg\"'),(308,16,'\"https://media-cdn.tripadvisor.com/media/photo-s/07/dc/01/e5/train-to-kandy.jpg\"'),(309,16,'\"https://media-cdn.tripadvisor.com/media/photo-s/07/74/db/7b/from-room.jpg\"'),(310,16,'\"https://media-cdn.tripadvisor.com/media/photo-s/07/dc/02/61/trolley.jpg\"'),(311,16,'\"https://media-cdn.tripadvisor.com/media/photo-s/07/74/db/cd/room.jpg\"'),(312,16,'\"https://media-cdn.tripadvisor.com/media/photo-f/05/d3/d2/c1/ella-mount-view-guest.jpg\"'),(313,16,'\"https://media-cdn.tripadvisor.com/media/photo-s/07/84/ef/d4/surrounding.jpg\"'),(314,16,'\"https://media-cdn.tripadvisor.com/media/photo-f/05/67/4e/76/ella-mount-view-guest.jpg\"'),(315,16,'\"https://media-cdn.tripadvisor.com/media/photo-f/05/61/86/11/getlstd-property-photo.jpg\"'),(316,16,'\"https://media-cdn.tripadvisor.com/media/photo-s/07/ba/50/8f/tea-with-view.jpg\"'),(317,16,'\"https://media-cdn.tripadvisor.com/media/photo-s/07/81/6f/7b/from-balcony.jpg\"'),(318,16,'\"https://media-cdn.tripadvisor.com/media/photo-s/07/84/f0/41/view-from-room.jpg\"'),(319,16,'\"https://media-cdn.tripadvisor.com/media/photo-s/07/81/6f/eb/bed-room.jpg\"'),(320,16,'\"https://media-cdn.tripadvisor.com/media/photo-f/05/67/4d/f7/ella-mount-view-guest.jpg\"'),(321,16,'\"https://media-cdn.tripadvisor.com/media/photo-s/07/81/6f/46/bed-room.jpg\"'),(322,16,'\"https://media-cdn.tripadvisor.com/media/photo-s/07/ba/51/46/dinner.jpg\"'),(323,16,'\"https://media-cdn.tripadvisor.com/media/photo-s/07/81/70/66/from-room.jpg\"'),(324,16,'\"https://media-cdn.tripadvisor.com/media/photo-s/07/81/70/5e/surrounding.jpg\"'),(325,17,'\"https://media-cdn.tripadvisor.com/media/photo-f/17/19/33/54/agnus-luxury-villa.jpg\"'),(326,17,'\"https://media-cdn.tripadvisor.com/media/photo-s/16/ba/d8/34/agnus-luxury-villa.jpg\"'),(327,17,'\"https://media-cdn.tripadvisor.com/media/photo-s/17/19/33/b0/agnus-luxury-villa.jpg\"'),(328,17,'\"https://media-cdn.tripadvisor.com/media/photo-f/14/bd/35/d9/getlstd-property-photo.jpg\"'),(329,17,'\"https://media-cdn.tripadvisor.com/media/photo-s/17/19/33/92/agnus-luxury-villa.jpg\"'),(330,17,'\"https://media-cdn.tripadvisor.com/media/photo-f/14/d7/ce/21/agnus-rumassala.jpg\"'),(331,17,'\"https://media-cdn.tripadvisor.com/media/photo-f/16/ba/d9/49/agnus-luxury-villa.jpg\"'),(332,17,'\"https://media-cdn.tripadvisor.com/media/photo-f/14/d7/c7/04/agnus-rumassala.jpg\"'),(333,17,'\"https://media-cdn.tripadvisor.com/media/photo-f/14/d7/d5/a1/agnus-rumassala.jpg\"'),(334,17,'\"https://media-cdn.tripadvisor.com/media/photo-f/14/d7/de/32/agnus-rumassala.jpg\"'),(335,17,'\"https://media-cdn.tripadvisor.com/media/photo-f/17/19/32/b7/agnus-luxury-villa.jpg\"'),(336,17,'\"https://media-cdn.tripadvisor.com/media/photo-f/16/ba/de/05/agnus-luxury-villa.jpg\"'),(337,17,'\"https://media-cdn.tripadvisor.com/media/photo-s/14/d7/c6/2d/agnus-rumassala.jpg\"'),(338,17,'\"https://media-cdn.tripadvisor.com/media/photo-f/14/d7/dc/00/agnus-rumassala.jpg\"'),(339,17,'\"https://media-cdn.tripadvisor.com/media/photo-s/17/19/33/8b/agnus-luxury-villa.jpg\"'),(340,17,'\"https://media-cdn.tripadvisor.com/media/photo-f/14/d7/ca/d2/agnus-rumassala.jpg\"'),(341,17,'\"https://media-cdn.tripadvisor.com/media/photo-f/16/ba/e1/15/agnus-luxury-villa.jpg\"'),(342,17,'\"https://media-cdn.tripadvisor.com/media/photo-f/14/d7/c6/db/agnus-rumassala.jpg\"'),(343,17,'\"https://media-cdn.tripadvisor.com/media/photo-s/16/ba/dd/79/agnus-luxury-villa.jpg\"'),(344,17,'\"https://media-cdn.tripadvisor.com/media/photo-s/17/19/33/80/agnus-luxury-villa.jpg\"'),(345,17,'\"https://media-cdn.tripadvisor.com/media/photo-f/14/d7/d8/36/agnus-rumassala.jpg\"'),(346,17,'\"https://media-cdn.tripadvisor.com/media/photo-s/14/d7/cf/c3/agnus-rumassala.jpg\"'),(347,17,'\"https://media-cdn.tripadvisor.com/media/photo-f/16/ba/d9/8b/agnus-luxury-villa.jpg\"'),(348,17,'\"https://media-cdn.tripadvisor.com/media/photo-f/1c/56/e4/a6/view-from-our-rooftop.jpg\"'),(349,18,'\"https://media-cdn.tripadvisor.com/media/photo-f/1b/5d/e1/ab/the-stunning-fox-kandy.jpg\"'),(350,18,'\"https://media-cdn.tripadvisor.com/media/photo-f/1b/5d/e1/92/fox-kandy-by-fox-resorts.jpg\"'),(351,18,'\"https://media-cdn.tripadvisor.com/media/photo-f/1b/5d/e1/90/poolside-drinks-at-fox.jpg\"'),(352,18,'\"https://media-cdn.tripadvisor.com/media/photo-f/1b/5d/e1/8f/twin-rooms-at-fox-kandy.jpg\"'),(353,18,'\"https://media-cdn.tripadvisor.com/media/photo-f/1b/5d/e1/8e/a-deck-with-a-view-at.jpg\"'),(354,18,'\"https://media-cdn.tripadvisor.com/media/photo-f/1b/5d/e1/8d/twilight-is-our-favourite.jpg\"'),(355,18,'\"https://media-cdn.tripadvisor.com/media/photo-f/1b/5d/e1/8b/thoughtful-and-stylish.jpg\"'),(356,18,'\"https://media-cdn.tripadvisor.com/media/photo-f/1b/5d/e1/8a/misty-mornings-by-the.jpg\"'),(357,18,'\"https://media-cdn.tripadvisor.com/media/photo-f/1b/5d/e1/89/the-lavish-suite-at-fox.jpg\"'),(358,18,'\"https://media-cdn.tripadvisor.com/media/photo-f/1b/5d/e1/88/the-pool-at-fox-kandy.jpg\"'),(359,18,'\"https://media-cdn.tripadvisor.com/media/photo-f/1b/5d/e1/86/every-room-at-fox-kandy.jpg\"'),(360,18,'\"https://media-cdn.tripadvisor.com/media/photo-f/1b/5d/e1/84/every-room-at-fox-kandy.jpg\"'),(361,18,'\"https://media-cdn.tripadvisor.com/media/photo-f/1b/5d/e1/83/misty-mornings-by-the.jpg\"'),(362,18,'\"https://media-cdn.tripadvisor.com/media/photo-f/1b/5d/e1/82/stylishly-furnished-superior.jpg\"'),(363,18,'\"https://media-cdn.tripadvisor.com/media/photo-f/1b/5d/e1/81/the-beautiful-twin-rooms.jpg\"'),(364,18,'\"https://media-cdn.tripadvisor.com/media/photo-f/1b/5d/e1/80/the-suite-at-fox-kandy.jpg\"'),(365,18,'\"https://media-cdn.tripadvisor.com/media/photo-f/1b/5d/e1/7f/superior-rooms-at-fox.jpg\"'),(366,18,'\"https://media-cdn.tripadvisor.com/media/photo-f/1b/5d/e1/7e/a-unique-collection-of.jpg\"'),(367,18,'\"https://media-cdn.tripadvisor.com/media/photo-f/1b/5d/e1/7d/the-bar-at-fox-kandy.jpg\"'),(368,18,'\"https://media-cdn.tripadvisor.com/media/photo-f/1b/5d/e1/7c/entrance-at-fox-kandy.jpg\"'),(369,18,'\"https://media-cdn.tripadvisor.com/media/photo-s/1b/5d/e1/7b/the-reception-at-fox.jpg\"'),(370,18,'\"https://media-cdn.tripadvisor.com/media/photo-f/1b/5d/e1/7a/tropical-design-elements.jpg\"'),(371,18,'\"https://media-cdn.tripadvisor.com/media/photo-f/1b/5d/e1/31/sometimes-it-s-the-simplest.jpg\"'),(372,18,'\"https://media-cdn.tripadvisor.com/media/photo-f/1b/5d/e1/30/stylishly-yours-at-fox.jpg\"'),(373,19,'\"https://media-cdn.tripadvisor.com/media/photo-f/0d/3d/3c/31/pool.jpg\"'),(374,19,'\"https://media-cdn.tripadvisor.com/media/photo-f/03/c7/a7/31/seyara-holiday-resort.jpg\"'),(375,19,'\"https://media-cdn.tripadvisor.com/media/photo-f/0a/78/6b/1e/seyara-holiday-resort.jpg\"'),(376,19,'\"https://media-cdn.tripadvisor.com/media/photo-f/0d/39/16/55/pool.jpg\"'),(377,19,'\"https://media-cdn.tripadvisor.com/media/photo-f/0d/3d/37/d0/room.jpg\"'),(378,19,'\"https://media-cdn.tripadvisor.com/media/photo-f/0d/3d/39/c4/seyara-holiday-resort.jpg\"'),(379,19,'\"https://media-cdn.tripadvisor.com/media/photo-f/0d/3d/38/03/room.jpg\"'),(380,19,'\"https://media-cdn.tripadvisor.com/media/photo-f/0d/3d/3b/0d/seyara-holiday-resort.jpg\"'),(381,19,'\"https://media-cdn.tripadvisor.com/media/photo-f/0a/78/6b/1f/seyara-holiday-resort.jpg\"'),(382,19,'\"https://media-cdn.tripadvisor.com/media/photo-f/0d/3d/37/f4/room.jpg\"'),(383,19,'\"https://media-cdn.tripadvisor.com/media/photo-s/0d/3d/38/69/seyara-holiday-resort.jpg\"'),(384,19,'\"https://media-cdn.tripadvisor.com/media/photo-f/0a/78/6b/22/seyara-holiday-resort.jpg\"'),(385,19,'\"https://media-cdn.tripadvisor.com/media/photo-f/0e/88/f8/d3/photo5jpg.jpg\"'),(386,19,'\"https://media-cdn.tripadvisor.com/media/photo-f/03/c7/93/fe/seyara-holiday-resort.jpg\"'),(387,19,'\"https://media-cdn.tripadvisor.com/media/photo-f/03/c7/93/fd/seyara-holiday-resort.jpg\"'),(388,19,'\"https://media-cdn.tripadvisor.com/media/photo-s/03/c7/93/fb/seyara-holiday-resort.jpg\"'),(389,19,'\"https://media-cdn.tripadvisor.com/media/photo-s/16/73/1b/53/seyara-holiday-resort.jpg\"'),(390,19,'\"https://media-cdn.tripadvisor.com/media/photo-f/16/21/a1/cc/seyara-holiday-resort.jpg\"'),(391,19,'\"https://media-cdn.tripadvisor.com/media/photo-f/12/8a/40/25/seyara-holiday-resort.jpg\"'),(392,19,'\"https://media-cdn.tripadvisor.com/media/photo-f/12/d6/3a/97/entre.jpg\"'),(393,19,'\"https://media-cdn.tripadvisor.com/media/photo-f/11/6f/bb/56/seyara-holiday-resort.jpg\"'),(394,19,'\"https://media-cdn.tripadvisor.com/media/photo-f/0b/02/11/7e/seyara-holiday-resort.jpg\"'),(395,19,'\"https://media-cdn.tripadvisor.com/media/photo-f/12/d6/3a/26/tvabaddsrum.jpg\"'),(396,19,'\"https://media-cdn.tripadvisor.com/media/photo-f/04/3a/7c/4a/seyara-holiday-resort.jpg\"'),(397,20,'\"https://media-cdn.tripadvisor.com/media/photo-f/13/8e/4a/58/entrance.jpg\"'),(398,20,'\"https://media-cdn.tripadvisor.com/media/photo-f/13/4a/0a/9b/restaurant.jpg\"'),(399,20,'\"https://media-cdn.tripadvisor.com/media/photo-f/13/4a/0f/ec/deluxe-room.jpg\"'),(400,20,'\"https://media-cdn.tripadvisor.com/media/photo-f/13/48/e6/b2/oakray-summerhill-breeze.jpg\"'),(401,20,'\"https://media-cdn.tripadvisor.com/media/photo-f/13/4a/0e/8a/deluxe-room.jpg\"'),(402,20,'\"https://media-cdn.tripadvisor.com/media/photo-f/13/4a/15/a5/deluxe-triple-room.jpg\"'),(403,20,'\"https://media-cdn.tripadvisor.com/media/photo-f/13/4a/16/f0/deluxe-triple-room.jpg\"'),(404,20,'\"https://media-cdn.tripadvisor.com/media/photo-f/13/4a/11/7a/deluxe-room.jpg\"'),(405,20,'\"https://media-cdn.tripadvisor.com/media/photo-f/13/4a/16/da/deluxe-triple-room.jpg\"'),(406,20,'\"https://media-cdn.tripadvisor.com/media/photo-f/13/4a/0e/bb/deluxe-room.jpg\"'),(407,20,'\"https://media-cdn.tripadvisor.com/media/photo-f/13/4a/0d/9e/deluxe-room.jpg\"'),(408,20,'\"https://media-cdn.tripadvisor.com/media/photo-f/13/4a/0a/09/oakray-summerhill-breeze.jpg\"'),(409,20,'\"https://media-cdn.tripadvisor.com/media/photo-f/13/4a/0a/58/restaurant.jpg\"'),(410,20,'\"https://media-cdn.tripadvisor.com/media/photo-f/13/4a/0f/34/deluxe-room.jpg\"'),(411,20,'\"https://media-cdn.tripadvisor.com/media/photo-f/13/48/ef/8a/oakray-summerhill-breeze.jpg\"'),(412,20,'\"https://media-cdn.tripadvisor.com/media/photo-f/13/4a/09/d2/oakray-summerhill-breeze.jpg\"'),(413,20,'\"https://media-cdn.tripadvisor.com/media/photo-f/13/4a/16/0f/deluxe-triple-room.jpg\"'),(414,20,'\"https://media-cdn.tripadvisor.com/media/photo-f/13/4a/0a/21/oakray-summerhill-breeze.jpg\"'),(415,20,'\"https://media-cdn.tripadvisor.com/media/photo-f/13/4a/0a/37/oakray-summerhill-breeze.jpg\"'),(416,20,'\"https://media-cdn.tripadvisor.com/media/photo-f/13/48/e8/88/oakray-summerhill-breeze.jpg\"'),(417,20,'\"https://media-cdn.tripadvisor.com/media/photo-f/13/4a/10/3b/deluxe-room.jpg\"'),(418,20,'\"https://media-cdn.tripadvisor.com/media/photo-f/13/4a/16/51/deluxe-triple-room.jpg\"'),(419,20,'\"https://media-cdn.tripadvisor.com/media/photo-f/13/48/f2/b1/oakray-summerhill-breeze.jpg\"'),(420,20,'\"https://media-cdn.tripadvisor.com/media/photo-f/13/48/ee/9b/oakray-summerhill-breeze.jpg\"'),(421,21,'\"https://media-cdn.tripadvisor.com/media/photo-f/16/7b/ad/7c/cinnamon-red-colombo.jpg\"'),(422,21,'\"https://media-cdn.tripadvisor.com/media/photo-f/18/48/5f/c4/cinnamon-red-colombo.jpg\"'),(423,21,'\"https://media-cdn.tripadvisor.com/media/oyster-panos/sources/standard-king-room--v184236.tiles/wide_700.jpg\"'),(424,21,'\"https://media-cdn.tripadvisor.com/media/photo-f/18/48/5f/9e/cinnamon-red-colombo.jpg\"'),(425,21,'\"https://media-cdn.tripadvisor.com/media/photo-f/18/3b/dc/91/cinnamon-red-colombo.jpg\"'),(426,21,'\"https://media-cdn.tripadvisor.com/media/oyster-panos/sources/suite--v184230.tiles/wide_700.jpg\"'),(427,21,'\"https://media-cdn.tripadvisor.com/media/photo-f/18/48/5f/5e/cinnamon-red-colombo.jpg\"'),(428,21,'\"https://media-cdn.tripadvisor.com/media/photo-f/18/3b/dc/a1/cinnamon-red-colombo.jpg\"'),(429,21,'\"https://media-cdn.tripadvisor.com/media/oyster-panos/sources/suite--v184237.tiles/wide_700.jpg\"'),(430,21,'\"https://media-cdn.tripadvisor.com/media/photo-f/18/48/5c/49/cinnamon-red-colombo.jpg\"'),(431,21,'\"https://media-cdn.tripadvisor.com/media/photo-f/18/48/5f/6e/cinnamon-red-colombo.jpg\"'),(432,21,'\"https://media-cdn.tripadvisor.com/media/oyster-panos/sources/pool--v184228.tiles/wide_700.jpg\"'),(433,21,'\"https://media-cdn.tripadvisor.com/media/photo-f/18/48/5c/02/cinnamon-red-colombo.jpg\"'),(434,21,'\"https://media-cdn.tripadvisor.com/media/photo-f/18/48/5f/7b/cinnamon-red-colombo.jpg\"'),(435,21,'\"https://media-cdn.tripadvisor.com/media/oyster-panos/sources/pool--v184234.tiles/wide_700.jpg\"'),(436,21,'\"https://media-cdn.tripadvisor.com/media/photo-f/18/48/5b/ee/cinnamon-red-colombo.jpg\"'),(437,21,'\"https://media-cdn.tripadvisor.com/media/photo-f/18/48/5b/36/cinnamon-red-colombo.jpg\"'),(438,21,'\"https://media-cdn.tripadvisor.com/media/oyster-panos/sources/flavoured--v184229.tiles/wide_700.jpg\"'),(439,21,'\"https://media-cdn.tripadvisor.com/media/photo-f/18/48/5c/42/cinnamon-red-colombo.jpg\"'),(440,21,'\"https://media-cdn.tripadvisor.com/media/photo-f/18/3b/dc/c1/cinnamon-red-colombo.jpg\"'),(441,21,'\"https://media-cdn.tripadvisor.com/media/oyster-panos/sources/cloud-red-roof-top-bar--v184232.tiles/wide_700.jpg\"'),(442,21,'\"https://media-cdn.tripadvisor.com/media/photo-f/16/7b/ab/7a/cinnamon-red-colombo.jpg\"'),(443,21,'\"https://media-cdn.tripadvisor.com/media/photo-f/16/7b/ad/9b/cinnamon-red-colombo.jpg\"'),(444,21,'\"https://media-cdn.tripadvisor.com/media/oyster-panos/sources/flavoured--v184233.tiles/wide_700.jpg\"'),(445,22,'\"https://media-cdn.tripadvisor.com/media/photo-f/16/24/28/40/planters-bungalow-ella.jpg\"'),(446,22,'\"https://media-cdn.tripadvisor.com/media/photo-f/17/15/88/41/ella-planters-bungalow.jpg\"'),(447,22,'\"https://media-cdn.tripadvisor.com/media/photo-f/16/24/2a/09/planters-bungalow-ella.jpg\"'),(448,22,'\"https://media-cdn.tripadvisor.com/media/photo-f/17/15/8a/7e/ella-planters-bungalow.jpg\"'),(449,22,'\"https://media-cdn.tripadvisor.com/media/photo-s/17/16/5c/b4/ella-planters-bungalow.jpg\"'),(450,22,'\"https://media-cdn.tripadvisor.com/media/photo-s/16/24/29/30/planters-bungalow-ella.jpg\"'),(451,22,'\"https://media-cdn.tripadvisor.com/media/photo-s/17/16/5b/ad/ella-planters-bungalow.jpg\"'),(452,22,'\"https://media-cdn.tripadvisor.com/media/photo-f/17/15/8b/1c/ella-planters-bungalow.jpg\"'),(453,22,'\"https://media-cdn.tripadvisor.com/media/photo-s/16/24/28/e8/planters-bungalow-ella.jpg\"'),(454,22,'\"https://media-cdn.tripadvisor.com/media/photo-s/17/16/5d/f6/ella-planters-bungalow.jpg\"'),(455,22,'\"https://media-cdn.tripadvisor.com/media/photo-s/17/16/5b/28/ella-planters-bungalow.jpg\"'),(456,22,'\"https://media-cdn.tripadvisor.com/media/photo-s/16/24/28/9a/planters-bungalow-ella.jpg\"'),(457,22,'\"https://media-cdn.tripadvisor.com/media/photo-s/16/24/29/2a/planters-bungalow-ella.jpg\"'),(458,22,'\"https://media-cdn.tripadvisor.com/media/photo-f/17/15/87/d3/ella-planters-bungalow.jpg\"'),(459,22,'\"https://media-cdn.tripadvisor.com/media/photo-f/17/15/8a/cf/ella-planters-bungalow.jpg\"'),(460,22,'\"https://media-cdn.tripadvisor.com/media/photo-f/07/9d/e9/84/planters-bungalow-ella.jpg\"'),(461,22,'\"https://media-cdn.tripadvisor.com/media/photo-f/07/9d/eb/5d/planters-bungalow-ella.jpg\"'),(462,22,'\"https://media-cdn.tripadvisor.com/media/photo-f/07/9d/e9/72/planters-bungalow-ella.jpg\"'),(463,22,'\"https://media-cdn.tripadvisor.com/media/photo-f/01/c4/3d/44/planter-s-bungalow.jpg\"'),(464,22,'\"https://media-cdn.tripadvisor.com/media/photo-s/10/1e/d6/4e/plantersbungalow.jpg\"'),(465,22,'\"https://media-cdn.tripadvisor.com/media/photo-f/07/9d/e8/22/planters-bungalow-ella.jpg\"'),(466,22,'\"https://media-cdn.tripadvisor.com/media/photo-s/07/9d/e9/e7/planters-bungalow-ella.jpg\"'),(467,22,'\"https://media-cdn.tripadvisor.com/media/photo-f/07/9d/ea/6d/planters-bungalow-ella.jpg\"'),(468,22,'\"https://media-cdn.tripadvisor.com/media/photo-s/0a/b4/ce/8f/bungalow.jpg\"'),(469,23,'\"https://media-cdn.tripadvisor.com/media/photo-s/16/41/5d/89/ekho-surf.jpg\"'),(470,23,'\"https://media-cdn.tripadvisor.com/media/photo-f/0b/07/8b/be/cool-pool.jpg\"'),(471,23,'\"https://media-cdn.tripadvisor.com/media/oyster-panos/sources/deluxe-room--v14553.tiles/wide_700.jpg\"'),(472,23,'\"https://media-cdn.tripadvisor.com/media/photo-f/16/af/17/52/ekho-surf.jpg\"'),(473,23,'\"https://media-cdn.tripadvisor.com/media/photo-f/16/af/17/4f/ekho-surf.jpg\"'),(474,23,'\"https://media-cdn.tripadvisor.com/media/oyster-panos/sources/deluxe-room--v14559.tiles/wide_700.jpg\"'),(475,23,'\"https://media-cdn.tripadvisor.com/media/photo-f/16/af/17/61/ekho-surf.jpg\"'),(476,23,'\"https://media-cdn.tripadvisor.com/media/photo-f/0b/07/88/fd/sample.jpg\"'),(477,23,'\"https://media-cdn.tripadvisor.com/media/oyster-panos/sources/superior-room--v14549.tiles/wide_700.jpg\"'),(478,23,'\"https://media-cdn.tripadvisor.com/media/photo-f/0b/07/8b/c6/superior-room.jpg\"'),(479,23,'\"https://media-cdn.tripadvisor.com/media/photo-f/0b/07/8b/c3/superior-room.jpg\"'),(480,23,'\"https://media-cdn.tripadvisor.com/media/oyster-panos/sources/superior-room--v14556.tiles/wide_700.jpg\"'),(481,23,'\"https://media-cdn.tripadvisor.com/media/photo-f/16/af/17/44/ekho-surf.jpg\"'),(482,23,'\"https://media-cdn.tripadvisor.com/media/photo-f/16/af/17/59/ekho-surf.jpg\"'),(483,23,'\"https://media-cdn.tripadvisor.com/media/oyster-panos/sources/beach--v14552.tiles/wide_700.jpg\"'),(484,23,'\"https://media-cdn.tripadvisor.com/media/photo-f/16/af/17/55/ekho-surf.jpg\"'),(485,23,'\"https://media-cdn.tripadvisor.com/media/photo-f/16/af/17/2c/relax-and-unwind-with.jpg\"'),(486,23,'\"https://media-cdn.tripadvisor.com/media/oyster-panos/sources/beach--v14562.tiles/wide_700.jpg\"'),(487,23,'\"https://media-cdn.tripadvisor.com/media/photo-f/16/af/17/32/ekho-surf.jpg\"'),(488,23,'\"https://media-cdn.tripadvisor.com/media/photo-f/16/af/17/68/ekho-surf.jpg\"'),(489,23,'\"https://media-cdn.tripadvisor.com/media/oyster-panos/sources/beach--v14563.tiles/wide_700.jpg\"'),(490,23,'\"https://media-cdn.tripadvisor.com/media/photo-f/16/af/17/10/beach-view.jpg\"'),(491,23,'\"https://media-cdn.tripadvisor.com/media/photo-f/16/af/17/08/the-famous-golden-mile.jpg\"'),(492,23,'\"https://media-cdn.tripadvisor.com/media/oyster-panos/sources/gamburu-deep-pool--v14550.tiles/wide_700.jpg\"'),(493,24,'\"https://media-cdn.tripadvisor.com/media/photo-s/16/5c/59/a3/citrus-waskaduwa.jpg\"'),(494,24,'\"https://media-cdn.tripadvisor.com/media/photo-s/16/5c/59/b5/citrus-waskaduwa.jpg\"'),(495,24,'\"https://media-cdn.tripadvisor.com/media/photo-f/16/5c/59/b2/citrus-waskaduwa.jpg\"'),(496,24,'\"https://media-cdn.tripadvisor.com/media/photo-f/16/5c/59/9a/citrus-waskaduwa.jpg\"'),(497,24,'\"https://media-cdn.tripadvisor.com/media/photo-f/16/5c/59/ad/citrus-waskaduwa.jpg\"'),(498,24,'\"https://media-cdn.tripadvisor.com/media/photo-f/16/5c/59/96/citrus-waskaduwa.jpg\"'),(499,24,'\"https://media-cdn.tripadvisor.com/media/photo-s/16/5c/59/bd/citrus-waskaduwa.jpg\"'),(500,24,'\"https://media-cdn.tripadvisor.com/media/photo-s/05/c9/aa/d5/citrus-waskaduwa.jpg\"'),(501,24,'\"https://media-cdn.tripadvisor.com/media/photo-f/06/30/3e/a5/citrus-waskaduwa.jpg\"'),(502,24,'\"https://media-cdn.tripadvisor.com/media/photo-f/0d/b3/c2/68/citrus-waskaduwa.jpg\"'),(503,24,'\"https://media-cdn.tripadvisor.com/media/photo-f/05/c9/a6/dc/citrus-waskaduwa.jpg\"'),(504,24,'\"https://media-cdn.tripadvisor.com/media/photo-f/0d/b3/c1/fb/citrus-waskaduwa.jpg\"'),(505,24,'\"https://media-cdn.tripadvisor.com/media/photo-f/0d/b3/c1/f4/citrus-waskaduwa.jpg\"'),(506,24,'\"https://media-cdn.tripadvisor.com/media/photo-f/0d/b3/c0/d7/citrus-waskaduwa.jpg\"'),(507,24,'\"https://media-cdn.tripadvisor.com/media/photo-f/0d/b3/c2/5d/citrus-waskaduwa.jpg\"'),(508,24,'\"https://media-cdn.tripadvisor.com/media/photo-f/06/30/3f/3d/citrus-waskaduwa.jpg\"'),(509,24,'\"https://media-cdn.tripadvisor.com/media/photo-f/0d/b3/c1/df/citrus-waskaduwa.jpg\"'),(510,24,'\"https://media-cdn.tripadvisor.com/media/photo-f/0d/b3/c0/f4/citrus-waskaduwa.jpg\"'),(511,24,'\"https://media-cdn.tripadvisor.com/media/photo-s/0d/b3/c2/01/citrus-waskaduwa.jpg\"'),(512,24,'\"https://media-cdn.tripadvisor.com/media/photo-f/0d/b3/c1/e3/citrus-waskaduwa.jpg\"'),(513,24,'\"https://media-cdn.tripadvisor.com/media/photo-f/0d/b3/c2/29/citrus-waskaduwa.jpg\"'),(514,24,'\"https://media-cdn.tripadvisor.com/media/photo-f/0d/b3/c2/49/citrus-waskaduwa.jpg\"'),(515,24,'\"https://media-cdn.tripadvisor.com/media/photo-f/0d/b3/c2/23/citrus-waskaduwa.jpg\"'),(516,24,'\"https://media-cdn.tripadvisor.com/media/photo-f/0d/b3/c0/c3/citrus-waskaduwa.jpg\"'),(517,25,'\"https://media-cdn.tripadvisor.com/media/photo-f/19/4d/a1/ca/jetwing-sea.jpg\"'),(518,25,'\"https://media-cdn.tripadvisor.com/media/photo-s/19/4f/e7/ce/jetwing-sea.jpg\"'),(519,25,'\"https://media-cdn.tripadvisor.com/media/oyster-panos/sources/deluxe-room--v14756.tiles/wide_700.jpg\"'),(520,25,'\"https://media-cdn.tripadvisor.com/media/photo-f/19/4d/78/6e/jetwing-sea.jpg\"'),(521,25,'\"https://media-cdn.tripadvisor.com/media/photo-f/19/4d/bd/7a/jetwing-sea.jpg\"'),(522,25,'\"https://media-cdn.tripadvisor.com/media/oyster-panos/sources/deluxe-room--v14760.tiles/wide_700.jpg\"'),(523,25,'\"https://media-cdn.tripadvisor.com/media/photo-f/19/4d/bc/f0/jetwing-sea.jpg\"'),(524,25,'\"https://media-cdn.tripadvisor.com/media/photo-s/19/4d/78/57/jetwing-sea.jpg\"'),(525,25,'\"https://media-cdn.tripadvisor.com/media/oyster-panos/sources/deluxe-room--v14761.tiles/wide_700.jpg\"'),(526,25,'\"https://media-cdn.tripadvisor.com/media/photo-s/19/4d/bc/79/jetwing-sea.jpg\"'),(527,25,'\"https://media-cdn.tripadvisor.com/media/photo-s/19/4d/78/bb/jetwing-sea.jpg\"'),(528,25,'\"https://media-cdn.tripadvisor.com/media/oyster-panos/sources/standard-room--v14752.tiles/wide_700.jpg\"'),(529,25,'\"https://media-cdn.tripadvisor.com/media/photo-f/01/c8/64/33/hotel-at-sunset.jpg\"'),(530,25,'\"https://media-cdn.tripadvisor.com/media/photo-f/12/50/63/a1/jetwing-sea.jpg\"'),(531,25,'\"https://media-cdn.tripadvisor.com/media/oyster-panos/sources/standard-room--v14757.tiles/wide_700.jpg\"'),(532,25,'\"https://media-cdn.tripadvisor.com/media/photo-f/0d/86/0f/4d/lounge-balcony.jpg\"'),(533,25,'\"https://media-cdn.tripadvisor.com/media/photo-f/12/50/62/59/beach-front.jpg\"'),(534,25,'\"https://media-cdn.tripadvisor.com/media/oyster-panos/sources/suite--v14755.tiles/wide_700.jpg\"'),(535,25,'\"https://media-cdn.tripadvisor.com/media/photo-f/12/50/63/9a/deluxe-bathroom.jpg\"'),(536,25,'\"https://media-cdn.tripadvisor.com/media/photo-f/19/4d/6f/ca/jetwing-sea.jpg\"'),(537,25,'\"https://media-cdn.tripadvisor.com/media/oyster-panos/sources/suite--v14759.tiles/wide_700.jpg\"'),(538,25,'\"https://media-cdn.tripadvisor.com/media/photo-f/19/4f/9b/8b/jetwing-sea.jpg\"'),(539,25,'\"https://media-cdn.tripadvisor.com/media/photo-f/19/4f/99/82/jetwing-sea.jpg\"'),(540,25,'\"https://media-cdn.tripadvisor.com/media/oyster-panos/sources/beach--v14762.tiles/wide_700.jpg\"'),(541,26,'\"https://media-cdn.tripadvisor.com/media/photo-f/0e/75/d8/95/infinity-pool.jpg\"'),(542,26,'\"https://media-cdn.tripadvisor.com/media/photo-f/0e/75/dc/40/cafe-m-coffee-shop.jpg\"'),(543,26,'\"https://media-cdn.tripadvisor.com/media/photo-f/0e/75/da/23/premium-double.jpg\"'),(544,26,'\"https://media-cdn.tripadvisor.com/media/photo-f/0e/75/d7/ef/infinity-pool.jpg\"'),(545,26,'\"https://media-cdn.tripadvisor.com/media/photo-f/0e/75/d8/21/infinity-pool.jpg\"'),(546,26,'\"https://media-cdn.tripadvisor.com/media/photo-f/0e/75/db/de/deluxe-twin.jpg\"'),(547,26,'\"https://media-cdn.tripadvisor.com/media/photo-f/0e/75/d9/ce/standard-twin.jpg\"'),(548,26,'\"https://media-cdn.tripadvisor.com/media/photo-f/0e/75/d8/3d/infinity-pool.jpg\"'),(549,26,'\"https://media-cdn.tripadvisor.com/media/photo-f/0e/75/d4/76/in-room-dining.jpg\"'),(550,26,'\"https://media-cdn.tripadvisor.com/media/photo-f/0e/75/d9/3d/on-the-eleventh-restaurant.jpg\"'),(551,26,'\"https://media-cdn.tripadvisor.com/media/photo-f/0e/75/d9/aa/standard-double.jpg\"'),(552,26,'\"https://media-cdn.tripadvisor.com/media/photo-f/0e/75/da/4d/premium-double.jpg\"'),(553,26,'\"https://media-cdn.tripadvisor.com/media/photo-f/0e/75/d4/50/in-room-dining.jpg\"'),(554,26,'\"https://media-cdn.tripadvisor.com/media/photo-f/0e/75/d4/b9/buffet.jpg\"'),(555,26,'\"https://media-cdn.tripadvisor.com/media/photo-f/0e/7b/c1/5d/infinity-pool.jpg\"'),(556,26,'\"https://media-cdn.tripadvisor.com/media/photo-f/0e/75/d9/c3/standard-double.jpg\"'),(557,26,'\"https://media-cdn.tripadvisor.com/media/photo-f/0e/75/da/db/reception.jpg\"'),(558,26,'\"https://media-cdn.tripadvisor.com/media/photo-f/0e/75/db/ed/in-room-dining.jpg\"'),(559,26,'\"https://media-cdn.tripadvisor.com/media/photo-f/0e/75/d9/0c/on-the-eleventh-restaurant.jpg\"'),(560,26,'\"https://media-cdn.tripadvisor.com/media/photo-f/0e/75/d4/ee/buffet.jpg\"'),(561,26,'\"https://media-cdn.tripadvisor.com/media/photo-f/0e/75/d9/ba/in-room-dining.jpg\"'),(562,26,'\"https://media-cdn.tripadvisor.com/media/photo-f/0e/75/d8/5e/infinity-pool.jpg\"'),(563,26,'\"https://media-cdn.tripadvisor.com/media/photo-f/0e/75/d9/d3/in-room-dining.jpg\"'),(564,26,'\"https://media-cdn.tripadvisor.com/media/photo-f/0e/75/db/63/gym.jpg\"'),(565,27,'\"https://media-cdn.tripadvisor.com/media/photo-f/0d/cd/e4/f4/citrus-hikkaduwa.jpg\"'),(566,27,'\"https://media-cdn.tripadvisor.com/media/photo-s/0d/b3/b7/6e/citrus-hikkaduwa.jpg\"'),(567,27,'\"https://media-cdn.tripadvisor.com/media/oyster-panos/sources/deluxe-room-sea-view--v58119.tiles/wide_700.jpg\"'),(568,27,'\"https://media-cdn.tripadvisor.com/media/photo-f/09/1c/b1/52/pool--v8799747.jpg\"'),(569,27,'\"https://media-cdn.tripadvisor.com/media/photo-s/0d/b3/bb/58/citrus-hikkaduwa.jpg\"'),(570,27,'\"https://media-cdn.tripadvisor.com/media/oyster-panos/sources/beach--v58126.tiles/wide_700.jpg\"'),(571,27,'\"https://media-cdn.tripadvisor.com/media/photo-s/0d/b3/bb/62/citrus-hikkaduwa.jpg\"'),(572,27,'\"https://media-cdn.tripadvisor.com/media/photo-s/0d/b3/bb/5d/citrus-hikkaduwa.jpg\"'),(573,27,'\"https://media-cdn.tripadvisor.com/media/oyster-panos/sources/pool--v58120.tiles/wide_700.jpg\"'),(574,27,'\"https://media-cdn.tripadvisor.com/media/photo-s/0d/b3/bb/88/citrus-hikkaduwa.jpg\"'),(575,27,'\"https://media-cdn.tripadvisor.com/media/photo-f/0d/b3/b6/e9/citrus-hikkaduwa.jpg\"'),(576,27,'\"https://media-cdn.tripadvisor.com/media/oyster-panos/sources/pool--v58122.tiles/wide_700.jpg\"'),(577,27,'\"https://media-cdn.tripadvisor.com/media/photo-s/16/5b/67/ea/citrus-hikkaduwa.jpg\"'),(578,27,'\"https://media-cdn.tripadvisor.com/media/photo-s/16/5b/68/0f/citrus-hikkaduwa.jpg\"'),(579,27,'\"https://media-cdn.tripadvisor.com/media/oyster-panos/sources/summer-salt--v58121.tiles/wide_700.jpg\"'),(580,27,'\"https://media-cdn.tripadvisor.com/media/photo-f/16/5b/66/a3/citrus-hikkaduwa.jpg\"'),(581,27,'\"https://media-cdn.tripadvisor.com/media/photo-f/16/5b/66/39/citrus-hikkaduwa.jpg\"'),(582,27,'\"https://media-cdn.tripadvisor.com/media/oyster-panos/sources/lemon-fish--v58124.tiles/wide_700.jpg\"'),(583,27,'\"https://media-cdn.tripadvisor.com/media/photo-f/16/5b/67/34/citrus-hikkaduwa.jpg\"'),(584,27,'\"https://media-cdn.tripadvisor.com/media/photo-f/16/5b/66/65/citrus-hikkaduwa.jpg\"'),(585,27,'\"https://media-cdn.tripadvisor.com/media/oyster-panos/sources/summer-salt--v58125.tiles/wide_700.jpg\"'),(586,27,'\"https://media-cdn.tripadvisor.com/media/photo-s/16/5b/69/23/citrus-hikkaduwa.jpg\"'),(587,27,'\"https://media-cdn.tripadvisor.com/media/photo-f/16/5b/65/ee/citrus-hikkaduwa.jpg\"'),(588,27,'\"https://media-cdn.tripadvisor.com/media/oyster-panos/sources/lobby--v58123.tiles/wide_700.jpg\"'),(589,28,'\"https://media-cdn.tripadvisor.com/media/photo-f/16/5d/1f/62/nooit-gedacht-heritage.jpg\"'),(590,28,'\"https://media-cdn.tripadvisor.com/media/photo-f/16/5d/3e/ff/nooit-gedacht-heritage.jpg\"'),(591,28,'\"https://media-cdn.tripadvisor.com/media/photo-f/16/5d/65/15/ayurveda-spa.jpg\"'),(592,28,'\"https://media-cdn.tripadvisor.com/media/photo-f/16/5d/1d/b5/nooit-gedacht-heritage.jpg\"'),(593,28,'\"https://media-cdn.tripadvisor.com/media/photo-f/16/5d/65/dc/spa.jpg\"'),(594,28,'\"https://media-cdn.tripadvisor.com/media/photo-f/16/5d/41/3a/nooit-gedacht-heritage.jpg\"'),(595,28,'\"https://media-cdn.tripadvisor.com/media/photo-f/16/5d/65/a0/spa.jpg\"'),(596,28,'\"https://media-cdn.tripadvisor.com/media/photo-f/16/5d/52/a9/nooit-gedacht-heritage.jpg\"'),(597,28,'\"https://media-cdn.tripadvisor.com/media/photo-f/16/5d/64/c0/ayurveda-spa.jpg\"'),(598,28,'\"https://media-cdn.tripadvisor.com/media/photo-f/16/5d/45/e5/nooit-gedacht-heritage.jpg\"'),(599,28,'\"https://media-cdn.tripadvisor.com/media/photo-f/16/5d/44/15/nooit-gedacht-heritage.jpg\"'),(600,28,'\"https://media-cdn.tripadvisor.com/media/photo-f/16/5d/4b/59/nooit-gedacht-heritage.jpg\"'),(601,28,'\"https://media-cdn.tripadvisor.com/media/photo-f/12/54/84/7a/nooit-gedacht-heritage.jpg\"'),(602,28,'\"https://media-cdn.tripadvisor.com/media/photo-f/16/5d/65/60/ayurveda-spa.jpg\"'),(603,28,'\"https://media-cdn.tripadvisor.com/media/photo-f/16/5d/64/7a/ayurveda-spa.jpg\"'),(604,28,'\"https://media-cdn.tripadvisor.com/media/photo-f/16/5d/4c/32/nooit-gedacht-heritage.jpg\"'),(605,28,'\"https://media-cdn.tripadvisor.com/media/photo-f/03/c5/ca/56/nooit-gedacht-ayurveda.jpg\"'),(606,28,'\"https://media-cdn.tripadvisor.com/media/photo-f/03/c5/cd/15/nooit-gedacht-ayurveda.jpg\"'),(607,28,'\"https://media-cdn.tripadvisor.com/media/photo-f/1a/bc/c6/c2/pool-with-a-jungle-view.jpg\"'),(608,28,'\"https://media-cdn.tripadvisor.com/media/photo-f/1a/cc/91/7d/governor-s-restaurant.jpg\"'),(609,28,'\"https://media-cdn.tripadvisor.com/media/photo-s/1a/cc/90/42/pool.jpg\"'),(610,28,'\"https://media-cdn.tripadvisor.com/media/photo-f/1a/cc/8e/67/nooit-gedacht-heritage.jpg\"'),(611,28,'\"https://media-cdn.tripadvisor.com/media/photo-f/1a/cc/7c/04/the-governor-s-family.jpg\"'),(612,28,'\"https://media-cdn.tripadvisor.com/media/photo-f/1a/cc/7a/b0/nooit-gedacht-heritage.jpg\"'),(613,29,'\"https://media-cdn.tripadvisor.com/media/photo-f/17/8a/8b/d4/fairway-colombo.jpg\"'),(614,29,'\"https://media-cdn.tripadvisor.com/media/photo-f/11/33/6f/60/fairway-colombo.jpg\"'),(615,29,'\"https://media-cdn.tripadvisor.com/media/photo-s/0c/cc/43/22/zmax-fairway-colombo.jpg\"'),(616,29,'\"https://media-cdn.tripadvisor.com/media/photo-f/11/5a/3f/12/building.jpg\"'),(617,29,'\"https://media-cdn.tripadvisor.com/media/photo-f/11/5a/40/5b/roof-top-bar.jpg\"'),(618,29,'\"https://media-cdn.tripadvisor.com/media/photo-f/0e/a6/da/86/z-deluxe-suite-king.jpg\"'),(619,29,'\"https://media-cdn.tripadvisor.com/media/photo-f/0d/48/cd/4d/zmax-fairway-colombo.jpg\"'),(620,29,'\"https://media-cdn.tripadvisor.com/media/photo-s/0c/dc/55/06/our-double-room.jpg\"'),(621,29,'\"https://media-cdn.tripadvisor.com/media/photo-f/18/26/3f/fa/fairway-colombo.jpg\"'),(622,29,'\"https://media-cdn.tripadvisor.com/media/photo-f/18/26/0a/a3/fairway-colombo.jpg\"'),(623,29,'\"https://media-cdn.tripadvisor.com/media/photo-f/18/26/0a/99/fairway-colombo.jpg\"'),(624,29,'\"https://media-cdn.tripadvisor.com/media/photo-f/18/26/0f/ab/fairway-colombo.jpg\"'),(625,29,'\"https://media-cdn.tripadvisor.com/media/photo-f/18/26/0f/f0/fairway-colombo.jpg\"'),(626,29,'\"https://media-cdn.tripadvisor.com/media/photo-s/18/26/0a/8a/fairway-colombo.jpg\"'),(627,29,'\"https://media-cdn.tripadvisor.com/media/photo-f/17/8a/90/54/lobby.jpg\"'),(628,29,'\"https://media-cdn.tripadvisor.com/media/photo-f/17/8a/8b/ec/fairway-colombo.jpg\"'),(629,29,'\"https://media-cdn.tripadvisor.com/media/photo-f/17/8a/89/90/fairway-colombo.jpg\"'),(630,29,'\"https://media-cdn.tripadvisor.com/media/photo-f/17/8a/90/75/fairway-colombo.jpg\"'),(631,29,'\"https://media-cdn.tripadvisor.com/media/photo-s/17/8a/90/92/living-area-suite-room.jpg\"'),(632,29,'\"https://media-cdn.tripadvisor.com/media/photo-f/17/8a/89/a9/fairway-colombo.jpg\"'),(633,29,'\"https://media-cdn.tripadvisor.com/media/photo-f/11/33/71/1d/gym.jpg\"'),(634,29,'\"https://media-cdn.tripadvisor.com/media/photo-s/0c/c1/fa/68/z-home-twin.jpg\"'),(635,29,'\"https://media-cdn.tripadvisor.com/media/photo-s/0c/c1/fa/63/z-home-king.jpg\"'),(636,29,'\"https://media-cdn.tripadvisor.com/media/photo-f/0c/dc/59/5a/suite-room.jpg\"'),(637,30,'\"https://media-cdn.tripadvisor.com/media/photo-f/12/9d/57/98/cinnamon-lakeside-colombo.jpg\"'),(638,30,'\"https://media-cdn.tripadvisor.com/media/photo-f/12/9d/57/6b/8-degrees-event-space.jpg\"'),(639,30,'\"https://media-cdn.tripadvisor.com/media/oyster-panos/sources/executive-king-room--v15252.tiles/wide_700.jpg\"'),(640,30,'\"https://media-cdn.tripadvisor.com/media/photo-f/12/9d/57/fe/presidential-suite.jpg\"'),(641,30,'\"https://media-cdn.tripadvisor.com/media/photo-s/12/9d/59/eb/cinnamon-lakeside-colombo.jpg\"'),(642,30,'\"https://media-cdn.tripadvisor.com/media/oyster-panos/sources/premium-king-room--v15257.tiles/wide_700.jpg\"'),(643,30,'\"https://media-cdn.tripadvisor.com/media/photo-f/12/9d/57/88/7-degrees.jpg\"'),(644,30,'\"https://media-cdn.tripadvisor.com/media/photo-f/01/c7/79/e5/7-degrees-north-at-night.jpg\"'),(645,30,'\"https://media-cdn.tripadvisor.com/media/oyster-panos/sources/presidential-suite--v15251.tiles/wide_700.jpg\"'),(646,30,'\"https://media-cdn.tripadvisor.com/media/photo-s/12/9d/58/08/presidential-suite-living.jpg\"'),(647,30,'\"https://media-cdn.tripadvisor.com/media/photo-f/12/9d/57/f9/premium-room.jpg\"'),(648,30,'\"https://media-cdn.tripadvisor.com/media/oyster-panos/sources/presidential-suite--v15255.tiles/wide_700.jpg\"'),(649,30,'\"https://media-cdn.tripadvisor.com/media/photo-f/01/c7/79/e3/view-from-7-degrees-north.jpg\"'),(650,30,'\"https://media-cdn.tripadvisor.com/media/photo-f/12/9d/58/14/superior-twin-room.jpg\"'),(651,30,'\"https://media-cdn.tripadvisor.com/media/oyster-panos/sources/presidential-suite--v15258.tiles/wide_700.jpg\"'),(652,30,'\"https://media-cdn.tripadvisor.com/media/photo-f/01/c7/79/ed/front-face-of-hotel.jpg\"'),(653,30,'\"https://media-cdn.tripadvisor.com/media/photo-f/01/c7/79/f2/long-feng-the-finest.jpg\"'),(654,30,'\"https://media-cdn.tripadvisor.com/media/oyster-panos/sources/presidential-suite--v15261.tiles/wide_700.jpg\"'),(655,30,'\"https://media-cdn.tripadvisor.com/media/photo-f/12/9d/57/df/sushi-bar.jpg\"'),(656,30,'\"https://media-cdn.tripadvisor.com/media/photo-f/12/9d/57/73/the-dining-room.jpg\"'),(657,30,'\"https://media-cdn.tripadvisor.com/media/oyster-panos/sources/superior-room--v15259.tiles/wide_700.jpg\"'),(658,30,'\"https://media-cdn.tripadvisor.com/media/photo-s/12/9d/57/a4/the-library.jpg\"'),(659,30,'\"https://media-cdn.tripadvisor.com/media/photo-f/12/9d/57/cf/royal-thai.jpg\"'),(660,30,'\"https://media-cdn.tripadvisor.com/media/oyster-panos/sources/pool--v15254.tiles/wide_700.jpg\"'),(661,31,'\"https://media-cdn.tripadvisor.com/media/photo-f/13/f4/b5/1f/the-grand-hotel.jpg\"'),(662,31,'\"https://media-cdn.tripadvisor.com/media/photo-f/23/ad/04/30/the-grand-hotel.jpg\"'),(663,31,'\"https://media-cdn.tripadvisor.com/media/photo-s/23/ad/04/43/the-grand-hotel.jpg\"'),(664,31,'\"https://media-cdn.tripadvisor.com/media/photo-s/23/ad/04/3f/the-grand-hotel.jpg\"'),(665,31,'\"https://media-cdn.tripadvisor.com/media/photo-s/23/ad/04/3d/the-grand-hotel.jpg\"'),(666,31,'\"https://media-cdn.tripadvisor.com/media/photo-f/23/ad/04/3b/the-grand-hotel.jpg\"'),(667,31,'\"https://media-cdn.tripadvisor.com/media/photo-s/23/ad/04/3a/the-grand-hotel.jpg\"'),(668,31,'\"https://media-cdn.tripadvisor.com/media/photo-s/23/ad/04/37/the-grand-hotel.jpg\"'),(669,31,'\"https://media-cdn.tripadvisor.com/media/photo-s/23/ad/04/2e/bar.jpg\"'),(670,31,'\"https://media-cdn.tripadvisor.com/media/photo-s/23/ad/04/2a/the-grand-hotel.jpg\"'),(671,31,'\"https://media-cdn.tripadvisor.com/media/photo-f/23/ad/04/23/the-grand-hotel.jpg\"'),(672,31,'\"https://media-cdn.tripadvisor.com/media/photo-s/23/ad/04/20/the-grand-hotel.jpg\"'),(673,31,'\"https://media-cdn.tripadvisor.com/media/photo-s/23/ad/04/0d/the-grand-hotel.jpg\"'),(674,31,'\"https://media-cdn.tripadvisor.com/media/photo-s/23/ad/04/0a/the-grand-hotel.jpg\"'),(675,31,'\"https://media-cdn.tripadvisor.com/media/photo-s/23/ad/04/06/the-grand-hotel.jpg\"'),(676,31,'\"https://media-cdn.tripadvisor.com/media/photo-s/23/ad/04/05/the-grand-hotel.jpg\"'),(677,31,'\"https://media-cdn.tripadvisor.com/media/photo-f/23/ad/04/03/the-grand-hotel.jpg\"'),(678,31,'\"https://media-cdn.tripadvisor.com/media/photo-s/23/ad/04/02/the-grand-hotel.jpg\"'),(679,31,'\"https://media-cdn.tripadvisor.com/media/photo-s/23/ad/04/01/the-grand-hotel.jpg\"'),(680,31,'\"https://media-cdn.tripadvisor.com/media/photo-f/23/ad/03/fb/the-grand-hotel.jpg\"'),(681,31,'\"https://media-cdn.tripadvisor.com/media/photo-s/23/ad/03/f8/the-grand-hotel.jpg\"'),(682,31,'\"https://media-cdn.tripadvisor.com/media/photo-f/23/ad/03/f6/the-grand-hotel.jpg\"'),(683,31,'\"https://media-cdn.tripadvisor.com/media/photo-s/23/ad/03/f3/spa.jpg\"'),(684,31,'\"https://media-cdn.tripadvisor.com/media/photo-s/23/ad/03/f1/the-grand-hotel.jpg\"'),(685,32,'\"https://media-cdn.tripadvisor.com/media/photo-f/02/6f/4f/03/avani-pool.jpg\"'),(686,32,'\"https://media-cdn.tripadvisor.com/media/photo-f/11/e0/bc/98/avani-bentota-resort.jpg\"'),(687,32,'\"https://media-cdn.tripadvisor.com/media/oyster-panos/sources/deluxe-room--v15133.tiles/wide_700.jpg\"'),(688,32,'\"https://media-cdn.tripadvisor.com/media/photo-s/1a/e3/a2/78/avani-bentota-resort.jpg\"'),(689,32,'\"https://media-cdn.tripadvisor.com/media/photo-s/1a/e3/a2/21/avani-bentota-resort.jpg\"'),(690,32,'\"https://media-cdn.tripadvisor.com/media/oyster-panos/sources/standard-room--v15122.tiles/wide_700.jpg\"'),(691,32,'\"https://media-cdn.tripadvisor.com/media/photo-f/02/6f/4e/fe/pool-and-beach-view.jpg\"'),(692,32,'\"https://media-cdn.tripadvisor.com/media/photo-f/02/6f/4f/02/avani-suite.jpg\"'),(693,32,'\"https://media-cdn.tripadvisor.com/media/oyster-panos/sources/superior-room--v15129.tiles/wide_700.jpg\"'),(694,32,'\"https://media-cdn.tripadvisor.com/media/photo-f/02/6f/4f/08/hotel-lounge.jpg\"'),(695,32,'\"https://media-cdn.tripadvisor.com/media/photo-f/11/e0/ba/2c/avani-bentota-resort.jpg\"'),(696,32,'\"https://media-cdn.tripadvisor.com/media/oyster-panos/sources/beach--v15123.tiles/wide_700.jpg\"'),(697,32,'\"https://media-cdn.tripadvisor.com/media/photo-f/11/e0/b5/4f/avani-bentota-resort.jpg\"'),(698,32,'\"https://media-cdn.tripadvisor.com/media/photo-f/11/e0/ba/cb/avani-bentota-resort.jpg\"'),(699,32,'\"https://media-cdn.tripadvisor.com/media/oyster-panos/sources/beach--v15139.tiles/wide_700.jpg\"'),(700,32,'\"https://media-cdn.tripadvisor.com/media/photo-f/11/e0/bc/fa/avani-bentota-resort.jpg\"'),(701,32,'\"https://media-cdn.tripadvisor.com/media/photo-f/11/e0/b8/44/avani-bentota-resort.jpg\"'),(702,32,'\"https://media-cdn.tripadvisor.com/media/oyster-panos/sources/family-friendly-pool--v15121.tiles/wide_700.jpg\"'),(703,32,'\"https://media-cdn.tripadvisor.com/media/photo-f/11/e0/ba/5d/avani-bentota-resort.jpg\"'),(704,32,'\"https://media-cdn.tripadvisor.com/media/photo-f/02/6f/4f/07/main-restaurant.jpg\"'),(705,32,'\"https://media-cdn.tripadvisor.com/media/oyster-panos/sources/main-swimming-pool--v15134.tiles/wide_700.jpg\"'),(706,32,'\"https://media-cdn.tripadvisor.com/media/photo-s/11/e0/bc/75/avani-bentota-resort.jpg\"'),(707,32,'\"https://media-cdn.tripadvisor.com/media/photo-f/02/6f/4f/05/hotel-interior.jpg\"'),(708,32,'\"https://media-cdn.tripadvisor.com/media/oyster-panos/sources/main-swimming-pool--v15138.tiles/wide_700.jpg\"'),(709,33,'\"https://media-cdn.tripadvisor.com/media/photo-f/03/5b/70/09/royal-palms-beach-hotel.jpg\"'),(710,33,'\"https://media-cdn.tripadvisor.com/media/photo-f/03/5b/6f/d8/royal-palms-beach-hotel.jpg\"'),(711,33,'\"https://media-cdn.tripadvisor.com/media/photo-f/03/5b/70/d1/royal-palms-beach-hotel.jpg\"'),(712,33,'\"https://media-cdn.tripadvisor.com/media/photo-f/03/5b/6f/c8/royal-palms-beach-hotel.jpg\"'),(713,33,'\"https://media-cdn.tripadvisor.com/media/photo-s/0c/cc/ae/24/panoramic-view.jpg\"'),(714,33,'\"https://media-cdn.tripadvisor.com/media/photo-s/0c/cc/ae/27/hotel-drive-in.jpg\"'),(715,33,'\"https://media-cdn.tripadvisor.com/media/photo-s/0c/cc/ae/25/sun-rise-breakfast.jpg\"'),(716,33,'\"https://media-cdn.tripadvisor.com/media/photo-f/03/5b/70/24/royal-palms-beach-hotel.jpg\"'),(717,33,'\"https://media-cdn.tripadvisor.com/media/photo-f/03/5b/70/ed/royal-palms-beach-hotel.jpg\"'),(718,33,'\"https://media-cdn.tripadvisor.com/media/photo-f/03/5b/6f/f6/royal-palms-beach-hotel.jpg\"'),(719,33,'\"https://media-cdn.tripadvisor.com/media/photo-s/14/e4/e2/45/royal-palms-beach-hotel.jpg\"'),(720,33,'\"https://media-cdn.tripadvisor.com/media/photo-f/14/52/e4/07/view-from-our-balcony.jpg\"'),(721,33,'\"https://media-cdn.tripadvisor.com/media/photo-f/16/1a/df/70/royal-palms-beach-hotel.jpg\"'),(722,33,'\"https://media-cdn.tripadvisor.com/media/photo-f/15/8c/d0/53/royal-palms-beach-hotel.jpg\"'),(723,33,'\"https://media-cdn.tripadvisor.com/media/photo-f/17/02/25/55/photo1jpg.jpg\"'),(724,33,'\"https://media-cdn.tripadvisor.com/media/photo-f/17/03/fc/df/photo3jpg.jpg\"'),(725,33,'\"https://media-cdn.tripadvisor.com/media/photo-f/16/6b/14/4e/photo6jpg.jpg\"'),(726,33,'\"https://media-cdn.tripadvisor.com/media/photo-f/16/2a/78/95/photo0jpg.jpg\"'),(727,33,'\"https://media-cdn.tripadvisor.com/media/photo-f/15/83/5c/92/banquet-hall.jpg\"'),(728,33,'\"https://media-cdn.tripadvisor.com/media/photo-s/17/0f/94/28/photo1jpg.jpg\"'),(729,33,'\"https://media-cdn.tripadvisor.com/media/photo-s/15/83/5c/c7/banquet-hall.jpg\"'),(730,33,'\"https://media-cdn.tripadvisor.com/media/photo-f/15/8c/cf/ea/royal-palms-beach-hotel.jpg\"'),(731,33,'\"https://media-cdn.tripadvisor.com/media/photo-f/16/6b/14/50/photo8jpg.jpg\"'),(732,33,'\"https://media-cdn.tripadvisor.com/media/photo-f/17/13/5e/0e/photo6jpg.jpg\"'),(733,34,'\"https://media-cdn.tripadvisor.com/media/photo-f/12/24/be/e6/heritage-hotel.jpg\"'),(734,34,'\"https://media-cdn.tripadvisor.com/media/photo-f/12/24/d6/2f/pool-bar.jpg\"'),(735,34,'\"https://media-cdn.tripadvisor.com/media/photo-f/07/32/40/b4/heritage-hotel.jpg\"'),(736,34,'\"https://media-cdn.tripadvisor.com/media/photo-f/07/32/3f/9f/heritage-hotel.jpg\"'),(737,34,'\"https://media-cdn.tripadvisor.com/media/photo-f/07/32/3e/cb/heritage-hotel.jpg\"'),(738,34,'\"https://media-cdn.tripadvisor.com/media/photo-f/07/32/41/51/heritage-hotel.jpg\"'),(739,34,'\"https://media-cdn.tripadvisor.com/media/photo-f/07/32/41/12/heritage-hotel.jpg\"'),(740,34,'\"https://media-cdn.tripadvisor.com/media/photo-s/07/32/41/28/heritage-hotel.jpg\"'),(741,34,'\"https://media-cdn.tripadvisor.com/media/photo-s/1b/29/96/18/heritage-hotel-anuradhapura.jpg\"'),(742,34,'\"https://media-cdn.tripadvisor.com/media/photo-f/1c/47/fa/3a/heritage-hotel-anuradhapura.jpg\"'),(743,34,'\"https://media-cdn.tripadvisor.com/media/photo-f/1c/47/fa/39/heritage-hotel-anuradhapura.jpg\"'),(744,34,'\"https://media-cdn.tripadvisor.com/media/photo-f/1c/47/fa/35/heritage-hotel-anuradhapura.jpg\"'),(745,34,'\"https://media-cdn.tripadvisor.com/media/photo-f/1c/47/fa/34/heritage-hotel-anuradhapura.jpg\"'),(746,34,'\"https://media-cdn.tripadvisor.com/media/photo-f/1c/47/fa/33/heritage-hotel-anuradhapura.jpg\"'),(747,34,'\"https://media-cdn.tripadvisor.com/media/photo-f/1c/47/fa/31/heritage-hotel-anuradhapura.jpg\"'),(748,34,'\"https://media-cdn.tripadvisor.com/media/photo-f/1c/47/fa/30/heritage-hotel-anuradhapura.jpg\"'),(749,34,'\"https://media-cdn.tripadvisor.com/media/photo-f/1c/47/fa/2f/heritage-hotel-anuradhapura.jpg\"'),(750,34,'\"https://media-cdn.tripadvisor.com/media/photo-f/1c/47/d7/9b/heritage-hotel-anuradhapura.jpg\"'),(751,34,'\"https://media-cdn.tripadvisor.com/media/photo-f/1c/47/c8/96/heritage-hotel-anuradhapura.jpg\"'),(752,34,'\"https://media-cdn.tripadvisor.com/media/photo-f/1c/47/c8/95/heritage-hotel-anuradhapura.jpg\"'),(753,34,'\"https://media-cdn.tripadvisor.com/media/photo-f/1c/47/c8/94/heritage-hotel-anuradhapura.jpg\"'),(754,34,'\"https://media-cdn.tripadvisor.com/media/photo-f/1c/47/c7/d2/heritage-hotel-anuradhapura.jpg\"'),(755,34,'\"https://media-cdn.tripadvisor.com/media/photo-f/1c/47/c7/59/heritage-hotel-anuradhapura.jpg\"'),(756,34,'\"https://media-cdn.tripadvisor.com/media/photo-f/1c/47/c6/54/heritage-hotel-anuradhapura.jpg\"');
/*!40000 ALTER TABLE `hotel_image` ENABLE KEYS */;
UNLOCK TABLES;

--
-- Table structure for table `rental`
--

DROP TABLE IF EXISTS `rental`;
/*!40101 SET @saved_cs_client     = @@character_set_client */;
/*!50503 SET character_set_client = utf8mb4 */;
CREATE TABLE `rental` (
  `id` int NOT NULL AUTO_INCREMENT,
  `city_id` int NOT NULL,
  `rental_name` varchar(1000) CHARACTER SET utf8mb3 COLLATE utf8mb3_general_ci NOT NULL,
  `rental_review_count` varchar(1000) CHARACTER SET utf8mb3 COLLATE utf8mb3_general_ci DEFAULT NULL,
  `rental_description` varchar(10000) CHARACTER SET utf8mb3 COLLATE utf8mb3_general_ci DEFAULT NULL,
  `rental_price` varchar(1000) CHARACTER SET utf8mb3 COLLATE utf8mb3_general_ci DEFAULT NULL,
  `rental_bedrooms` varchar(1000) CHARACTER SET utf8mb3 COLLATE utf8mb3_general_ci DEFAULT NULL,
  `rental_bathrooms` varchar(1000) CHARACTER SET utf8mb3 COLLATE utf8mb3_general_ci DEFAULT NULL,
  `rental_guests` varchar(1000) CHARACTER SET utf8mb3 COLLATE utf8mb3_general_ci DEFAULT NULL,
  `rental_nights_min` varchar(100) CHARACTER SET utf8mb3 COLLATE utf8mb3_general_ci DEFAULT NULL,
  `rental_owner` varchar(1000) CHARACTER SET utf8mb3 COLLATE utf8mb3_general_ci DEFAULT NULL,
  `rental_address` varchar(1000) CHARACTER SET utf8mb3 COLLATE utf8mb3_general_ci DEFAULT NULL,
  `rental_contact` varchar(100) CHARACTER SET utf8mb3 COLLATE utf8mb3_general_ci DEFAULT NULL,
  `rental_geocode_lan` varchar(1000) CHARACTER SET utf8mb3 COLLATE utf8mb3_general_ci DEFAULT NULL,
  `rental_geocode_lon` varchar(1000) CHARACTER SET utf8mb3 COLLATE utf8mb3_general_ci DEFAULT NULL,
  `source` varchar(1000) NOT NULL,
  PRIMARY KEY (`id`),
  KEY `FK_CITY_ID_RENTAL` (`city_id`),
  CONSTRAINT `FK_CITY_ID_RENTAL` FOREIGN KEY (`city_id`) REFERENCES `city` (`id`)
) ENGINE=InnoDB AUTO_INCREMENT=7 DEFAULT CHARSET=utf8mb3;
/*!40101 SET character_set_client = @saved_cs_client */;

--
-- Dumping data for table `rental`
--

LOCK TABLES `rental` WRITE;
/*!40000 ALTER TABLE `rental` DISABLE KEYS */;
INSERT INTO `rental` VALUES (1,1855,'Seabreeze Apartments by Taprobane',NULL,'Seabreeze Resorts by Taprobane is located in a prime area of of Negombo close to the beach,restaurants & all other local amenities.\nThis is an ideal place for a family of 6 or even young couples looking for a romantic getaway.\nIf you are a couple looking to book one room at the property please contact Manager for a special quote.\nThe owner of the property, Mrs. Pushpa Fernando is a British citizen and is always keen in doing the best for her guests at all times.\nThere is staff appointed for the maintenance of the property and for the benefit of guests.\nYou can rest be assured that you will enjoy your stay at Seabreeze Resorts by Taprobane no matter which time of the year you arrive as you will be well looked after by our experienced staff at all times..\n\nTourist License / Licencia de turis...More','$70','3 bedrooms','3 bathrooms','6 guests','2 nights minimum','Nishantha W',NULL,NULL,'7.23198','79.84305','https://www.tripadvisor.com//VacationRentalReview-g12549255-d24807213-Seabreeze_Apartments_by_Taprobane-Ettukala_Negombo_Western_Province.html'),(2,525,'Jude\'s Home',NULL,'About this listing\n\nChill at this waterfront home near Negombo. The price is for a double, non-A/C room. There are four rooms available, one of which has A/C.\n\nThe Space\n\nJude\'s is a newly built, colorful building right in from of Kochchikade\'s traditional catamaran harbor. It has four rooms on two floors. The upper rooms have a balcony, while the lower floors have a veranda. There\'s a nice outside area, wifi and parking available. And a friendly dog called Browny.\n\nInteraction with Guests\n\nYour host, Jude, is a middle aged married man, who runs the place with his youngest son Nipun. His other two sons live in Australia. The home was bought with the savings of his career as a fisherman and Jude still has his boat to take guests fishing if they want. Meals and transport can be arranged upon...More','$34','1 bedroom','1 bathroom','2 guests','1 night minimum','Neverbeen',NULL,NULL,'7.255108','79.84155','https://www.tripadvisor.com//VacationRentalReview-g2269230-d9559555-Jude_s_Home-Kochchikade_Negombo_Western_Province.html'),(3,548,'Hotel Dorset',NULL,'Hotel Dorset, situated on the golden sands of laidback Negombo is a peaceful retreat that offers warm, welcome and convenient facilities for leisure travellers. The property by the magnificent Indian Ocean offers genuine Sri Lankan hospitality while blending perfectly into Negombo island life. Conveniently located in close proximity to the city of Negombo, Hotel Dorset is a mere 10 km (20 minutes drive) from the Colombo International Airport, while Colombo is just a 36 km drive away.\n\nTourist License / Licencia de turismo N °: 2874 v...More','$40','15 bedrooms','15 bathrooms','35 guests','1 night minimum','Don G',NULL,NULL,'7.234719','79.84201','https://www.tripadvisor.com//VacationRentalReview-g297897-d11600948-Hotel_Dorset-Negombo_Western_Province.html'),(4,548,'infinity beach heaven',NULL,'Infinity Beach Heaven is the only privately managed guest-house right in front of the \'MORA WALA\' the world famouse only natural-beach-pool in Sri Lanka. The property is dreamed, drafted, designed, created and managed by two big hearts from Denmark & Sri Lanka. Entrance to the beach pool you will feel a professionally created bunch of true Sri Lankan hospitalities. Peaceful location, clean and comfy rooms, fine dining, private beach and different experience create you an amazing atmosphere to chill under the friendly sun and on the sandy beach of Negombo. B.B.Q Pit, Music, Water Sport, and any tour arrangement to any destination in the Island is on offer as per your choice. Come... try just one time the Infinity Beach Heaven.... you will be a reapeated friend of Negombo.....More','$103','3 bedrooms','3 bathrooms','7 guests','1 night minimum','nimal s',NULL,NULL,'7.202741','79.81822','https://www.tripadvisor.com//VacationRentalReview-g297897-d11720645-Infinity_beach_heaven-Negombo_Western_Province.html'),(5,517,'\'Mango\' The Transit Home',NULL,'Very convenient location, Just 3km to the airport. Super Markets, Food outlets, Restaurants, Nigh Clubs, Bus Stop, Train Station are in just walk in distance therefore no need to pay extra. Its very easy to travel to Colombo or Negambo since my place is next to Colombo- Negambo main road. Just 15 minutes to Negambo and 20 minutes to Colombo on express way. Public transport available 24X7. Best place for your first few days and last few days in Sri Lanka.\n\nRoom is reasonably cool with fans, depends on the season however if you want air conditioning, please request prior (for extra charge)\n\nFree Wifi available. Breakfast, Lunch, Dinner can be arranged upon requests (for extra charge). Pickup and Drop or transport can be arranged upon request (for extra charge).\n\nMy place is close to the airp...More','$18','1 bedroom','1 bathroom','2 guests','1 night minimum','Pemila G',NULL,NULL,'7.143479','79.87495','https://www.tripadvisor.com//VacationRentalReview-g1500185-d11956058-Mango_The_Transit_Home-Katunayake_Negombo_Western_Province.html'),(6,517,'ELZANGI BUDGET',NULL,'ELZANGI is managed by a family of Three Kids. We started up this as our hobby .With the help of this we use to meet people and share the knowledge and experience with them. And our children use to learn other cultures...\n\nWe started up this with two rooms ,now ELZANGI has expanded to 6 Rooms,and we have all the facilities for Families,couples and Single stays,that includes A/C and NON A/C rooms and apartments.\nWe have another project in remote village, that you will be loving to visit.\n\nELZANGI provides free Airport shuttle service for your convenience .\n\n\nTourist License / Licencia de turismo N °: PV 120700...More','$23','2 bedrooms','1 bathroom','7 guests','1 night minimum','ishanka j',NULL,NULL,'7.159984','79.87028','https://www.tripadvisor.com//VacationRentalReview-g1500185-d15628338-ELZANGI_BUDGET-Katunayake_Negombo_Western_Province.html');
/*!40000 ALTER TABLE `rental` ENABLE KEYS */;
UNLOCK TABLES;

--
-- Table structure for table `rental_feature`
--

DROP TABLE IF EXISTS `rental_feature`;
/*!40101 SET @saved_cs_client     = @@character_set_client */;
/*!50503 SET character_set_client = utf8mb4 */;
CREATE TABLE `rental_feature` (
  `id` int NOT NULL AUTO_INCREMENT,
  `rental_id` int NOT NULL,
  `rental_type_id` int NOT NULL,
  PRIMARY KEY (`id`),
  KEY `FK_RENTAL_ID_FEA` (`rental_id`),
  KEY `FK_FEATURE_TYPE_ID_RENTAL` (`rental_type_id`),
  CONSTRAINT `FK_FEATURE_TYPE_ID_RENTAL` FOREIGN KEY (`rental_type_id`) REFERENCES `rental_feature_type` (`id`),
  CONSTRAINT `FK_RENTAL_ID_FEA` FOREIGN KEY (`rental_id`) REFERENCES `rental` (`id`)
) ENGINE=InnoDB AUTO_INCREMENT=85 DEFAULT CHARSET=utf8mb3;
/*!40101 SET character_set_client = @saved_cs_client */;

--
-- Dumping data for table `rental_feature`
--

LOCK TABLES `rental_feature` WRITE;
/*!40000 ALTER TABLE `rental_feature` DISABLE KEYS */;
INSERT INTO `rental_feature` VALUES (1,1,1),(2,1,2),(3,1,3),(4,1,4),(5,1,5),(6,1,6),(7,2,2),(8,2,5),(9,3,1),(10,3,7),(11,3,8),(12,3,9),(13,3,10),(14,3,11),(15,3,12),(16,3,13),(17,3,14),(18,3,15),(19,3,2),(20,3,16),(21,3,17),(22,3,18),(23,3,19),(24,3,4),(25,3,5),(26,3,20),(27,3,21),(28,3,22),(29,3,23),(30,3,24),(31,3,25),(32,3,26),(33,3,6),(34,3,27),(35,3,28),(36,3,29),(37,4,1),(38,4,10),(39,4,14),(40,4,2),(41,4,3),(42,4,4),(43,4,5),(44,4,6),(45,5,7),(46,5,9),(47,5,15),(48,5,2),(49,5,18),(50,5,30),(51,5,3),(52,5,5),(53,5,22),(54,5,24),(55,5,6),(56,5,27),(57,5,29),(58,5,31),(59,5,32),(60,6,33),(61,6,10),(62,6,12),(63,6,34),(64,6,14),(65,6,35),(66,6,36),(67,6,2),(68,6,16),(69,6,17),(70,6,18),(71,6,37),(72,6,3),(73,6,19),(74,6,4),(75,6,5),(76,6,38),(77,6,23),(78,6,24),(79,6,25),(80,6,26),(81,6,6),(82,6,39),(83,6,31),(84,6,32);
/*!40000 ALTER TABLE `rental_feature` ENABLE KEYS */;
UNLOCK TABLES;

--
-- Table structure for table `rental_feature_type`
--

DROP TABLE IF EXISTS `rental_feature_type`;
/*!40101 SET @saved_cs_client     = @@character_set_client */;
/*!50503 SET character_set_client = utf8mb4 */;
CREATE TABLE `rental_feature_type` (
  `id` int NOT NULL AUTO_INCREMENT,
  `feature_type` varchar(1000) CHARACTER SET utf8mb3 COLLATE utf8mb3_general_ci NOT NULL,
  PRIMARY KEY (`id`)
) ENGINE=InnoDB AUTO_INCREMENT=40 DEFAULT CHARSET=utf8mb3;
/*!40101 SET character_set_client = @saved_cs_client */;

--
-- Dumping data for table `rental_feature_type`
--

LOCK TABLES `rental_feature_type` WRITE;
/*!40000 ALTER TABLE `rental_feature_type` DISABLE KEYS */;
INSERT INTO `rental_feature_type` VALUES (1,'Air Conditioning'),(2,'Internet Access'),(3,'Private Yard'),(4,'Cable/satellite TV'),(5,'Secure Parking'),(6,'Wi-Fi'),(7,'Balcony'),(8,'Grill'),(9,'Ceiling Fans'),(10,'Suitable For Children Under 5'),(11,'Deck'),(12,'Dishwasher'),(13,'Dryer'),(14,'Garage'),(15,'Housekeeping Included'),(16,'Iron'),(17,'Kettle'),(18,'Linens Provided'),(19,'Safe'),(20,'Staffed Property'),(21,'Stereo System'),(22,'Terrace'),(23,'Toaster'),(24,'Towels Provided'),(25,'TV'),(26,'Washer'),(27,'Watersports Nearby'),(28,'Beach Or Lakeside Relaxation'),(29,'City Getaway'),(30,'Patio'),(31,'Cycling Trips'),(32,'Rural/Countryside Retreats'),(33,'DVD Player'),(34,'Refrigerator'),(35,'Gym'),(36,'Highchair'),(37,'Microwave'),(38,'Stove'),(39,'Fishing Nearby');
/*!40000 ALTER TABLE `rental_feature_type` ENABLE KEYS */;
UNLOCK TABLES;

--
-- Table structure for table `rental_image`
--

DROP TABLE IF EXISTS `rental_image`;
/*!40101 SET @saved_cs_client     = @@character_set_client */;
/*!50503 SET character_set_client = utf8mb4 */;
CREATE TABLE `rental_image` (
  `id` int NOT NULL AUTO_INCREMENT,
  `rental_id` int NOT NULL,
  `image` varchar(10000) NOT NULL,
  PRIMARY KEY (`id`),
  KEY `rental_id` (`rental_id`),
  CONSTRAINT `FK_rental_id` FOREIGN KEY (`rental_id`) REFERENCES `rental` (`id`)
) ENGINE=InnoDB AUTO_INCREMENT=109 DEFAULT CHARSET=utf8mb3;
/*!40101 SET character_set_client = @saved_cs_client */;

--
-- Dumping data for table `rental_image`
--

LOCK TABLES `rental_image` WRITE;
/*!40000 ALTER TABLE `rental_image` DISABLE KEYS */;
INSERT INTO `rental_image` VALUES (1,1,'https://media-cdn.tripadvisor.com/media/vr-splice-m/0f/65/65/c8.jpg'),(2,1,'https://media-cdn.tripadvisor.com/media/vr-splice-m/0f/65/65/e5.jpg'),(3,1,'https://media-cdn.tripadvisor.com/media/vr-splice-m/0f/65/65/e6.jpg'),(4,1,'https://media-cdn.tripadvisor.com/media/vr-splice-m/0f/65/65/e8.jpg'),(5,1,'https://media-cdn.tripadvisor.com/media/vr-splice-m/0f/65/65/e9.jpg'),(6,1,'https://media-cdn.tripadvisor.com/media/vr-splice-m/0f/65/65/ea.jpg'),(7,1,'https://media-cdn.tripadvisor.com/media/vr-splice-m/0f/65/65/eb.jpg'),(8,1,'https://media-cdn.tripadvisor.com/media/vr-splice-m/0f/65/65/ec.jpg'),(9,1,'https://media-cdn.tripadvisor.com/media/vr-splice-m/0f/65/65/ed.jpg'),(10,1,'https://media-cdn.tripadvisor.com/media/vr-splice-m/0f/65/65/f1.jpg'),(11,1,'https://media-cdn.tripadvisor.com/media/vr-splice-m/0f/65/65/f2.jpg'),(12,1,'https://media-cdn.tripadvisor.com/media/vr-splice-m/0f/65/65/f3.jpg'),(13,1,'https://media-cdn.tripadvisor.com/media/vr-splice-m/0f/65/65/e4.jpg'),(14,2,'https://media-cdn.tripadvisor.com/media/vr-splice-m/02/56/5f/36.jpg'),(15,2,'https://media-cdn.tripadvisor.com/media/vr-splice-m/02/56/60/cc.jpg'),(16,2,'https://media-cdn.tripadvisor.com/media/vr-splice-m/02/56/60/d5.jpg'),(17,2,'https://media-cdn.tripadvisor.com/media/vr-splice-m/02/56/60/ca.jpg'),(18,2,'https://media-cdn.tripadvisor.com/media/vr-splice-m/02/56/60/d4.jpg'),(19,2,'https://media-cdn.tripadvisor.com/media/vr-splice-m/02/56/60/c6.jpg'),(20,2,'https://media-cdn.tripadvisor.com/media/vr-splice-m/02/56/60/c7.jpg'),(21,2,'https://media-cdn.tripadvisor.com/media/vr-splice-m/02/56/60/d1.jpg'),(22,2,'https://media-cdn.tripadvisor.com/media/vr-splice-m/02/56/60/d3.jpg'),(23,2,'https://media-cdn.tripadvisor.com/media/vr-splice-m/02/56/60/ce.jpg'),(24,2,'https://media-cdn.tripadvisor.com/media/vr-splice-m/02/56/60/d6.jpg'),(25,2,'https://media-cdn.tripadvisor.com/media/vr-splice-m/02/56/60/d2.jpg'),(26,2,'https://media-cdn.tripadvisor.com/media/vr-splice-m/02/56/60/cb.jpg'),(27,2,'https://media-cdn.tripadvisor.com/media/vr-splice-m/02/56/60/d7.jpg'),(28,3,'https://media-cdn.tripadvisor.com/media/vr-splice-m/04/20/e5/a3.jpg'),(29,3,'https://media-cdn.tripadvisor.com/media/vr-splice-m/04/20/e2/3f.jpg'),(30,3,'https://media-cdn.tripadvisor.com/media/vr-splice-m/04/20/f1/10.jpg'),(31,3,'https://media-cdn.tripadvisor.com/media/vr-splice-m/04/20/f5/04.jpg'),(32,4,'https://media-cdn.tripadvisor.com/media/vr-splice-m/04/5a/90/98.jpg'),(33,4,'https://media-cdn.tripadvisor.com/media/vr-splice-m/04/5a/90/f3.jpg'),(34,4,'https://media-cdn.tripadvisor.com/media/vr-splice-m/04/5a/90/f4.jpg'),(35,4,'https://media-cdn.tripadvisor.com/media/vr-splice-m/04/5a/90/f5.jpg'),(36,4,'https://media-cdn.tripadvisor.com/media/vr-splice-m/04/5a/90/fb.jpg'),(37,4,'https://media-cdn.tripadvisor.com/media/vr-splice-m/04/5a/91/04.jpg'),(38,4,'https://media-cdn.tripadvisor.com/media/vr-splice-m/04/5a/91/09.jpg'),(39,4,'https://media-cdn.tripadvisor.com/media/vr-splice-m/04/5a/91/3a.jpg'),(40,4,'https://media-cdn.tripadvisor.com/media/vr-splice-m/04/5a/91/3c.jpg'),(41,4,'https://media-cdn.tripadvisor.com/media/vr-splice-m/04/5a/91/49.jpg'),(42,4,'https://media-cdn.tripadvisor.com/media/vr-splice-m/04/5a/91/8e.jpg'),(43,4,'https://media-cdn.tripadvisor.com/media/vr-splice-m/04/5a/91/90.jpg'),(44,4,'https://media-cdn.tripadvisor.com/media/vr-splice-m/04/5a/91/8f.jpg'),(45,4,'https://media-cdn.tripadvisor.com/media/vr-splice-m/04/5a/91/92.jpg'),(46,5,'https://media-cdn.tripadvisor.com/media/vr-splice-m/04/91/2a/bf.jpg'),(47,5,'https://media-cdn.tripadvisor.com/media/vr-splice-m/05/35/71/48.jpg'),(48,5,'https://media-cdn.tripadvisor.com/media/vr-splice-m/05/35/71/61.jpg'),(49,5,'https://media-cdn.tripadvisor.com/media/vr-splice-m/04/90/f5/fb.jpg'),(50,5,'https://media-cdn.tripadvisor.com/media/vr-splice-m/04/8f/e0/23.jpg'),(51,5,'https://media-cdn.tripadvisor.com/media/vr-splice-m/04/8f/e0/fe.jpg'),(52,5,'https://media-cdn.tripadvisor.com/media/vr-splice-m/04/8f/e0/ff.jpg'),(53,5,'https://media-cdn.tripadvisor.com/media/vr-splice-m/04/8f/e1/1f.jpg'),(54,5,'https://media-cdn.tripadvisor.com/media/vr-splice-m/04/8f/e1/22.jpg'),(55,5,'https://media-cdn.tripadvisor.com/media/vr-splice-m/04/8f/e1/23.jpg'),(56,5,'https://media-cdn.tripadvisor.com/media/vr-splice-m/04/8f/e1/24.jpg'),(57,5,'https://media-cdn.tripadvisor.com/media/vr-splice-m/04/8f/e1/25.jpg'),(58,5,'https://media-cdn.tripadvisor.com/media/vr-splice-m/04/8f/e1/26.jpg'),(59,5,'https://media-cdn.tripadvisor.com/media/vr-splice-m/04/8f/e1/27.jpg'),(60,5,'https://media-cdn.tripadvisor.com/media/vr-splice-m/04/8f/e0/07.jpg'),(61,5,'https://media-cdn.tripadvisor.com/media/vr-splice-m/04/8f/e0/08.jpg'),(62,5,'https://media-cdn.tripadvisor.com/media/vr-splice-m/04/90/f5/fc.jpg'),(63,5,'https://media-cdn.tripadvisor.com/media/vr-splice-m/04/8f/e0/09.jpg'),(64,5,'https://media-cdn.tripadvisor.com/media/vr-splice-m/04/8f/e0/20.jpg'),(65,5,'https://media-cdn.tripadvisor.com/media/vr-splice-m/04/8f/e0/22.jpg'),(66,5,'https://media-cdn.tripadvisor.com/media/vr-splice-m/04/8f/e0/21.jpg'),(67,5,'https://media-cdn.tripadvisor.com/media/vr-splice-m/04/8f/e0/1f.jpg'),(68,5,'https://media-cdn.tripadvisor.com/media/vr-splice-m/04/90/f5/fe.jpg'),(69,5,'https://media-cdn.tripadvisor.com/media/vr-splice-m/04/90/f5/ff.jpg'),(70,5,'https://media-cdn.tripadvisor.com/media/vr-splice-m/04/91/2a/bd.jpg'),(71,5,'https://media-cdn.tripadvisor.com/media/vr-splice-m/04/91/2a/be.jpg'),(72,5,'https://media-cdn.tripadvisor.com/media/vr-splice-m/04/91/2a/c2.jpg'),(73,5,'https://media-cdn.tripadvisor.com/media/vr-splice-m/04/91/2a/c3.jpg'),(74,5,'https://media-cdn.tripadvisor.com/media/vr-splice-m/04/91/2a/c4.jpg'),(75,5,'https://media-cdn.tripadvisor.com/media/vr-splice-m/04/91/2a/c5.jpg'),(76,5,'https://media-cdn.tripadvisor.com/media/vr-splice-m/05/35/71/3f.jpg'),(77,5,'https://media-cdn.tripadvisor.com/media/vr-splice-m/05/35/71/40.jpg'),(78,5,'https://media-cdn.tripadvisor.com/media/vr-splice-m/05/35/71/42.jpg'),(79,5,'https://media-cdn.tripadvisor.com/media/vr-splice-m/05/35/71/4a.jpg'),(80,5,'https://media-cdn.tripadvisor.com/media/vr-splice-m/05/35/71/4c.jpg'),(81,5,'https://media-cdn.tripadvisor.com/media/vr-splice-m/05/35/71/50.jpg'),(82,5,'https://media-cdn.tripadvisor.com/media/vr-splice-m/05/35/71/51.jpg'),(83,5,'https://media-cdn.tripadvisor.com/media/vr-splice-m/05/35/71/52.jpg'),(84,5,'https://media-cdn.tripadvisor.com/media/vr-splice-m/05/35/71/57.jpg'),(85,5,'https://media-cdn.tripadvisor.com/media/vr-splice-m/05/35/71/59.jpg'),(86,5,'https://media-cdn.tripadvisor.com/media/vr-splice-m/05/35/71/5a.jpg'),(87,5,'https://media-cdn.tripadvisor.com/media/vr-splice-m/05/35/71/5f.jpg'),(88,5,'https://media-cdn.tripadvisor.com/media/vr-splice-m/05/35/71/60.jpg'),(89,5,'https://media-cdn.tripadvisor.com/media/vr-splice-m/05/35/71/65.jpg'),(90,5,'https://media-cdn.tripadvisor.com/media/vr-splice-m/05/35/71/68.jpg'),(91,5,'https://media-cdn.tripadvisor.com/media/vr-splice-m/05/35/71/6a.jpg'),(92,5,'https://media-cdn.tripadvisor.com/media/vr-splice-m/05/35/71/6d.jpg'),(93,5,'https://media-cdn.tripadvisor.com/media/vr-splice-m/05/35/71/71.jpg'),(94,5,'https://media-cdn.tripadvisor.com/media/vr-splice-m/05/35/71/72.jpg'),(95,5,'https://media-cdn.tripadvisor.com/media/vr-splice-m/05/35/71/76.jpg'),(96,6,'https://media-cdn.tripadvisor.com/media/vr-splice-m/06/de/67/3b.jpg'),(97,6,'https://media-cdn.tripadvisor.com/media/vr-splice-m/06/de/66/ea.jpg'),(98,6,'https://media-cdn.tripadvisor.com/media/vr-splice-m/06/de/95/7a.jpg'),(99,6,'https://media-cdn.tripadvisor.com/media/vr-splice-m/06/de/68/8d.jpg'),(100,6,'https://media-cdn.tripadvisor.com/media/vr-splice-m/06/e0/4c/7a.jpg'),(101,6,'https://media-cdn.tripadvisor.com/media/vr-splice-m/06/e0/4c/b4.jpg'),(102,6,'https://media-cdn.tripadvisor.com/media/vr-splice-m/06/e0/4c/b5.jpg'),(103,6,'https://media-cdn.tripadvisor.com/media/vr-splice-m/06/e0/4c/b7.jpg'),(104,6,'https://media-cdn.tripadvisor.com/media/vr-splice-m/06/e0/4c/d4.jpg'),(105,6,'https://media-cdn.tripadvisor.com/media/vr-splice-m/06/e0/4f/db.jpg'),(106,6,'https://media-cdn.tripadvisor.com/media/vr-splice-m/06/df/fa/19.jpg'),(107,6,'https://media-cdn.tripadvisor.com/media/vr-splice-m/06/e0/50/1a.jpg'),(108,6,'https://media-cdn.tripadvisor.com/media/vr-splice-m/06/de/95/20.jpg');
/*!40000 ALTER TABLE `rental_image` ENABLE KEYS */;
UNLOCK TABLES;

--
-- Table structure for table `rental_type`
--

DROP TABLE IF EXISTS `rental_type`;
/*!40101 SET @saved_cs_client     = @@character_set_client */;
/*!50503 SET character_set_client = utf8mb4 */;
CREATE TABLE `rental_type` (
  `id` int NOT NULL AUTO_INCREMENT,
  `feature_type` varchar(1000) CHARACTER SET utf8mb3 COLLATE utf8mb3_general_ci NOT NULL,
  PRIMARY KEY (`id`)
) ENGINE=InnoDB AUTO_INCREMENT=4 DEFAULT CHARSET=utf8mb3;
/*!40101 SET character_set_client = @saved_cs_client */;

--
-- Dumping data for table `rental_type`
--

LOCK TABLES `rental_type` WRITE;
/*!40000 ALTER TABLE `rental_type` DISABLE KEYS */;
INSERT INTO `rental_type` VALUES (1,'Condo/Apartment'),(2,'Rental Home'),(3,'Guest house');
/*!40000 ALTER TABLE `rental_type` ENABLE KEYS */;
UNLOCK TABLES;

--
-- Table structure for table `rental_type_classified`
--

DROP TABLE IF EXISTS `rental_type_classified`;
/*!40101 SET @saved_cs_client     = @@character_set_client */;
/*!50503 SET character_set_client = utf8mb4 */;
CREATE TABLE `rental_type_classified` (
  `id` int NOT NULL AUTO_INCREMENT,
  `rental_id` int NOT NULL,
  `rental_type_id` int NOT NULL,
  PRIMARY KEY (`id`),
  KEY `FK_RENTAL_TYPE_ID_FEA` (`rental_id`),
  KEY `FK_RENTAL_TYPE_ID_RENTAL` (`rental_type_id`),
  CONSTRAINT `FK_RENTAL_TYPE_ID_FEA` FOREIGN KEY (`rental_id`) REFERENCES `rental` (`id`),
  CONSTRAINT `FK_RENTAL_TYPE_ID_RENTAL` FOREIGN KEY (`rental_type_id`) REFERENCES `rental_type` (`id`)
) ENGINE=InnoDB AUTO_INCREMENT=7 DEFAULT CHARSET=utf8mb3;
/*!40101 SET character_set_client = @saved_cs_client */;

--
-- Dumping data for table `rental_type_classified`
--

LOCK TABLES `rental_type_classified` WRITE;
/*!40000 ALTER TABLE `rental_type_classified` DISABLE KEYS */;
INSERT INTO `rental_type_classified` VALUES (1,1,1),(2,2,2),(3,3,1),(4,4,3),(5,5,2),(6,6,1);
/*!40000 ALTER TABLE `rental_type_classified` ENABLE KEYS */;
UNLOCK TABLES;

--
-- Table structure for table `resource_type`
--

DROP TABLE IF EXISTS `resource_type`;
/*!40101 SET @saved_cs_client     = @@character_set_client */;
/*!50503 SET character_set_client = utf8mb4 */;
CREATE TABLE `resource_type` (
  `id` int NOT NULL AUTO_INCREMENT,
  `type` varchar(100) NOT NULL,
  PRIMARY KEY (`id`)
) ENGINE=InnoDB AUTO_INCREMENT=5 DEFAULT CHARSET=utf8mb3;
/*!40101 SET character_set_client = @saved_cs_client */;

--
-- Dumping data for table `resource_type`
--

LOCK TABLES `resource_type` WRITE;
/*!40000 ALTER TABLE `resource_type` DISABLE KEYS */;
INSERT INTO `resource_type` VALUES (1,'restaurant'),(2,'hotel'),(3,'attraction'),(4,'rentals');
/*!40000 ALTER TABLE `resource_type` ENABLE KEYS */;
UNLOCK TABLES;

--
-- Table structure for table `restaurant`
--

DROP TABLE IF EXISTS `restaurant`;
/*!40101 SET @saved_cs_client     = @@character_set_client */;
/*!50503 SET character_set_client = utf8mb4 */;
CREATE TABLE `restaurant` (
  `id` int NOT NULL AUTO_INCREMENT,
  `city_id` int NOT NULL,
  `restaurant_name` varchar(1000) NOT NULL,
  `restaurant_review_count` varchar(1000) CHARACTER SET utf8mb3 COLLATE utf8mb3_general_ci DEFAULT NULL,
  `restaurant_address` varchar(1000) CHARACTER SET utf8mb3 COLLATE utf8mb3_general_ci DEFAULT NULL,
  `restaurant_contact` varchar(1000) CHARACTER SET utf8mb3 COLLATE utf8mb3_general_ci DEFAULT NULL,
  `restaurant_email` varchar(1000) CHARACTER SET utf8mb3 COLLATE utf8mb3_general_ci DEFAULT NULL,
  `restaurant_description` varchar(10000) CHARACTER SET utf8mb3 COLLATE utf8mb3_general_ci DEFAULT NULL,
  `restaurant_website` varchar(1000) CHARACTER SET utf8mb3 COLLATE utf8mb3_general_ci DEFAULT NULL,
  `restaurant_price_range` varchar(1000) CHARACTER SET utf8mb3 COLLATE utf8mb3_general_ci DEFAULT NULL,
  `restaurant_geocode_lan` varchar(1000) CHARACTER SET utf8mb3 COLLATE utf8mb3_general_ci DEFAULT NULL,
  `restaurant_geocode_lon` varchar(1000) CHARACTER SET utf8mb3 COLLATE utf8mb3_general_ci DEFAULT NULL,
  `source` varchar(1000) DEFAULT NULL,
  PRIMARY KEY (`id`),
  KEY `FK_CITY_ID_RESTAURANT` (`city_id`),
  CONSTRAINT `FK_CITY_ID_RESTAURANT` FOREIGN KEY (`city_id`) REFERENCES `city` (`id`)
) ENGINE=InnoDB AUTO_INCREMENT=5 DEFAULT CHARSET=utf8mb3;
/*!40101 SET character_set_client = @saved_cs_client */;

--
-- Dumping data for table `restaurant`
--

LOCK TABLES `restaurant` WRITE;
/*!40000 ALTER TABLE `restaurant` DISABLE KEYS */;
INSERT INTO `restaurant` VALUES (1,1852,'Shang Palace, Shangri-La Colombo','1,005','Level 3, 1 Galle Face Shangri-La Hotel, Colombo 00200 Sri Lanka','+94 11 7 888288','mailto:shangpalace.slcb@shangri-la.com?subject=?',NULL,'http://www.shangri-la.com/colombo/shangrila/dining/restaurants/shang-palace/',NULL,'6.928381','79.844261','https://www.tripadvisor.com//Restaurant_Review-g293962-d13148335-Reviews-Shang_Palace_Shangri_La_Colombo-Colombo_Western_Province.html'),(2,1852,'Sapphyr Lounge, Shangri-La Colombo','499','2 1 Galle Face, Colombo Shangri-La Hotel Colombo, Colombo 00200 Sri Lanka','+94 11 7 888288','mailto:sapphyrlounge.slcb@shangri-la.com?subject=?','Accessible directly from the hotel lobby, the Sapphyr Lounge is bathed in natural Sri Lankan sunlight through floor to ceiling windows. From savoury pastries, featuring exotic fillings, served as they come hot from the oven, to crispy fresh puffs and sandwiches, along with a choice of delicate desserts, there\'s something for every craving.','http://www.shangri-la.com/colombo/shangrila/dining/bars-lounges/lobby-lounge/','LKR 2,000 - LKR 5,000','6.928398','79.844070','https://www.tripadvisor.com//Restaurant_Review-g293962-d15643402-Reviews-Sapphyr_Lounge_Shangri_La_Colombo-Colombo_Western_Province.html'),(3,1852,'Yue Chuan','400','48 Janadhipathi Mawatha, Colombo 00100 Sri Lanka','+94 77 108 7720','_','While at The Kingsbury, with its European accent, its oceanic location, its exotic tropicality and island warmth, do step across the Great Wall for a bit. Yue Chuan serves a selection of Cantonese and Szechuan specialities, in an “exotic chic” dining environment. Yue Chuan has two very extravagant menus; authentic “Cantonese & Szechuan” and “Sri Lankan/Chinese Fusion”. This is the only such restaurant in Sri Lanka where you can get an authentic taste of China and the Sri Lankanized Chinese to suit spicy palates. Our trademark glass-fronted kitchen adds an element of drama to the restaurant, allowing the diner to witness chefs conjure up culinary masterpieces. The private room provides the perfect ambience for a corporate luncheon, an intimate dinner or a family event.','http://indulgence.thekingsburyhotel.com/product-category/chinese/',NULL,'6.933212','79.842117','https://www.tripadvisor.com//Restaurant_Review-g293962-d5598898-Reviews-Yue_Chuan-Colombo_Western_Province.html'),(4,1852,'Central Restaurant','347','2 1 Galle Face, Colombo, Colombo 00200 Sri Lanka','+94 11 7 888288','mailto:central.slcb@shangri-la.com?subject=?','Central, Shangri-La’s vibrant all-day dining restaurant and café is the newest addition to Colombo’s dining scene. A global gastronomic journey awaits as your tastebuds travel across India, Japan, Southeast Asia, and the West, whilst also celebrating Sri Lanka’s tapestry of native cuisine. Staying closer to home, guests can enjoy delightful Asian dishes bolstered with robust flavours from North India, a delicious medley of South East Asian food and exquisite delights from the Japanese hot and cold counters. Central’s Western terminal includes a classic butcher’s board presenting prime cuts of meat, whilst the Italian section features home-style pasta and pizza. Central Café is a truly fascinating stop on the dining journey. The café is a treat for the eyes and palate alike, with elegant floral décor filling the room, and delicious sweet and savoury offerings. The Café connects Shangri-La Hotel, Colombo to One Galle Face Mall allowing guests to move through the complex with ease.','http://www.shangri-la.com/colombo/shangrila/dining/restaurants/central/','LKR 500 - LKR 7,500','6.557699','81.137787','https://www.tripadvisor.com//Restaurant_Review-g293962-d23034992-Reviews-Central_Restaurant-Colombo_Western_Province.html');
/*!40000 ALTER TABLE `restaurant` ENABLE KEYS */;
UNLOCK TABLES;

--
-- Table structure for table `restaurant_feature`
--

DROP TABLE IF EXISTS `restaurant_feature`;
/*!40101 SET @saved_cs_client     = @@character_set_client */;
/*!50503 SET character_set_client = utf8mb4 */;
CREATE TABLE `restaurant_feature` (
  `id` int NOT NULL AUTO_INCREMENT,
  `restaurant_id` int NOT NULL,
  `restaurant_type_id` int NOT NULL,
  PRIMARY KEY (`id`),
  KEY `FK_RESTAURANT_ID_FEATURE` (`restaurant_id`),
  KEY `restaurant_feature_FK` (`restaurant_type_id`),
  CONSTRAINT `FK_RESTAURANT_ID_FEATURE` FOREIGN KEY (`restaurant_id`) REFERENCES `restaurant` (`id`),
  CONSTRAINT `restaurant_feature_FK` FOREIGN KEY (`restaurant_type_id`) REFERENCES `restaurant_feature_type` (`id`)
) ENGINE=InnoDB AUTO_INCREMENT=18 DEFAULT CHARSET=utf8mb3;
/*!40101 SET character_set_client = @saved_cs_client */;

--
-- Dumping data for table `restaurant_feature`
--

LOCK TABLES `restaurant_feature` WRITE;
/*!40000 ALTER TABLE `restaurant_feature` DISABLE KEYS */;
INSERT INTO `restaurant_feature` VALUES (1,2,1),(2,2,2),(3,2,3),(4,2,4),(5,2,5),(6,2,6),(7,3,7),(8,3,8),(9,3,4),(10,3,6),(11,3,9),(12,3,10),(13,4,3),(14,4,2),(15,4,4),(16,4,5),(17,4,6);
/*!40000 ALTER TABLE `restaurant_feature` ENABLE KEYS */;
UNLOCK TABLES;

--
-- Table structure for table `restaurant_feature_type`
--

DROP TABLE IF EXISTS `restaurant_feature_type`;
/*!40101 SET @saved_cs_client     = @@character_set_client */;
/*!50503 SET character_set_client = utf8mb4 */;
CREATE TABLE `restaurant_feature_type` (
  `id` int NOT NULL AUTO_INCREMENT,
  `feature_type` varchar(1000) CHARACTER SET utf8mb3 COLLATE utf8mb3_general_ci NOT NULL,
  PRIMARY KEY (`id`)
) ENGINE=InnoDB AUTO_INCREMENT=11 DEFAULT CHARSET=utf8mb3;
/*!40101 SET character_set_client = @saved_cs_client */;

--
-- Dumping data for table `restaurant_feature_type`
--

LOCK TABLES `restaurant_feature_type` WRITE;
/*!40000 ALTER TABLE `restaurant_feature_type` DISABLE KEYS */;
INSERT INTO `restaurant_feature_type` VALUES (1,'Cafe'),(2,'Healthy'),(3,'International'),(4,'Vegetarian Friendly'),(5,'Vegan Options'),(6,'Gluten Free Options'),(7,'Chinese'),(8,'Asian'),(9,'Lunch'),(10,'Dinner');
/*!40000 ALTER TABLE `restaurant_feature_type` ENABLE KEYS */;
UNLOCK TABLES;

--
-- Table structure for table `restaurant_image`
--

DROP TABLE IF EXISTS `restaurant_image`;
/*!40101 SET @saved_cs_client     = @@character_set_client */;
/*!50503 SET character_set_client = utf8mb4 */;
CREATE TABLE `restaurant_image` (
  `id` int NOT NULL AUTO_INCREMENT,
  `restaurant_id` int NOT NULL,
  `image` varchar(10000) NOT NULL,
  PRIMARY KEY (`id`),
  KEY `restaurant_id` (`restaurant_id`),
  CONSTRAINT `FK_restaurant_id` FOREIGN KEY (`restaurant_id`) REFERENCES `restaurant` (`id`)
) ENGINE=InnoDB AUTO_INCREMENT=25 DEFAULT CHARSET=utf8mb3;
/*!40101 SET character_set_client = @saved_cs_client */;

--
-- Dumping data for table `restaurant_image`
--

LOCK TABLES `restaurant_image` WRITE;
/*!40000 ALTER TABLE `restaurant_image` DISABLE KEYS */;
INSERT INTO `restaurant_image` VALUES (1,1,'https://media-cdn.tripadvisor.com/media/photo-s/19/f7/09/99/shang-palace.jpg'),(2,1,'https://media-cdn.tripadvisor.com/media/photo-s/1c/8b/51/aa/master-chef-bun-boon.jpg'),(3,1,'https://media-cdn.tripadvisor.com/media/photo-s/1b/59/a7/54/private-dining-room.jpg'),(4,1,'https://media-cdn.tripadvisor.com/media/photo-s/1b/59/a7/39/dim-sum-platter.jpg'),(5,1,'https://media-cdn.tripadvisor.com/media/photo-s/1b/59/a7/63/restaurant-interior.jpg'),(6,1,'https://media-cdn.tripadvisor.com/media/photo-s/1b/59/a7/3c/fresh-seafood.jpg'),(7,1,'https://media-cdn.tripadvisor.com/media/photo-s/1b/59/a7/4a/private-dining-room.jpg'),(8,1,'https://media-cdn.tripadvisor.com/media/photo-s/1b/59/a7/3b/combination-of-dishes.jpg'),(9,1,'https://media-cdn.tripadvisor.com/media/photo-s/1b/59/a7/40/dim-sum-platter-2.jpg'),(10,1,'https://media-cdn.tripadvisor.com/media/photo-s/1c/8b/51/9f/our-team.jpg'),(11,1,'https://media-cdn.tripadvisor.com/media/photo-s/1b/59/a7/44/private-dining-room.jpg'),(12,1,'https://media-cdn.tripadvisor.com/media/photo-s/1b/59/a7/38/diim-sum-chef.jpg'),(13,1,'https://media-cdn.tripadvisor.com/media/photo-s/1b/f0/c5/ea/shang-palace.jpg'),(14,1,'https://media-cdn.tripadvisor.com/media/photo-s/1d/55/df/2a/shang-palace.jpg'),(15,1,'https://media-cdn.tripadvisor.com/media/photo-s/1c/80/75/9a/shang-palace.jpg'),(16,1,'https://media-cdn.tripadvisor.com/media/photo-s/1c/ad/3f/c5/shang-palace.jpg'),(17,1,'https://media-cdn.tripadvisor.com/media/photo-s/1c/7b/d2/9d/shang-palace.jpg'),(18,1,'https://media-cdn.tripadvisor.com/media/photo-s/1c/81/f7/7a/img-20210109-134207-largejpg.jpg'),(19,1,'https://media-cdn.tripadvisor.com/media/photo-s/1c/b0/97/b6/shang-palace.jpg'),(20,1,'https://media-cdn.tripadvisor.com/media/photo-s/1d/7d/e0/a2/shang-palace.jpg'),(21,1,'https://media-cdn.tripadvisor.com/media/photo-s/1c/81/f7/7d/img-20210109-143358-largejpg.jpg'),(22,1,'https://media-cdn.tripadvisor.com/media/photo-s/1c/81/f7/7b/img-20210109-135018-largejpg.jpg'),(23,1,'https://media-cdn.tripadvisor.com/media/photo-s/1c/b2/75/e5/shrimp-dumplings.jpg'),(24,1,'https://media-cdn.tripadvisor.com/media/photo-s/1c/81/f7/79/img-20210109-134202-largejpg.jpg');
/*!40000 ALTER TABLE `restaurant_image` ENABLE KEYS */;
UNLOCK TABLES;

--
-- Table structure for table `scraped_attraction_log`
--

DROP TABLE IF EXISTS `scraped_attraction_log`;
/*!40101 SET @saved_cs_client     = @@character_set_client */;
/*!50503 SET character_set_client = utf8mb4 */;
CREATE TABLE `scraped_attraction_log` (
  `id` int NOT NULL AUTO_INCREMENT,
  `city_id` int NOT NULL,
  `no_of_attractions_scraped` varchar(1000) NOT NULL,
  PRIMARY KEY (`id`),
  KEY `FK_ATTRACTION_ID_LOG` (`city_id`),
  CONSTRAINT `FK_CITY_ID_LOG_ATTRACTION` FOREIGN KEY (`city_id`) REFERENCES `city` (`id`)
) ENGINE=InnoDB DEFAULT CHARSET=utf8mb3;
/*!40101 SET character_set_client = @saved_cs_client */;

--
-- Dumping data for table `scraped_attraction_log`
--

LOCK TABLES `scraped_attraction_log` WRITE;
/*!40000 ALTER TABLE `scraped_attraction_log` DISABLE KEYS */;
/*!40000 ALTER TABLE `scraped_attraction_log` ENABLE KEYS */;
UNLOCK TABLES;

--
-- Table structure for table `scraped_hotel_log`
--

DROP TABLE IF EXISTS `scraped_hotel_log`;
/*!40101 SET @saved_cs_client     = @@character_set_client */;
/*!50503 SET character_set_client = utf8mb4 */;
CREATE TABLE `scraped_hotel_log` (
  `id` int NOT NULL AUTO_INCREMENT,
  `city_id` int NOT NULL,
  `no_of_hotels_scraped` varchar(1000) NOT NULL,
  PRIMARY KEY (`id`),
  KEY `FK_CITY_ID_LOG` (`city_id`),
  CONSTRAINT `FK_CITY_ID_LOG` FOREIGN KEY (`city_id`) REFERENCES `city` (`id`)
) ENGINE=InnoDB DEFAULT CHARSET=utf8mb3;
/*!40101 SET character_set_client = @saved_cs_client */;

--
-- Dumping data for table `scraped_hotel_log`
--

LOCK TABLES `scraped_hotel_log` WRITE;
/*!40000 ALTER TABLE `scraped_hotel_log` DISABLE KEYS */;
/*!40000 ALTER TABLE `scraped_hotel_log` ENABLE KEYS */;
UNLOCK TABLES;

--
-- Table structure for table `scraped_restaurants_log`
--

DROP TABLE IF EXISTS `scraped_restaurants_log`;
/*!40101 SET @saved_cs_client     = @@character_set_client */;
/*!50503 SET character_set_client = utf8mb4 */;
CREATE TABLE `scraped_restaurants_log` (
  `id` int NOT NULL AUTO_INCREMENT,
  `city_id` int NOT NULL,
  `no_of_restaurants_scraped` varchar(1000) NOT NULL,
  PRIMARY KEY (`id`),
  KEY `FK_CITY_ID_LOG_RESTAURANT` (`city_id`),
  CONSTRAINT `FK_CITY_ID_LOG_RESTAURANT` FOREIGN KEY (`city_id`) REFERENCES `city` (`id`)
) ENGINE=InnoDB AUTO_INCREMENT=9 DEFAULT CHARSET=utf8mb3;
/*!40101 SET character_set_client = @saved_cs_client */;

--
-- Dumping data for table `scraped_restaurants_log`
--

LOCK TABLES `scraped_restaurants_log` WRITE;
/*!40000 ALTER TABLE `scraped_restaurants_log` DISABLE KEYS */;
INSERT INTO `scraped_restaurants_log` VALUES (1,1,'1'),(2,3,'2'),(3,1,'1'),(4,3,'2'),(5,1,'1'),(6,3,'2'),(7,1,'1'),(8,3,'2');
/*!40000 ALTER TABLE `scraped_restaurants_log` ENABLE KEYS */;
UNLOCK TABLES;

--
-- Table structure for table `url_log`
--

DROP TABLE IF EXISTS `url_log`;
/*!40101 SET @saved_cs_client     = @@character_set_client */;
/*!50503 SET character_set_client = utf8mb4 */;
CREATE TABLE `url_log` (
  `id` int NOT NULL AUTO_INCREMENT,
  `type_id` int NOT NULL,
  `url` varchar(10000) NOT NULL,
  PRIMARY KEY (`id`),
  KEY `url_log_FK` (`type_id`),
  CONSTRAINT `url_log_FK` FOREIGN KEY (`type_id`) REFERENCES `resource_type` (`id`)
) ENGINE=InnoDB AUTO_INCREMENT=1207 DEFAULT CHARSET=utf8mb3;
/*!40101 SET character_set_client = @saved_cs_client */;

--
-- Dumping data for table `url_log`
--

LOCK TABLES `url_log` WRITE;
/*!40000 ALTER TABLE `url_log` DISABLE KEYS */;
INSERT INTO `url_log` VALUES (1,3,'https://www.tripadvisor.com//Attraction_Review-g293962-d552525-Reviews-Gangaramaya_Vihara_Buddhist_Temple-Colombo_Western_Province.html'),(2,3,'https://www.tripadvisor.com//Attraction_Review-g304138-d317476-Reviews-Temple_of_the_Sacred_Tooth_Relic-Kandy_Kandy_District_Central_Province.html'),(3,3,'https://www.tripadvisor.com//Attraction_Review-g297897-d10038168-Reviews-Main_Fish_Market-Negombo_Western_Province.html'),(4,3,'https://www.tripadvisor.com//Attraction_Review-g297896-d3617497-Reviews-Galle_Fort-Galle_Galle_District_Southern_Province.html'),(5,3,'https://www.tripadvisor.com//Attraction_Review-g616035-d2478367-Reviews-Little_Adam_s_Peak-Ella_Uva_Province.html'),(6,3,'https://www.tripadvisor.com//Attraction_Review-g608524-d2486502-Reviews-Horton_Plains_National_Park-Nuwara_Eliya_Central_Province.html'),(7,3,'https://www.tripadvisor.com//Attraction_Review-g297897-d13965940-Reviews-Negombo_Lagoon-Negombo_Western_Province.html'),(8,3,'https://www.tripadvisor.com//Attraction_Review-g1407334-d6104104-Reviews-Mirissa_Beach-Mirissa_Southern_Province.html'),(9,3,'https://www.tripadvisor.com//Attraction_Review-g293962-d4689644-Reviews-Kelaniya_Raja_Maha_Vihara-Colombo_Western_Province.html'),(10,3,'https://www.tripadvisor.com//Attraction_Review-g304134-d7034305-Reviews-Hikkaduwa_Beach-Hikkaduwa_Galle_District_Southern_Province.html'),(11,3,'https://www.tripadvisor.com//Attraction_Review-g297897-d2236748-Reviews-Muthurajawela_Marsh-Negombo_Western_Province.html'),(12,3,'https://www.tripadvisor.com//Attraction_Review-g297897-d3388871-Reviews-St_Mary_s_Church-Negombo_Western_Province.html'),(13,3,'https://www.tripadvisor.com//Attraction_Review-g297897-d1655656-Reviews-Negombo_Beach-Negombo_Western_Province.html'),(14,3,'https://www.tripadvisor.com//Attraction_Review-g293962-d554029-Reviews-Mount_Lavinia_Beach-Colombo_Western_Province.html'),(15,3,'https://www.tripadvisor.com//Attraction_Review-g297897-d552524-Reviews-Negombo_Fish_Market-Negombo_Western_Province.html'),(16,3,'https://www.tripadvisor.com//Attraction_Review-g293962-d447450-Reviews-Colombo_National_Museum-Colombo_Western_Province.html'),(17,3,'https://www.tripadvisor.com//Attraction_Review-g297895-d7029063-Reviews-Bentota_Beach-Bentota_Galle_District_Southern_Province.html'),(18,3,'https://www.tripadvisor.com//Attraction_Review-g304141-d4782530-Reviews-Sigiriya_The_Ancient_Rock_Fortress-Sigiriya_Central_Province.html'),(19,3,'https://www.tripadvisor.com//Attraction_Review-g644047-d6848583-Reviews-Japanese_Peace_Pagoda-Unawatuna_Galle_District_Southern_Province.html'),(20,3,'https://www.tripadvisor.com//Attraction_Review-g297897-d3388894-Reviews-Dutch_Canal-Negombo_Western_Province.html'),(21,3,'https://www.tripadvisor.com//Attraction_Review-g297897-d12688157-Reviews-St_Sebastian_s_Church-Negombo_Western_Province.html'),(22,3,'https://www.tripadvisor.com//Attraction_Review-g13921285-d2531096-Reviews-Knuckles_Mountain_Range-Etanwela_Central_Province.html'),(23,3,'https://www.tripadvisor.com//Attraction_Review-g304141-d3220900-Reviews-Pidurangala_Rock-Sigiriya_Central_Province.html'),(24,3,'https://www.tripadvisor.com//Attraction_Review-g293962-d6106425-Reviews-Viharamahadevi_Park-Colombo_Western_Province.html'),(25,3,'https://www.tripadvisor.com//Attraction_Review-g297897-d4591029-Reviews-Angurukaramulla_Temple-Negombo_Western_Province.html'),(26,3,'https://www.tripadvisor.com//Attraction_Review-g304142-d2012330-Reviews-Mulgirigala_Raja_Maha_Vihara-Tangalle_Southern_Province.html'),(27,3,'https://www.tripadvisor.com//Attraction_Review-g304138-d2534649-Reviews-Udawattekele_Sanctuary-Kandy_Kandy_District_Central_Province.html'),(28,3,'https://www.tripadvisor.com//Attraction_Review-g424963-d3477576-Reviews-Koneswaram_Temple-Trincomalee_Eastern_Province.html'),(29,3,'https://www.tripadvisor.com//Attraction_Review-g293962-d4091812-Reviews-Jami_Ul_Alfar_Mosque-Colombo_Western_Province.html'),(30,3,'https://www.tripadvisor.com//Attraction_Review-g1865780-d3581581-Reviews-Euphoria_Spice_and_Herbal-Matale_Central_Province.html'),(31,3,'https://www.tripadvisor.com//Attraction_Review-g304138-d2256431-Reviews-Bahiravokanda_Vihara_Buddha_Statue-Kandy_Kandy_District_Central_Province.html'),(32,3,'https://www.tripadvisor.com//Attraction_Review-g1534660-d4090241-Reviews-Tea_Plantation_Workers_Museum_and_Archive-Gampola_Kandy_District_Central_Provinc.html'),(33,3,'https://www.tripadvisor.com//Attraction_Review-g304132-d2056216-Reviews-Mihintale-Anuradhapura_North_Central_Province.html'),(34,3,'https://www.tripadvisor.com//Attraction_Review-g304135-d551304-Reviews-Nallur_Kovil-Jaffna_Northern_Province.html'),(35,3,'https://www.tripadvisor.com//Attraction_Review-g304138-d6199472-Reviews-Kandy_View_Point-Kandy_Kandy_District_Central_Province.html'),(36,3,'https://www.tripadvisor.com//Attraction_Review-g293962-d3519240-Reviews-Independence_Square-Colombo_Western_Province.html'),(37,3,'https://www.tripadvisor.com//Attraction_Review-g616035-d4137010-Reviews-Nine_Arches_Bridge-Ella_Uva_Province.html'),(38,3,'https://www.tripadvisor.com//Attraction_Review-g23719828-d447525-Reviews-Sinharaja_Forest_Reserve-Viharahena_Southern_Province.html'),(39,3,'https://www.tripadvisor.com//Attraction_Review-g304138-d1972447-Reviews-Kandy_Garrison_Cemetery-Kandy_Kandy_District_Central_Province.html'),(40,3,'https://www.tripadvisor.com//Attraction_Review-g293962-d2459884-Reviews-Dutch_Hospital_Shopping_Precinct-Colombo_Western_Province.html'),(41,3,'https://www.tripadvisor.com//Attraction_Review-g293962-d3195710-Reviews-Galle_Face_Green-Colombo_Western_Province.html'),(42,3,'https://www.tripadvisor.com//Attraction_Review-g304133-d2137226-Reviews-Golden_Temple_of_Dambulla-Dambulla_Central_Province.html'),(43,3,'https://www.tripadvisor.com//Attraction_Review-g304138-d4108206-Reviews-Lankatilaka_Temple-Kandy_Kandy_District_Central_Province.html'),(44,3,'https://www.tripadvisor.com//Attraction_Review-g674587-d447524-Reviews-Udawalawe_National_Park-Udawalawe_National_Park.html'),(45,3,'https://www.tripadvisor.com//Attraction_Review-g1407334-d17469090-Reviews-Coconut_Tree_Hill-Mirissa_Southern_Province.html'),(46,3,'https://www.tripadvisor.com//Attraction_Review-g297897-d8090853-Reviews-St_Anne_s_Church-Negombo_Western_Province.html'),(47,3,'https://www.tripadvisor.com//Attraction_Review-g946553-d3906343-Reviews-Snake_Farm-Matara_Southern_Province.html'),(48,3,'https://www.tripadvisor.com//Attraction_Review-g293962-d3948711-Reviews-St_Anthony_s_Shrine-Colombo_Western_Province.html'),(49,3,'https://www.tripadvisor.com//Attraction_Review-g612380-d13335957-Reviews-Weligama_Beach-Weligama_Matara_Southern_Province.html'),(50,3,'https://www.tripadvisor.com//Attraction_Review-g304138-d3136530-Reviews-Ceylon_Tea_Museum-Kandy_Kandy_District_Central_Province.html'),(51,3,'https://www.tripadvisor.com//Attraction_Review-g644047-d5783550-Reviews-Mihiripenna_Beach-Unawatuna_Galle_District_Southern_Province.html'),(52,3,'https://www.tripadvisor.com//Attraction_Review-g946553-d3137943-Reviews-Polhena_Beach-Matara_Southern_Province.html'),(53,3,'https://www.tripadvisor.com//Attraction_Review-g304138-d2256393-Reviews-Kandy_Lake-Kandy_Kandy_District_Central_Province.html'),(54,3,'https://www.tripadvisor.com//Attraction_Review-g304134-d8614149-Reviews-Community_Tsunami_Museum-Hikkaduwa_Galle_District_Southern_Province.html'),(55,3,'https://www.tripadvisor.com//Attraction_Review-g616035-d2703056-Reviews-Ella_Rock-Ella_Uva_Province.html'),(56,3,'https://www.tripadvisor.com//Attraction_Review-g297896-d11592370-Reviews-Sea_Turtle_Farm_Galle_Mahamodara-Galle_Galle_District_Southern_Province.html'),(57,3,'https://www.tripadvisor.com//Attraction_Review-g304134-d3183957-Reviews-Turtle_Hatchery_Hikkaduwa-Hikkaduwa_Galle_District_Southern_Province.html'),(58,3,'https://www.tripadvisor.com//Attraction_Review-g665220-d2357646-Reviews-Kaudulla_National_Park-Habarana_North_Central_Province.html'),(59,3,'https://www.tripadvisor.com//Attraction_Review-g293962-d5970248-Reviews-Number_11-Colombo_Western_Province.html'),(60,3,'https://www.tripadvisor.com//Attraction_Review-g297896-d483650-Reviews-Old_Town_of_Galle_and_its_Fortifications-Galle_Galle_District_Southern_Province.html'),(61,3,'https://www.tripadvisor.com//Attraction_Review-g293962-d4559565-Reviews-Temple_of_Sri_Kailawasanathan_Swami_Devasthanam_Kovil-Colombo_Western_Province.html'),(62,3,'https://www.tripadvisor.com//Attraction_Review-g304139-d647515-Reviews-Pinnawala_Elephant_Orphanage-Pinnawala_Sabaragamuwa_Province.html'),(63,3,'https://www.tripadvisor.com//Attraction_Review-g293962-d7056001-Reviews-Asokaramaya_Buddhist_Temple-Colombo_Western_Province.html'),(64,3,'https://www.tripadvisor.com//Attraction_Review-g644047-d3331573-Reviews-Jungle_Beach-Unawatuna_Galle_District_Southern_Province.html'),(65,3,'https://www.tripadvisor.com//Attraction_Review-g304136-d6023934-Reviews-Kalutara_Bodhiya-Kalutara_Western_Province.html'),(66,3,'https://www.tripadvisor.com//Attraction_Review-g946553-d8504701-Reviews-Hiriketiya_Beach-Matara_Southern_Province.html'),(67,3,'https://www.tripadvisor.com//Attraction_Review-g1102395-d7745474-Reviews-Tissa_Wewa-Tissamaharama_Southern_Province.html'),(68,3,'https://www.tripadvisor.com//Attraction_Review-g297897-d16853247-Reviews-Sri_Singama_Kali_Amman_Kovil-Negombo_Western_Province.html'),(69,3,'https://www.tripadvisor.com//Attraction_Review-g304140-d1953743-Reviews-Polonnaruwa-Polonnaruwa_North_Central_Province.html'),(70,3,'https://www.tripadvisor.com//Attraction_Review-g3814834-d6957436-Reviews-Seethawaka_Wet_Zone_Botanic_Gardens-Avissawella_Western_Province.html'),(71,3,'https://www.tripadvisor.com//Attraction_Review-g293962-d447445-Reviews-Pettah-Colombo_Western_Province.html'),(72,3,'https://www.tripadvisor.com//Attraction_Review-g304138-d3224832-Reviews-New_Ranweli_Spice_Garden-Kandy_Kandy_District_Central_Province.html'),(73,3,'https://www.tripadvisor.com//Attraction_Review-g297897-d15828709-Reviews-Rukmani_Devi_Park-Negombo_Western_Province.html'),(74,3,'https://www.tripadvisor.com//Attraction_Review-g1407334-d19174694-Reviews-Turtle_Point-Mirissa_Southern_Province.html'),(75,3,'https://www.tripadvisor.com//Attraction_Review-g1073495-d3655567-Reviews-Lipton_s_Seat-Haputale_Uva_Province.html'),(76,3,'https://www.tripadvisor.com//Attraction_Review-g304138-d3676172-Reviews-Kandy_War_Cemetery-Kandy_Kandy_District_Central_Province.html'),(77,3,'https://www.tripadvisor.com//Attraction_Review-g1865780-d6676945-Reviews-Sri_Muthumariamman_Temple-Matale_Central_Province.html'),(78,3,'https://www.tripadvisor.com//Attraction_Review-g293962-d3870228-Reviews-Sri_Ponnambalam_Vanesar_Kovil-Colombo_Western_Province.html'),(79,3,'https://www.tripadvisor.com//Attraction_Review-g304134-d5018928-Reviews-Tsunami_Honganji_Vihara-Hikkaduwa_Galle_District_Southern_Province.html'),(80,3,'https://www.tripadvisor.com//Attraction_Review-g665220-d12921436-Reviews-Dambulla_Cave_Temple-Habarana_North_Central_Province.html'),(81,3,'https://www.tripadvisor.com//Attraction_Review-g612380-d7605250-Reviews-Kushta_Raja_Gala-Weligama_Matara_Southern_Province.html'),(82,3,'https://www.tripadvisor.com//Attraction_Review-g3348959-d5995999-Reviews-Kudumbigala_Monastery-Arugam_Bay_Eastern_Province.html'),(83,3,'https://www.tripadvisor.com//Attraction_Review-g612381-d1068029-Reviews-Buduruwagala-Yala_National_Park.html'),(84,3,'https://www.tripadvisor.com//Attraction_Review-g293962-d15218691-Reviews-Colombo_City_Centre-Colombo_Western_Province.html'),(85,3,'https://www.tripadvisor.com//Attraction_Review-g304138-d6547226-Reviews-World_Buddhist_Museum-Kandy_Kandy_District_Central_Province.html'),(86,3,'https://www.tripadvisor.com//Attraction_Review-g297897-d5586462-Reviews-Dutch_Fort-Negombo_Western_Province.html'),(87,3,'https://www.tripadvisor.com//Attraction_Review-g1865780-d6417888-Reviews-Sembuwaththa_Lake-Matale_Central_Province.html'),(88,3,'https://www.tripadvisor.com//Attraction_Review-g1027209-d10229106-Reviews-Ridiyagama_Safari_Park-Hambantota_Tangalle_Southern_Province.html'),(89,3,'https://www.tripadvisor.com//Attraction_Review-g304138-d10020541-Reviews-Esala_Perahera_Festival-Kandy_Kandy_District_Central_Province.html'),(90,3,'https://www.tripadvisor.com//Attraction_Review-g1534660-d14910324-Reviews-Storefield_Tea_Factory-Gampola_Kandy_District_Central_Province.html'),(91,3,'https://www.tripadvisor.com//Attraction_Review-g297897-d13786510-Reviews-Negombo_Water_Park-Negombo_Western_Province.html'),(92,3,'https://www.tripadvisor.com//Attraction_Review-g304138-d10345263-Reviews-Kandy_Tourist_Information_Center-Kandy_Kandy_District_Central_Province.html'),(93,3,'https://www.tripadvisor.com//Attraction_Review-g304134-d10289705-Reviews-Narigama_Beach-Hikkaduwa_Galle_District_Southern_Province.html'),(94,3,'https://www.tripadvisor.com//Attraction_Review-g3348959-d577794-Reviews-Arugam_Bay-Arugam_Bay_Eastern_Province.html'),(95,3,'https://www.tripadvisor.com//Attraction_Review-g293962-d7034994-Reviews-Colombo_Fort_Railway_Station-Colombo_Western_Province.html'),(96,3,'https://www.tripadvisor.com//Attraction_Review-g304138-d3668268-Reviews-Pallekele_International_Cricket_Stadium-Kandy_Kandy_District_Central_Province.html'),(97,3,'https://www.tripadvisor.com//Attraction_Review-g1102395-d3895239-Reviews-Sithulpawwa_Rock_Temple-Tissamaharama_Southern_Province.html'),(98,3,'https://www.tripadvisor.com//Attraction_Review-g293962-d3548025-Reviews-R_Premadasa_Stadium-Colombo_Western_Province.html'),(99,3,'https://www.tripadvisor.com//Attraction_Review-g304138-d3999873-Reviews-Royal_Palace_of_Kandy-Kandy_Kandy_District_Central_Province.html'),(100,3,'https://www.tripadvisor.com//Attraction_Review-g946553-d1652944-Reviews-Weherahena_Buddhist_Temple-Matara_Southern_Province.html'),(101,3,'https://www.tripadvisor.com//Attraction_Review-g297897-d8464650-Reviews-Abhayasekararama_Temple-Negombo_Western_Province.html'),(102,3,'https://www.tripadvisor.com//Attraction_Review-g293962-d2487412-Reviews-Colombo_Fort-Colombo_Western_Province.html'),(103,3,'https://www.tripadvisor.com//Attraction_Review-g1865780-d1579839-Reviews-Aluvihara_Rock_Cave_Temple-Matale_Central_Province.html'),(104,3,'https://www.tripadvisor.com//Attraction_Review-g1407334-d16758813-Reviews-Parrot_Rock_Bridge-Mirissa_Southern_Province.html'),(105,3,'https://www.tripadvisor.com//Attraction_Review-g2424710-d7826949-Reviews-Nilaveli_Beach-Nilaveli_Eastern_Province.html'),(106,3,'https://www.tripadvisor.com//Attraction_Review-g297897-d15096633-Reviews-Morawala_Beach-Negombo_Western_Province.html'),(107,3,'https://www.tripadvisor.com//Attraction_Review-g304136-d3923674-Reviews-Richmond_Castle-Kalutara_Western_Province.html'),(108,3,'https://www.tripadvisor.com//Attraction_Review-g297897-d19444430-Reviews-Aiyappan_Temple-Negombo_Western_Province.html'),(109,3,'https://www.tripadvisor.com//Attraction_Review-g293962-d4325281-Reviews-Good_Market-Colombo_Western_Province.html'),(110,3,'https://www.tripadvisor.com//Attraction_Review-g297895-d10497434-Reviews-Bentota_River-Bentota_Galle_District_Southern_Province.html'),(111,3,'https://www.tripadvisor.com//Attraction_Review-g293962-d6697019-Reviews-Ballys_Casino-Colombo_Western_Province.html'),(112,3,'https://www.tripadvisor.com//Attraction_Review-g293962-d447453-Reviews-National_Zoological_Gardens_of_Sri_Lanka-Colombo_Western_Province.html'),(113,3,'https://www.tripadvisor.com//Attraction_Review-g2562188-d447526-Reviews-Horton_Plains_National_Park-Ohiya_Uva_Province.html'),(114,3,'https://www.tripadvisor.com//Attraction_Review-g644047-d15708228-Reviews-Unawatuna_Beach-Unawatuna_Galle_District_Southern_Province.html'),(115,3,'https://www.tripadvisor.com//Attraction_Review-g1865780-d7610327-Reviews-Riverstone_Gap-Matale_Central_Province.html'),(116,3,'https://www.tripadvisor.com//Attraction_Review-g293962-d2536790-Reviews-Seema_Malakaya_Temple-Colombo_Western_Province.html'),(117,3,'https://www.tripadvisor.com//Attraction_Review-g293962-d8091047-Reviews-Independence_Memorial_Hall-Colombo_Western_Province.html'),(118,3,'https://www.tripadvisor.com//Attraction_Review-g612381-d4262531-Reviews-Okanda_Devalaya-Yala_National_Park.html'),(119,3,'https://www.tripadvisor.com//Attraction_Review-g608524-d1982701-Reviews-Bluefield_Tea_Gardens-Nuwara_Eliya_Central_Province.html'),(120,3,'https://www.tripadvisor.com//Attraction_Review-g297897-d19445223-Reviews-Aiyappan_Temple-Negombo_Western_Province.html'),(121,3,'https://www.tripadvisor.com//Attraction_Review-g612381-d11824393-Reviews-Kebiliththa_Siyambalawa_devalaya-Yala_National_Park.html'),(122,3,'https://www.tripadvisor.com//Attraction_Review-g293962-d15084869-Reviews-Marino_Mall-Colombo_Western_Province.html'),(123,3,'https://www.tripadvisor.com//Attraction_Review-g297897-d4227702-Reviews-Dutch_Clock_Tower-Negombo_Western_Province.html'),(124,3,'https://www.tripadvisor.com//Attraction_Review-g297897-d19444432-Reviews-Shri_Panjamuga_Anjaneyar_Temple-Negombo_Western_Province.html'),(125,3,'https://www.tripadvisor.com//Attraction_Review-g304142-d4068286-Reviews-Goyambokka_Beach_Sriyanga_Sanjeewa-Tangalle_Southern_Province.html'),(126,3,'https://www.tripadvisor.com//Attraction_Review-g297897-d12431745-Reviews-Negombo_Public_Cemetery-Negombo_Western_Province.html'),(127,3,'https://www.tripadvisor.com//Attraction_Review-g304135-d2458521-Reviews-Neduntheevu_Delft_Island-Jaffna_Northern_Province.html'),(128,3,'https://www.tripadvisor.com//Attraction_Review-g424963-d3420218-Reviews-Marble_Beach-Trincomalee_Eastern_Province.html'),(129,3,'https://www.tripadvisor.com//Attraction_Review-g304136-d7009635-Reviews-Kalutara_Beach-Kalutara_Western_Province.html'),(130,3,'https://www.tripadvisor.com//Attraction_Review-g304138-d7001504-Reviews-Alagalla_Mountain_Range-Kandy_Kandy_District_Central_Province.html'),(131,3,'https://www.tripadvisor.com//Attraction_Review-g304140-d3600925-Reviews-Gal_Vihara-Polonnaruwa_North_Central_Province.html'),(132,3,'https://www.tripadvisor.com//Attraction_Review-g674590-d2634000-Reviews-Handunugoda_Tea_Estate-Ahangama_Galle_District_Southern_Province.html'),(133,3,'https://www.tripadvisor.com//Attraction_Review-g2467807-d368124-Reviews-Adam_s_Peak_Sri_pada-Sabaragamuwa_Province.html'),(134,3,'https://www.tripadvisor.com//Attraction_Review-g293962-d19410547-Reviews-One_Galle_Face-Colombo_Western_Province.html'),(135,3,'https://www.tripadvisor.com//Attraction_Review-g2435125-d3510270-Reviews-Mannar_Island-Mannar_Northern_Province.html'),(136,3,'https://www.tripadvisor.com//Attraction_Review-g1189030-d12429078-Reviews-Sea_Turtle_Conservation_Project_Koggala-Koggala_Galle_District_Southern_Provinc.html'),(137,3,'https://www.tripadvisor.com//Attraction_Review-g1987470-d5931827-Reviews-Elephant_Freedom_Project-Kegalle_Sabaragamuwa_Province.html'),(138,3,'https://www.tripadvisor.com//Attraction_Review-g1407334-d19596435-Reviews-Anuradha_Wellness_Spa-Mirissa_Southern_Province.html'),(139,3,'https://www.tripadvisor.com//Attraction_Review-g1189172-d1744882-Reviews-Brief_Garden_Bevis_Bawa-Beruwala_Western_Province.html'),(140,3,'https://www.tripadvisor.com//Attraction_Review-g1027209-d5877603-Reviews-Mirijjawila_Botanic_Gardens-Hambantota_Tangalle_Southern_Province.html'),(141,3,'https://www.tripadvisor.com//Attraction_Review-g304136-d11824207-Reviews-Thudugala_Ella_waterfall-Kalutara_Western_Province.html'),(142,3,'https://www.tripadvisor.com//Attraction_Review-g1865780-d1899660-Reviews-Ranweli_Spice_Garden-Matale_Central_Province.html'),(143,3,'https://www.tripadvisor.com//Attraction_Review-g940979-d8097961-Reviews-Kowilawatta_Temple-Balapitiya_Southern_Province.html'),(144,3,'https://www.tripadvisor.com//Attraction_Review-g940979-d3388891-Reviews-Madu_Ganga_Biodiversity_Area-Balapitiya_Southern_Province.html'),(145,3,'https://www.tripadvisor.com//Attraction_Review-g608524-d2255790-Reviews-Gregory_Lake-Nuwara_Eliya_Central_Province.html'),(146,3,'https://www.tripadvisor.com//Attraction_Review-g1027209-d6903423-Reviews-Dry_Zone_Botanic_Gardens_Hambantota-Hambantota_Tangalle_Southern_Province.html'),(147,3,'https://www.tripadvisor.com//Attraction_Review-g304138-d6199245-Reviews-Hanthana_Mountain_Range-Kandy_Kandy_District_Central_Province.html'),(148,3,'https://www.tripadvisor.com//Attraction_Review-g2424710-d3393891-Reviews-Pigeon_Island_National_Park-Nilaveli_Eastern_Province.html'),(149,3,'https://www.tripadvisor.com//Attraction_Review-g2562188-d3726130-Reviews-Kirigalpoththa_Hike-Ohiya_Uva_Province.html'),(150,3,'https://www.tripadvisor.com//Attraction_Review-g304135-d551306-Reviews-Nagadipa_Purana_Vihara-Jaffna_Northern_Province.html'),(151,3,'https://www.tripadvisor.com//Attraction_Review-g304138-d6353697-Reviews-Ranawana_Purana_Rajamaha_Viharaya-Kandy_Kandy_District_Central_Province.html'),(152,3,'https://www.tripadvisor.com//Attraction_Review-g304136-d3427026-Reviews-Fa_Hien_Caves-Kalutara_Western_Province.html'),(153,3,'https://www.tripadvisor.com//Attraction_Review-g3814834-d12861598-Reviews-Kumari_Ella_Falls-Avissawella_Western_Province.html'),(154,3,'https://www.tripadvisor.com//Attraction_Review-g1407334-d13799739-Reviews-Secret_Beach-Mirissa_Southern_Province.html'),(155,3,'https://www.tripadvisor.com//Attraction_Review-g304142-d10240178-Reviews-Ashram_Sri_Lanka-Tangalle_Southern_Province.html'),(156,3,'https://www.tripadvisor.com//Attraction_Review-g304135-d3628788-Reviews-Jaffna_Market-Jaffna_Northern_Province.html'),(157,3,'https://www.tripadvisor.com//Attraction_Review-g293962-d8641683-Reviews-House_of_Fashion-Colombo_Western_Province.html'),(158,3,'https://www.tripadvisor.com//Attraction_Review-g297895-d1137357-Reviews-Lunuganga_Garden_Tour-Bentota_Galle_District_Southern_Province.html'),(159,3,'https://www.tripadvisor.com//Attraction_Review-g424963-d12676764-Reviews-Sri_Pathrakali_Amman_Temple-Trincomalee_Eastern_Province.html'),(160,3,'https://www.tripadvisor.com//Attraction_Review-g297897-d6899571-Reviews-The_Gallery-Negombo_Western_Province.html'),(161,3,'https://www.tripadvisor.com//Attraction_Review-g304138-d6827637-Reviews-Galmaduwa_temple_kandy-Kandy_Kandy_District_Central_Province.html'),(162,3,'https://www.tripadvisor.com//Attraction_Review-g608521-d8870380-Reviews-Ahungalla_Beach-Ahungalla_Galle_District_Southern_Province.html'),(163,3,'https://www.tripadvisor.com//Attraction_Review-g940979-d2639890-Reviews-Madu_River-Balapitiya_Southern_Province.html'),(164,3,'https://www.tripadvisor.com//Attraction_Review-g293962-d10630689-Reviews-World_Trade_Center-Colombo_Western_Province.html'),(165,3,'https://www.tripadvisor.com//Attraction_Review-g293962-d7155436-Reviews-Beira_Lake-Colombo_Western_Province.html'),(166,3,'https://www.tripadvisor.com//Attraction_Review-g304138-d10536360-Reviews-Embekka_Devalaya-Kandy_Kandy_District_Central_Province.html'),(167,3,'https://www.tripadvisor.com//Attraction_Review-g297897-d19921458-Reviews-Clock_Tower-Negombo_Western_Province.html'),(168,3,'https://www.tripadvisor.com//Attraction_Review-g293962-d6949126-Reviews-Arcade_Independence_Square-Colombo_Western_Province.html'),(169,3,'https://www.tripadvisor.com//Attraction_Review-g304132-d600739-Reviews-Ruwanwelisaya-Anuradhapura_North_Central_Province.html'),(170,3,'https://www.tripadvisor.com//Attraction_Review-g1865780-d3825748-Reviews-Nalanda_Gedige-Matale_Central_Province.html'),(171,3,'https://www.tripadvisor.com//Attraction_Review-g304138-d12098501-Reviews-Chariot_Path_Kandy-Kandy_Kandy_District_Central_Province.html'),(172,3,'https://www.tripadvisor.com//Attraction_Review-g304134-d3365133-Reviews-Seenigama_Muhudu_Viharaya-Hikkaduwa_Galle_District_Southern_Province.html'),(173,3,'https://www.tripadvisor.com//Attraction_Review-g616035-d2480903-Reviews-Ella_Spice_Garden-Ella_Uva_Province.html'),(174,3,'https://www.tripadvisor.com//Attraction_Review-g1194819-d523519-Reviews-Royal_Botanical_Gardens-Peradeniya_Kandy_District_Central_Province.html'),(175,3,'https://www.tripadvisor.com//Attraction_Review-g2435125-d4506393-Reviews-Shrine_of_Our_Lady_of_Madhu-Mannar_Northern_Province.html'),(176,3,'https://www.tripadvisor.com//Attraction_Review-g293962-d10383111-Reviews-Crescat_Boulevard_Mall-Colombo_Western_Province.html'),(177,3,'https://www.tripadvisor.com//Attraction_Review-g304134-d7785452-Reviews-Saffron_Robes-Hikkaduwa_Galle_District_Southern_Province.html'),(178,3,'https://www.tripadvisor.com//Attraction_Review-g304133-d2734223-Reviews-Popham_s_Arboretum-Dambulla_Central_Province.html'),(179,3,'https://www.tripadvisor.com//Attraction_Review-g293962-d7786288-Reviews-Cotton_Collection-Colombo_Western_Province.html'),(180,3,'https://www.tripadvisor.com//Attraction_Review-g1865780-d7688976-Reviews-Pitawala_Pathana-Matale_Central_Province.html'),(181,3,'https://www.tripadvisor.com//Attraction_Review-g304142-d1748074-Reviews-Tangalle_Lagoon-Tangalle_Southern_Province.html'),(182,3,'https://www.tripadvisor.com//Attraction_Review-g644047-d15666722-Reviews-Unawatuna_Devol_Devalaya-Unawatuna_Galle_District_Southern_Province.html'),(183,3,'https://www.tripadvisor.com//Attraction_Review-g293962-d12050310-Reviews-Ape_Gama-Colombo_Western_Province.html'),(184,3,'https://www.tripadvisor.com//Attraction_Review-g499079-d7166119-Reviews-Sri_Lanka_Airforce_Museum-Dehiwala_Mount_Lavinia_Western_Province.html'),(185,3,'https://www.tripadvisor.com//Attraction_Review-g616035-d2255787-Reviews-Ravana_Ella_Falls-Ella_Uva_Province.html'),(186,3,'https://www.tripadvisor.com//Attraction_Review-g1950222-d2571915-Reviews-Dunhinda_Falls-Badulla_Uva_Province.html'),(187,3,'https://www.tripadvisor.com//Attraction_Review-g3595837-d3613552-Reviews-Water_World_Lanka-Kelaniya_Western_Province.html'),(188,3,'https://www.tripadvisor.com//Attraction_Review-g2193270-d8489256-Reviews-Passikudah_Beach-Kalkudah_Eastern_Province.html'),(189,3,'https://www.tripadvisor.com//Attraction_Review-g304138-d7654403-Reviews-Sri_Dalada_Museum-Kandy_Kandy_District_Central_Province.html'),(190,3,'https://www.tripadvisor.com//Attraction_Review-g1027209-d12133619-Reviews-Walawe_River_Safari-Hambantota_Tangalle_Southern_Province.html'),(191,3,'https://www.tripadvisor.com//Attraction_Review-g293962-d12002956-Reviews-Nelum_Pokuna_Art_Street-Colombo_Western_Province.html'),(192,3,'https://www.tripadvisor.com//Attraction_Review-g1188994-d2700804-Reviews-Kataragama_Temple-Kataragama_Uva_Province.html'),(193,3,'https://www.tripadvisor.com//Attraction_Review-g608524-d4106831-Reviews-Lover_s_Leap_Falls-Nuwara_Eliya_Central_Province.html'),(194,3,'https://www.tripadvisor.com//Attraction_Review-g304135-d11854813-Reviews-Nagadeepa_Rajamaha_Viharaya-Jaffna_Northern_Province.html'),(195,3,'https://www.tripadvisor.com//Attraction_Review-g608524-d2255791-Reviews-Sita_Temple-Nuwara_Eliya_Central_Province.html'),(196,3,'https://www.tripadvisor.com//Attraction_Review-g2424710-d19333422-Reviews-Sri_Kannaki_Amman_Kovil-Nilaveli_Eastern_Province.html'),(197,3,'https://www.tripadvisor.com//Attraction_Review-g674587-d8274316-Reviews-Elephant_Transit_Home_ETH-Udawalawe_National_Park.html'),(198,3,'https://www.tripadvisor.com//Attraction_Review-g293962-d11998753-Reviews-Liberty_Plaza-Colombo_Western_Province.html'),(199,3,'https://www.tripadvisor.com//Attraction_Review-g946553-d6553169-Reviews-The_Shrine_of_Our_Lady_of_Matara-Matara_Southern_Province.html'),(200,3,'https://www.tripadvisor.com//Attraction_Review-g304141-d12910312-Reviews-Kaludiya_Pokuna-Sigiriya_Central_Province.html'),(201,3,'https://www.tripadvisor.com//Attraction_Review-g304135-d551305-Reviews-Naga_Pooshani_Ambal_Kovil-Jaffna_Northern_Province.html'),(202,3,'https://www.tripadvisor.com//Attraction_Review-g1102395-d5877705-Reviews-Tissamaharama_Raja_Maha_Vihara-Tissamaharama_Southern_Province.html'),(203,3,'https://www.tripadvisor.com//Attraction_Review-g3348959-d18840926-Reviews-1World_Yoga-Arugam_Bay_Eastern_Province.html'),(204,3,'https://www.tripadvisor.com//Attraction_Review-g1189030-d10392056-Reviews-Koggala_Lake-Koggala_Galle_District_Southern_Province.html'),(205,3,'https://www.tripadvisor.com//Attraction_Review-g1865780-d8803146-Reviews-Bambarakiri_Ella_Falls-Matale_Central_Province.html'),(206,3,'https://www.tripadvisor.com//Attraction_Review-g304138-d7705869-Reviews-The_Church_of_St_Paul-Kandy_Kandy_District_Central_Province.html'),(207,3,'https://www.tripadvisor.com//Attraction_Review-g304133-d13414363-Reviews-Dambulla_Dedicated_Economic_Centre-Dambulla_Central_Province.html'),(208,3,'https://www.tripadvisor.com//Attraction_Review-g612378-d7927730-Reviews-Sea_Turtle_Hatchery-Ambalangoda_Galle_District_Southern_Province.html'),(209,3,'https://www.tripadvisor.com//Attraction_Review-g2467810-d9727573-Reviews-Ussangoda_National_Park-Southern_Province.html'),(210,3,'https://www.tripadvisor.com//Attraction_Review-g3814834-d16697601-Reviews-Ella_Uda_Ella_Falls-Avissawella_Western_Province.html'),(211,3,'https://www.tripadvisor.com//Attraction_Review-g304138-d12788707-Reviews-Hanthana_Mountain_Range-Kandy_Kandy_District_Central_Province.html'),(212,3,'https://www.tripadvisor.com//Attraction_Review-g304138-d9785457-Reviews-Raja_Museum-Kandy_Kandy_District_Central_Province.html'),(213,3,'https://www.tripadvisor.com//Attraction_Review-g946552-d3493442-Reviews-Maligatenna_Rajamaha_Viharaya-Gampaha_Western_Province.html'),(214,3,'https://www.tripadvisor.com//Attraction_Review-g304138-d1075380-Reviews-Waruna_Antiques-Kandy_Kandy_District_Central_Province.html'),(215,3,'https://www.tripadvisor.com//Attraction_Review-g1815618-d3477464-Reviews-Kumana_National_Park-Ampara_Eastern_Province.html'),(216,3,'https://www.tripadvisor.com//Attraction_Review-g1404719-d13507700-Reviews-Kudawa_Beach-Kalpitiya_North_Western_Province.html'),(217,3,'https://www.tripadvisor.com//Attraction_Review-g297895-d3613160-Reviews-Sea_Turtle_Protection_Association-Bentota_Galle_District_Southern_Province.html'),(218,3,'https://www.tripadvisor.com//Attraction_Review-g297896-d3628714-Reviews-Galle_Fort_Lighthouse-Galle_Galle_District_Southern_Province.html'),(219,3,'https://www.tripadvisor.com//Attraction_Review-g293962-d6158266-Reviews-Nelum_Pokuna_Mahinda_Rajapaksa_Theatre-Colombo_Western_Province.html'),(220,3,'https://www.tripadvisor.com//Attraction_Review-g293962-d10583627-Reviews-Bandaranaike_Memorial_International_Conference_Hall-Colombo_Western_Province.html'),(221,3,'https://www.tripadvisor.com//Attraction_Review-g293962-d10150960-Reviews-Expo_Rail-Colombo_Western_Province.html'),(222,3,'https://www.tripadvisor.com//Attraction_Review-g293962-d4091814-Reviews-St_Lucia_s_Cathedral-Colombo_Western_Province.html'),(223,3,'https://www.tripadvisor.com//Attraction_Review-g1865780-d7296973-Reviews-Sera_Ella_falls-Matale_Central_Province.html'),(224,3,'https://www.tripadvisor.com//Attraction_Review-g304135-d10020546-Reviews-Nallur_Kandaswamy_Kovil_Festival-Jaffna_Northern_Province.html'),(225,3,'https://www.tripadvisor.com//Attraction_Review-g304134-d552522-Reviews-Coral_Sanctuary-Hikkaduwa_Galle_District_Southern_Province.html'),(226,3,'https://www.tripadvisor.com//Attraction_Review-g293962-d6364063-Reviews-Noritake_Factory_Store-Colombo_Western_Province.html'),(227,3,'https://www.tripadvisor.com//Attraction_Review-g293962-d9744240-Reviews-Colombo_Swimming_Club-Colombo_Western_Province.html'),(228,3,'https://www.tripadvisor.com//Attraction_Review-g3348959-d11949864-Reviews-Sangaman_Kanda_Lighthouse-Arugam_Bay_Eastern_Province.html'),(229,3,'https://www.tripadvisor.com//Attraction_Review-g304138-d1594553-Reviews-Temple_of_the_Gadaladenia-Kandy_Kandy_District_Central_Province.html'),(230,3,'https://www.tripadvisor.com//Attraction_Review-g644046-d4007017-Reviews-Wewurukannala_Vihara-Dikwella_Southern_Province.html'),(231,3,'https://www.tripadvisor.com//Attraction_Review-g304138-d6012741-Reviews-Degaldoruwa_Temple-Kandy_Kandy_District_Central_Province.html'),(232,3,'https://www.tripadvisor.com//Attraction_Review-g644046-d17815405-Reviews-Peak_Dikwella_View_Point-Dikwella_Southern_Province.html'),(233,3,'https://www.tripadvisor.com//Attraction_Review-g304135-d3628732-Reviews-Jaffna_Fort-Jaffna_Northern_Province.html'),(234,3,'https://www.tripadvisor.com//Attraction_Review-g499079-d6872440-Reviews-Our_Turtle_Conservation_Project-Dehiwala_Mount_Lavinia_Western_Province.html'),(235,3,'https://www.tripadvisor.com//Attraction_Review-g1189172-d7029062-Reviews-Beruwala_Beach-Beruwala_Western_Province.html'),(236,3,'https://www.tripadvisor.com//Attraction_Review-g499079-d13592645-Reviews-Sri_Vishnu_Kovil-Dehiwala_Mount_Lavinia_Western_Province.html'),(237,3,'https://www.tripadvisor.com//Attraction_Review-g1102395-d7102142-Reviews-Tissa_Dagoba-Tissamaharama_Southern_Province.html'),(238,3,'https://www.tripadvisor.com//Attraction_Review-g293962-d4945037-Reviews-The_Factory_Outlet-Colombo_Western_Province.html'),(239,3,'https://www.tripadvisor.com//Attraction_Review-g293962-d8702174-Reviews-Pettah_Floating_Market-Colombo_Western_Province.html'),(240,3,'https://www.tripadvisor.com//Attraction_Review-g608524-d6599638-Reviews-Pedro_Tea_Factory-Nuwara_Eliya_Central_Province.html'),(241,2,'https://www.tripadvisor.com//Hotel_Review-g293962-d597086-Reviews-Cinnamon_Grand_Colombo-Colombo_Western_Province.html'),(242,2,'https://www.tripadvisor.com//Hotel_Review-g297897-d316666-Reviews-Hotel_Goldi_Sands-Negombo_Western_Province.html'),(243,2,'https://www.tripadvisor.com//Hotel_Review-g304134-d579245-Reviews-Hikka_Tranz_by_Cinnamon-Hikkaduwa_Galle_District_Southern_Province.html'),(244,2,'https://www.tripadvisor.com//Hotel_Review-g293962-d3801214-Reviews-The_Kingsbury_Hotel-Colombo_Western_Province.html'),(245,2,'https://www.tripadvisor.com//Hotel_Review-g293962-d13160059-Reviews-ME_Colombo-Colombo_Western_Province.html'),(246,2,'https://www.tripadvisor.com//Hotel_Review-g612380-d12553294-Reviews-Weligama_Bay_Marriott_Resort_Spa-Weligama_Matara_Southern_Province.html'),(247,2,'https://www.tripadvisor.com//Hotel_Review-g293962-d14106301-Reviews-Marino_Beach_Colombo-Colombo_Western_Province.html'),(248,2,'https://www.tripadvisor.com//Hotel_Review-g608521-d10039170-Reviews-Hotel_Riu_Sri_Lanka-Ahungalla_Galle_District_Southern_Province.html'),(249,2,'https://www.tripadvisor.com//Hotel_Review-g304142-d8116054-Reviews-Anantara_Peace_Haven_Tangalle_Resort-Tangalle_Southern_Province.html'),(250,2,'https://www.tripadvisor.com//Hotel_Review-g293962-d2038179-Reviews-Galle_Face_Hotel-Colombo_Western_Province.html'),(251,2,'https://www.tripadvisor.com//Hotel_Review-g297896-d10954536-Reviews-Radisson_Blu_Resort_Galle-Galle_Galle_District_Southern_Province.html'),(252,2,'https://www.tripadvisor.com//Hotel_Review-g293962-d12720953-Reviews-Shangri_La_Colombo-Colombo_Western_Province.html'),(253,2,'https://www.tripadvisor.com//Hotel_Review-g304138-d5566703-Reviews-Earl_s_Regent_Hotel-Kandy_Kandy_District_Central_Province.html'),(254,2,'https://www.tripadvisor.com//Hotel_Review-g2467812-d579219-Reviews-Pegasus_Reef_Hotel-Western_Province.html'),(255,2,'https://www.tripadvisor.com//Hotel_Review-g499081-d586453-Reviews-The_Blue_Water-Wadduwa_Western_Province.html'),(256,2,'https://www.tripadvisor.com//Hotel_Review-g616035-d6219644-Reviews-Ella_Mount_View_Guest_Inn-Ella_Uva_Province.html'),(257,2,'https://www.tripadvisor.com//Hotel_Review-g644047-d15138198-Reviews-Agnus_Unawatuna-Unawatuna_Galle_District_Southern_Province.html'),(258,2,'https://www.tripadvisor.com//Hotel_Review-g304138-d12099424-Reviews-Fox_Kandy_by_Fox_Resorts-Kandy_Kandy_District_Central_Province.html'),(259,2,'https://www.tripadvisor.com//Hotel_Review-g304140-d3682523-Reviews-Seyara_Holiday_Resort-Polonnaruwa_North_Central_Province.html'),(260,2,'https://www.tripadvisor.com//Hotel_Review-g608524-d12958120-Reviews-Oak_Ray-Nuwara_Eliya_Central_Province.html'),(261,2,'https://www.tripadvisor.com//Hotel_Review-g12269767-d1674695-Reviews-Turtle_Bay-Kalametiya_Tangalle_Southern_Province.html'),(262,2,'https://www.tripadvisor.com//Hotel_Review-g293962-d6912248-Reviews-Cinnamon_Red_Colombo-Colombo_Western_Province.html'),(263,2,'https://www.tripadvisor.com//Hotel_Review-g616035-d1987773-Reviews-Ella_Planters_Bungalow-Ella_Uva_Province.html'),(264,2,'https://www.tripadvisor.com//Hotel_Review-g297895-d315672-Reviews-EKHO_Surf-Bentota_Galle_District_Southern_Province.html'),(265,2,'https://www.tripadvisor.com//Hotel_Review-g12162863-d6026969-Reviews-Citrus_Waskaduwa-Waskaduwa_Western_Province.html'),(266,2,'https://www.tripadvisor.com//Hotel_Review-g2269230-d316667-Reviews-Jetwing_Sea-Kochchikade_Negombo_Western_Province.html'),(267,2,'https://www.tripadvisor.com//Hotel_Review-g293962-d12002902-Reviews-Mandarina_Colombo-Colombo_Western_Province.html'),(268,2,'https://www.tripadvisor.com//Hotel_Review-g304134-d609883-Reviews-Citrus_Hikkaduwa-Hikkaduwa_Galle_District_Southern_Province.html'),(269,2,'https://www.tripadvisor.com//Hotel_Review-g644047-d2071544-Reviews-Nooit_Gedacht_Heritage_Hotel-Unawatuna_Galle_District_Southern_Province.html'),(270,2,'https://www.tripadvisor.com//Hotel_Review-g293962-d10750243-Reviews-Fairway_Colombo-Colombo_Western_Province.html'),(271,2,'https://www.tripadvisor.com//Hotel_Review-g293962-d456049-Reviews-Cinnamon_Lakeside_Colombo-Colombo_Western_Province.html'),(272,2,'https://www.tripadvisor.com//Hotel_Review-g608524-d579206-Reviews-The_Grand_Hotel-Nuwara_Eliya_Central_Province.html'),(273,2,'https://www.tripadvisor.com//Hotel_Review-g4366271-d1126459-Reviews-Earl_s_Reef_Beruwala-Moragalla_Beruwala_Western_Province.html'),(274,2,'https://www.tripadvisor.com//Hotel_Review-g297895-d315668-Reviews-Avani_Bentota_Resort-Bentota_Galle_District_Southern_Province.html'),(275,2,'https://www.tripadvisor.com//Hotel_Review-g304136-d315693-Reviews-Royal_Palms_Beach_Hotel-Kalutara_Western_Province.html'),(276,2,'https://www.tripadvisor.com//Hotel_Review-g304132-d1955662-Reviews-Heritage_Hotel_Anuradhapura-Anuradhapura_North_Central_Province.html'),(277,2,'https://www.tripadvisor.com//Hotel_Review-g499080-d455371-Reviews-Club_Hotel_Dolphin-Waikkal_Central_Province.html'),(278,2,'https://www.tripadvisor.com//Hotel_Review-g304138-d797403-Reviews-Cinnamon_Citadel_Kandy-Kandy_Kandy_District_Central_Province.html'),(279,2,'https://www.tripadvisor.com//Hotel_Review-g4366271-d3443680-Reviews-Cinnamon_Bey_Beruwala-Moragalla_Beruwala_Western_Province.html'),(280,2,'https://www.tripadvisor.com//Hotel_Review-g297897-d8073048-Reviews-Heritance_Negombo-Negombo_Western_Province.html'),(281,2,'https://www.tripadvisor.com//Hotel_Review-g297897-d477844-Reviews-Camelot_Beach_Hotel-Negombo_Western_Province.html'),(282,2,'https://www.tripadvisor.com//Hotel_Review-g304133-d315685-Reviews-Heritance_Kandalama-Dambulla_Central_Province.html'),(283,2,'https://www.tripadvisor.com//Hotel_Review-g12336477-d14216084-Reviews-DoubleTree_by_Hilton_Weerawila_Rajawarna_Resort-Weerawila_Southern_Province.html'),(284,2,'https://www.tripadvisor.com//Hotel_Review-g304134-d14968725-Reviews-Riff_Hikkaduwa-Hikkaduwa_Galle_District_Southern_Province.html'),(285,2,'https://www.tripadvisor.com//Hotel_Review-g297897-d8687328-Reviews-Waterland-Negombo_Western_Province.html'),(286,2,'https://www.tripadvisor.com//Hotel_Review-g1027209-d8869502-Reviews-Shangri_La_Hambantota-Hambantota_Tangalle_Southern_Province.html'),(287,2,'https://www.tripadvisor.com//Hotel_Review-g297895-d306383-Reviews-Taj_Bentota_Resort_Spa-Bentota_Galle_District_Southern_Province.html'),(288,2,'https://www.tripadvisor.com//Hotel_Review-g7152934-d611903-Reviews-Pandanus_Beach_Resort_Spa-Induruwa_Galle_District_Southern_Province.html'),(289,2,'https://www.tripadvisor.com//Hotel_Review-g616035-d2664481-Reviews-98_Acres_Resort_Spa-Ella_Uva_Province.html'),(290,2,'https://www.tripadvisor.com//Hotel_Review-g616035-d14968612-Reviews-EKHO_Ella-Ella_Uva_Province.html'),(291,2,'https://www.tripadvisor.com//Hotel_Review-g499080-d6034026-Reviews-Suriya_Resort-Waikkal_Central_Province.html'),(292,2,'https://www.tripadvisor.com//Hotel_Review-g612380-d7655708-Reviews-W15-Weligama_Matara_Southern_Province.html'),(293,2,'https://www.tripadvisor.com//Hotel_Review-g304138-d7729062-Reviews-Radisson_Hotel_Kandy-Kandy_Kandy_District_Central_Province.html'),(294,2,'https://www.tripadvisor.com//Hotel_Review-g293962-d306379-Reviews-Hilton_Colombo-Colombo_Western_Province.html'),(295,2,'https://www.tripadvisor.com//Hotel_Review-g12216800-d1475982-Reviews-Theva_Residency-Hantana_Kandy_Kandy_District_Central_Province.html'),(296,2,'https://www.tripadvisor.com//Hotel_Review-g293962-d6887404-Reviews-The_Ocean_Colombo-Colombo_Western_Province.html'),(297,2,'https://www.tripadvisor.com//Hotel_Review-g304142-d15276419-Reviews-Golden_Pearl_Tangalle_Beach-Tangalle_Southern_Province.html'),(298,2,'https://www.tripadvisor.com//Hotel_Review-g297897-d3207997-Reviews-Amagi_Aria-Negombo_Western_Province.html'),(299,2,'https://www.tripadvisor.com//Hotel_Review-g304135-d3791995-Reviews-Jaffna_Heritage_Hotel-Jaffna_Northern_Province.html'),(300,2,'https://www.tripadvisor.com//Hotel_Review-g293962-d8139651-Reviews-The_Steuart_by_Citrus-Colombo_Western_Province.html'),(301,2,'https://www.tripadvisor.com//Hotel_Review-g297895-d15292088-Reviews-Cinnamon_Bentota_Beach-Bentota_Galle_District_Southern_Province.html'),(302,2,'https://www.tripadvisor.com//Hotel_Review-g293962-d304700-Reviews-Taj_Samudra_Colombo-Colombo_Western_Province.html'),(303,2,'https://www.tripadvisor.com//Hotel_Review-g304135-d12210527-Reviews-Fox_Resorts_Jaffna-Jaffna_Northern_Province.html'),(304,2,'https://www.tripadvisor.com//Hotel_Review-g293962-d306381-Reviews-Ramada_by_Wyndham_Colombo-Colombo_Western_Province.html'),(305,2,'https://www.tripadvisor.com//Hotel_Review-g304133-d477912-Reviews-Amaya_Lake_Dambulla-Dambulla_Central_Province.html'),(306,2,'https://www.tripadvisor.com//Hotel_Review-g644047-d23262280-Reviews-Araliya_Beach_Resort_Spa-Unawatuna_Galle_District_Southern_Province.html'),(307,2,'https://www.tripadvisor.com//Hotel_Review-g424963-d7788909-Reviews-Amaranthe_Bay_Resort-Trincomalee_Eastern_Province.html'),(308,2,'https://www.tripadvisor.com//Hotel_Review-g2193270-d4198494-Reviews-Amaya_Beach_Pasikudah-Kalkudah_Eastern_Province.html'),(309,2,'https://www.tripadvisor.com//Hotel_Review-g293962-d11953119-Reviews-Movenpick_Hotel_Colombo-Colombo_Western_Province.html'),(310,2,'https://www.tripadvisor.com//Hotel_Review-g644047-d3386434-Reviews-CoCoBay_Unawatuna-Unawatuna_Galle_District_Southern_Province.html'),(311,2,'https://www.tripadvisor.com//Hotel_Review-g304141-d4878877-Reviews-Aliya_Resort_Spa-Sigiriya_Central_Province.html'),(312,2,'https://www.tripadvisor.com//Hotel_Review-g608524-d506921-Reviews-Galway_Heights_Hotel-Nuwara_Eliya_Central_Province.html'),(313,2,'https://www.tripadvisor.com//Hotel_Review-g293962-d5279732-Reviews-Radisson_Hotel_Colombo-Colombo_Western_Province.html'),(314,2,'https://www.tripadvisor.com//Hotel_Review-g304142-d1229302-Reviews-Mangrove_Beach_Cabanas_Chalets-Tangalle_Southern_Province.html'),(315,2,'https://www.tripadvisor.com//Hotel_Review-g616035-d6501983-Reviews-Ella_Flower_Garden_Resort-Ella_Uva_Province.html'),(316,2,'https://www.tripadvisor.com//Hotel_Review-g297897-d12924646-Reviews-Arie_Lagoon-Negombo_Western_Province.html'),(317,2,'https://www.tripadvisor.com//Hotel_Review-g297897-d7255162-Reviews-Terrace_Green_Hotel_Spa-Negombo_Western_Province.html'),(318,2,'https://www.tripadvisor.com//Hotel_Review-g293962-d1142847-Reviews-Paradise_Road_Tintagel_Colombo-Colombo_Western_Province.html'),(319,2,'https://www.tripadvisor.com//Hotel_Review-g297896-d15111854-Reviews-The_Heritage_Galle_Fort-Galle_Galle_District_Southern_Province.html'),(320,2,'https://www.tripadvisor.com//Hotel_Review-g608524-d12244042-Reviews-Kent_Cottage-Nuwara_Eliya_Central_Province.html'),(321,2,'https://www.tripadvisor.com//Hotel_Review-g304138-d15149838-Reviews-The_Radh-Kandy_Kandy_District_Central_Province.html'),(322,2,'https://www.tripadvisor.com//Hotel_Review-g304136-d315692-Reviews-Tangerine_Beach_Hotel-Kalutara_Western_Province.html'),(323,2,'https://www.tripadvisor.com//Hotel_Review-g608525-d20113947-Reviews-Whisky_Point_Resort-Pottuvil_Arugam_Bay_Eastern_Province.html'),(324,2,'https://www.tripadvisor.com//Hotel_Review-g1407334-d1307887-Reviews-Mandara_Resort-Mirissa_Southern_Province.html'),(325,2,'https://www.tripadvisor.com//Hotel_Review-g616035-d7019135-Reviews-Lucky_Star-Ella_Uva_Province.html'),(326,2,'https://www.tripadvisor.com//Hotel_Review-g304138-d477914-Reviews-Hotel_Thilanka-Kandy_Kandy_District_Central_Province.html'),(327,2,'https://www.tripadvisor.com//Hotel_Review-g297896-d3734423-Reviews-Fort_Edge_Retreat-Galle_Galle_District_Southern_Province.html'),(328,2,'https://www.tripadvisor.com//Hotel_Review-g616035-d8431243-Reviews-Morning_Dew_Hotel_K_B_M_A_G_kumara-Ella_Uva_Province.html'),(329,2,'https://www.tripadvisor.com//Hotel_Review-g293962-d6678224-Reviews-Best_Western_Elyon_Colombo-Colombo_Western_Province.html'),(330,2,'https://www.tripadvisor.com//Hotel_Review-g644047-d1048176-Reviews-Unawatuna_Beach_Bunglow-Unawatuna_Galle_District_Southern_Province.html'),(331,2,'https://www.tripadvisor.com//Hotel_Review-g608524-d496624-Reviews-Heritance_Tea_Factory-Nuwara_Eliya_Central_Province.html'),(332,2,'https://www.tripadvisor.com//Hotel_Review-g304136-d10154736-Reviews-Anantara_Kalutara_Resort-Kalutara_Western_Province.html'),(333,2,'https://www.tripadvisor.com//Hotel_Review-g304136-d316671-Reviews-Mermaid_Hotel_Club-Kalutara_Western_Province.html'),(334,2,'https://www.tripadvisor.com//Hotel_Review-g297896-d14916776-Reviews-Yara_Galle_Fort-Galle_Galle_District_Southern_Province.html'),(335,2,'https://www.tripadvisor.com//Hotel_Review-g297897-d15694887-Reviews-Pledge_Scape-Negombo_Western_Province.html'),(336,2,'https://www.tripadvisor.com//Hotel_Review-g3748686-d4833492-Reviews-Jetwing_Yala-Palatupana_Yala_National_Park.html'),(337,2,'https://www.tripadvisor.com//Hotel_Review-g304141-d613020-Reviews-Hotel_Sigiriya-Sigiriya_Central_Province.html'),(338,2,'https://www.tripadvisor.com//Hotel_Review-g297896-d2034349-Reviews-Mango_House-Galle_Galle_District_Southern_Province.html'),(339,2,'https://www.tripadvisor.com//Hotel_Review-g297896-d14033359-Reviews-Le_Grand_Galle-Galle_Galle_District_Southern_Province.html'),(340,2,'https://www.tripadvisor.com//Hotel_Review-g304141-d13158003-Reviews-Kaveri_Ayurveda_Resort-Sigiriya_Central_Province.html'),(341,2,'https://www.tripadvisor.com//Hotel_Review-g1188994-d8715703-Reviews-Grand_Tamarind_Lake-Kataragama_Uva_Province.html'),(342,2,'https://www.tripadvisor.com//Hotel_Review-g297897-d2042449-Reviews-Villa_Shade-Negombo_Western_Province.html'),(343,2,'https://www.tripadvisor.com//Hotel_Review-g304140-d3879249-Reviews-Tishan_Holiday_Resort-Polonnaruwa_North_Central_Province.html'),(344,2,'https://www.tripadvisor.com//Hotel_Review-g1102395-d2229377-Reviews-Ekho_Safari_Tissa-Tissamaharama_Southern_Province.html'),(345,2,'https://www.tripadvisor.com//Hotel_Review-g2260795-d12431181-Reviews-Sooriya_Resort_Spa-Rekawa_Netolpitiya_Tangalle_Southern_Province.html'),(346,2,'https://www.tripadvisor.com//Hotel_Review-g499081-d15330244-Reviews-Ayana_Sea-Wadduwa_Western_Province.html'),(347,2,'https://www.tripadvisor.com//Hotel_Review-g304132-d18816510-Reviews-The_Lake_Forest_Hotel-Anuradhapura_North_Central_Province.html'),(348,2,'https://www.tripadvisor.com//Hotel_Review-g612380-d6765047-Reviews-Cape_Weligama-Weligama_Matara_Southern_Province.html'),(349,2,'https://www.tripadvisor.com//Hotel_Review-g3577009-d12960225-Reviews-Centauria_Wild-Udawalawa_Sabaragamuwa_Province.html'),(350,2,'https://www.tripadvisor.com//Hotel_Review-g3801283-d316956-Reviews-Earl_s_Regency_Hotel-Tennekumbura_Kandy_District_Central_Province.html'),(351,2,'https://www.tripadvisor.com//Hotel_Review-g499079-d307713-Reviews-Mount_Lavinia_Hotel-Dehiwala_Mount_Lavinia_Western_Province.html'),(352,2,'https://www.tripadvisor.com//Hotel_Review-g297897-d2510666-Reviews-Jetwing_Lagoon-Negombo_Western_Province.html'),(353,2,'https://www.tripadvisor.com//Hotel_Review-g304134-d606377-Reviews-Aditya-Hikkaduwa_Galle_District_Southern_Province.html'),(354,2,'https://www.tripadvisor.com//Hotel_Review-g304138-d2036454-Reviews-Hanthana_House-Kandy_Kandy_District_Central_Province.html'),(355,2,'https://www.tripadvisor.com//Hotel_Review-g293962-d3799431-Reviews-Clock_Inn_Colombo-Colombo_Western_Province.html'),(356,2,'https://www.tripadvisor.com//Hotel_Review-g304138-d1541208-Reviews-Sevana_City_Hotel-Kandy_Kandy_District_Central_Province.html'),(357,2,'https://www.tripadvisor.com//Hotel_Review-g304134-d477930-Reviews-Coral_Sands_Hotel-Hikkaduwa_Galle_District_Southern_Province.html'),(358,2,'https://www.tripadvisor.com//Hotel_Review-g2424710-d316580-Reviews-Nilaveli_Beach_Hotel-Nilaveli_Eastern_Province.html'),(359,2,'https://www.tripadvisor.com//Hotel_Review-g304134-d646036-Reviews-Drifters_Hotel_and_Beach_Restaurant-Hikkaduwa_Galle_District_Southern_Province.html'),(360,2,'https://www.tripadvisor.com//Hotel_Review-g608524-d10102070-Reviews-Villa_Tea_Fields-Nuwara_Eliya_Central_Province.html'),(361,2,'https://www.tripadvisor.com//Hotel_Review-g12220047-d480276-Reviews-Amaya_Hills_Kandy-Heerassagala_Kandy_Kandy_District_Central_Province.html'),(362,2,'https://www.tripadvisor.com//Hotel_Review-g612379-d506916-Reviews-Club_Palm_Bay-Marawila_North_Western_Province.html'),(363,2,'https://www.tripadvisor.com//Hotel_Review-g304141-d447407-Reviews-Sigiriya_Village_Hotel-Sigiriya_Central_Province.html'),(364,2,'https://www.tripadvisor.com//Hotel_Review-g297896-d1477843-Reviews-Tamarind_Hill_by_Asia_Leisure-Galle_Galle_District_Southern_Province.html'),(365,2,'https://www.tripadvisor.com//Hotel_Review-g293962-d300682-Reviews-Hilton_Colombo_Residences-Colombo_Western_Province.html'),(366,2,'https://www.tripadvisor.com//Hotel_Review-g608524-d21002799-Reviews-Araliya_Red-Nuwara_Eliya_Central_Province.html'),(367,2,'https://www.tripadvisor.com//Hotel_Review-g665220-d939424-Reviews-Cinnamon_Lodge_Habarana-Habarana_North_Central_Province.html'),(368,2,'https://www.tripadvisor.com//Hotel_Review-g644046-d620358-Reviews-Dickwella_Resort_Spa-Dikwella_Southern_Province.html'),(369,2,'https://www.tripadvisor.com//Hotel_Review-g304134-d1009523-Reviews-Asian_Jewel_Boutique_Hotel-Hikkaduwa_Galle_District_Southern_Province.html'),(370,2,'https://www.tripadvisor.com//Hotel_Review-g304138-d7322201-Reviews-The_Grand_Kandyan_Hotel-Kandy_Kandy_District_Central_Province.html'),(371,2,'https://www.tripadvisor.com//Hotel_Review-g297896-d302888-Reviews-Jetwing_Lighthouse-Galle_Galle_District_Southern_Province.html'),(372,2,'https://www.tripadvisor.com//Hotel_Review-g304141-d10625745-Reviews-Sigiriya_Jungles-Sigiriya_Central_Province.html'),(373,2,'https://www.tripadvisor.com//Hotel_Review-g1404719-d3335783-Reviews-Kitesurfing_Lanka-Kalpitiya_North_Western_Province.html'),(374,2,'https://www.tripadvisor.com//Hotel_Review-g1189172-d777127-Reviews-The_Palms_Hotel-Beruwala_Western_Province.html'),(375,2,'https://www.tripadvisor.com//Hotel_Review-g612384-d4871240-Reviews-Centara_Ceysands_Resort_Spa_Sri_Lanka-Aluthgama_Western_Province.html'),(376,2,'https://www.tripadvisor.com//Hotel_Review-g304138-d6405986-Reviews-Sky_Pavilion-Kandy_Kandy_District_Central_Province.html'),(377,2,'https://www.tripadvisor.com//Hotel_Review-g3801283-d16709244-Reviews-Royal_Classic_Resort-Tennekumbura_Kandy_District_Central_Province.html'),(378,2,'https://www.tripadvisor.com//Hotel_Review-g12901411-d3230576-Reviews-Oak_Ray_Elephant_Lake_Resort-Avudangawa_Central_Province.html'),(379,2,'https://www.tripadvisor.com//Hotel_Review-g616035-d12349588-Reviews-Paraiso_Guest_House-Ella_Uva_Province.html'),(380,2,'https://www.tripadvisor.com//Hotel_Review-g608524-d579216-Reviews-Jetwing_St_Andrew_s-Nuwara_Eliya_Central_Province.html'),(381,2,'https://www.tripadvisor.com//Hotel_Review-g304142-d599203-Reviews-Eva_Lanka_Hotel-Tangalle_Southern_Province.html'),(382,2,'https://www.tripadvisor.com//Hotel_Review-g304134-d11680147-Reviews-Villa_De_White_Sambur-Hikkaduwa_Galle_District_Southern_Province.html'),(383,2,'https://www.tripadvisor.com//Hotel_Review-g1404719-d1984461-Reviews-Dolphin_Beach_Resort-Kalpitiya_North_Western_Province.html'),(384,2,'https://www.tripadvisor.com//Hotel_Review-g499081-d13493984-Reviews-The_Villas_Wadduwa-Wadduwa_Western_Province.html'),(385,2,'https://www.tripadvisor.com//Hotel_Review-g616035-d12515012-Reviews-Ella_Heritage-Ella_Uva_Province.html'),(386,2,'https://www.tripadvisor.com//Hotel_Review-g1097569-d10422418-Reviews-Jie_Jie_Beach_By_Jetwing-Panadura_Western_Province.html'),(387,2,'https://www.tripadvisor.com//Hotel_Review-g297896-d9591203-Reviews-Taru_Villas_Rampart_Street-Galle_Galle_District_Southern_Province.html'),(388,2,'https://www.tripadvisor.com//Hotel_Review-g304138-d4173413-Reviews-Hanthana_Holiday_Rooms-Kandy_Kandy_District_Central_Province.html'),(389,2,'https://www.tripadvisor.com//Hotel_Review-g304132-d4555031-Reviews-Lievi_s_Tourist_Accomodation-Anuradhapura_North_Central_Province.html'),(390,2,'https://www.tripadvisor.com//Hotel_Review-g297897-d2060797-Reviews-Holiday_Fashion_Inn-Negombo_Western_Province.html'),(391,1,'https://www.tripadvisor.com//Restaurant_Review-g293962-d13148335-Reviews-Shang_Palace_Shangri_La_Colombo-Colombo_Western_Province.html'),(392,1,'https://www.tripadvisor.com//Restaurant_Review-g293962-d15643402-Reviews-Sapphyr_Lounge_Shangri_La_Colombo-Colombo_Western_Province.html'),(393,1,'https://www.tripadvisor.com//Restaurant_Review-g293962-d5598898-Reviews-Yue_Chuan-Colombo_Western_Province.html'),(394,1,'https://www.tripadvisor.com//Restaurant_Review-g293962-d23034992-Reviews-Central_Restaurant-Colombo_Western_Province.html'),(395,1,'https://www.tripadvisor.com//Restaurant_Review-g293962-d3834786-Reviews-The_Ocean_The_Kingsbury-Colombo_Western_Province.html'),(396,1,'https://www.tripadvisor.com//Restaurant_Review-g293962-d4195137-Reviews-Harbour_Court_The_Kingsbury-Colombo_Western_Province.html'),(397,1,'https://www.tripadvisor.com//Restaurant_Review-g293962-d8405377-Reviews-FLOW-Colombo_Western_Province.html'),(398,1,'https://www.tripadvisor.com//Restaurant_Review-g293962-d15247064-Reviews-King_of_the_Mambo-Colombo_Western_Province.html'),(399,1,'https://www.tripadvisor.com//Restaurant_Review-g293962-d10798544-Reviews-Kings_Steakbar-Colombo_Western_Province.html'),(400,1,'https://www.tripadvisor.com//Restaurant_Review-g293962-d817490-Reviews-Oak_Ray_Flower_Drum_Restaurant-Colombo_Western_Province.html'),(401,1,'https://www.tripadvisor.com//Restaurant_Review-g293962-d1132769-Reviews-Curry_Leaf-Colombo_Western_Province.html'),(402,1,'https://www.tripadvisor.com//Restaurant_Review-g293962-d3443384-Reviews-Breeze_Bar-Colombo_Western_Province.html'),(403,1,'https://www.tripadvisor.com//Restaurant_Review-g293962-d3267177-Reviews-Nuga_Gama-Colombo_Western_Province.html'),(404,1,'https://www.tripadvisor.com//Restaurant_Review-g293962-d11667290-Reviews-Graze_Kitchen-Colombo_Western_Province.html'),(405,1,'https://www.tripadvisor.com//Restaurant_Review-g293962-d15685094-Reviews-Noodles_Restaurant-Colombo_Western_Province.html'),(406,1,'https://www.tripadvisor.com//Restaurant_Review-g293962-d13170985-Reviews-Capital_Bar_Grill-Colombo_Western_Province.html'),(407,1,'https://www.tripadvisor.com//Restaurant_Review-g293962-d6495691-Reviews-Tao-Colombo_Western_Province.html'),(408,1,'https://www.tripadvisor.com//Restaurant_Review-g293962-d2689090-Reviews-Golden_Dragon-Colombo_Western_Province.html'),(409,1,'https://www.tripadvisor.com//Restaurant_Review-g293962-d12922777-Reviews-Honey_Beach_Club-Colombo_Western_Province.html'),(410,1,'https://www.tripadvisor.com//Restaurant_Review-g293962-d14113953-Reviews-Ports_of_Call-Colombo_Western_Province.html'),(411,1,'https://www.tripadvisor.com//Restaurant_Review-g293962-d1007094-Reviews-Lagoon-Colombo_Western_Province.html'),(412,1,'https://www.tripadvisor.com//Restaurant_Review-g293962-d14126151-Reviews-Chambers_At_Park_Street_Mews-Colombo_Western_Province.html'),(413,1,'https://www.tripadvisor.com//Restaurant_Review-g293962-d2424872-Reviews-The_Dining_room_at_Cinnamon_Lakeside_Colombo-Colombo_Western_Province.html'),(414,1,'https://www.tripadvisor.com//Restaurant_Review-g293962-d13400791-Reviews-Ramen_Misoya_Colombo-Colombo_Western_Province.html'),(415,1,'https://www.tripadvisor.com//Restaurant_Review-g293962-d6901457-Reviews-Kaema_Sutra-Colombo_Western_Province.html'),(416,1,'https://www.tripadvisor.com//Restaurant_Review-g293962-d11769457-Reviews-L_A_B-Colombo_Western_Province.html'),(417,1,'https://www.tripadvisor.com//Restaurant_Review-g293962-d1544691-Reviews-Echo-Colombo_Western_Province.html'),(418,1,'https://www.tripadvisor.com//Restaurant_Review-g293962-d2458789-Reviews-The_London_Grill-Colombo_Western_Province.html'),(419,1,'https://www.tripadvisor.com//Restaurant_Review-g293962-d2654878-Reviews-Navratna-Colombo_Western_Province.html'),(420,1,'https://www.tripadvisor.com//Restaurant_Review-g293962-d1874044-Reviews-Chutneys_At_Cinnamon_Grand_Colombo-Colombo_Western_Province.html'),(421,1,'https://www.tripadvisor.com//Restaurant_Review-g293962-d10034099-Reviews-Cafe_Kumbuk-Colombo_Western_Province.html'),(422,1,'https://www.tripadvisor.com//Restaurant_Review-g293962-d7265477-Reviews-Giovanni_s_Presto_Pizza-Colombo_Western_Province.html'),(423,1,'https://www.tripadvisor.com//Restaurant_Review-g293962-d1023029-Reviews-Long_Feng_Cinnamon_Lakeside-Colombo_Western_Province.html'),(424,1,'https://www.tripadvisor.com//Restaurant_Review-g293962-d1809583-Reviews-Royal_Thai_Cinnamon_Lakeside-Colombo_Western_Province.html'),(425,1,'https://www.tripadvisor.com//Restaurant_Review-g293962-d5308971-Reviews-Cheers_Pub-Colombo_Western_Province.html'),(426,1,'https://www.tripadvisor.com//Restaurant_Review-g293962-d23119312-Reviews-Plates-Colombo_Western_Province.html'),(427,1,'https://www.tripadvisor.com//Restaurant_Review-g293962-d1133606-Reviews-Sea_Fish_Restaurant-Colombo_Western_Province.html'),(428,1,'https://www.tripadvisor.com//Restaurant_Review-g293962-d2667381-Reviews-Tintagel_Colombo_Paradise_Road-Colombo_Western_Province.html'),(429,1,'https://www.tripadvisor.com//Restaurant_Review-g293962-d19839777-Reviews-Food_Studio_at_One_Galle_Face-Colombo_Western_Province.html'),(430,1,'https://www.tripadvisor.com//Restaurant_Review-g293962-d2432178-Reviews-Taprobane-Colombo_Western_Province.html'),(431,1,'https://www.tripadvisor.com//Restaurant_Review-g293962-d8540285-Reviews-Flamingo_House-Colombo_Western_Province.html'),(432,1,'https://www.tripadvisor.com//Restaurant_Review-g293962-d802748-Reviews-Paradise_Road_The_Gallery_Cafe-Colombo_Western_Province.html'),(433,1,'https://www.tripadvisor.com//Restaurant_Review-g293962-d10157533-Reviews-Isso-Colombo_Western_Province.html'),(434,1,'https://www.tripadvisor.com//Restaurant_Review-g293962-d1132743-Reviews-Barefoot_Garden_Cafe-Colombo_Western_Province.html'),(435,1,'https://www.tripadvisor.com//Restaurant_Review-g293962-d13163114-Reviews-Monsoon_Colombo-Colombo_Western_Province.html'),(436,1,'https://www.tripadvisor.com//Restaurant_Review-g293962-d12860849-Reviews-Botanik_Bistro_Roof_Top_Bar-Colombo_Western_Province.html'),(437,1,'https://www.tripadvisor.com//Restaurant_Review-g293962-d6725690-Reviews-Cafe_Shaze-Colombo_Western_Province.html'),(438,1,'https://www.tripadvisor.com//Restaurant_Review-g293962-d3600839-Reviews-Sugar_Bistro_Wine_Bar-Colombo_Western_Province.html'),(439,1,'https://www.tripadvisor.com//Restaurant_Review-g293962-d2477739-Reviews-Ministry_of_Crab-Colombo_Western_Province.html'),(440,1,'https://www.tripadvisor.com//Restaurant_Review-g293962-d8360541-Reviews-Rare_at_Residence-Colombo_Western_Province.html'),(441,1,'https://www.tripadvisor.com//Restaurant_Review-g293962-d6852019-Reviews-Cafe_Francais-Colombo_Western_Province.html'),(442,1,'https://www.tripadvisor.com//Restaurant_Review-g293962-d7686514-Reviews-Dolce_Italia-Colombo_Western_Province.html'),(443,1,'https://www.tripadvisor.com//Restaurant_Review-g293962-d7341797-Reviews-Cloud_Red-Colombo_Western_Province.html'),(444,1,'https://www.tripadvisor.com//Restaurant_Review-g293962-d6280242-Reviews-Yumi-Colombo_Western_Province.html'),(445,1,'https://www.tripadvisor.com//Restaurant_Review-g293962-d1133594-Reviews-Palmyrah_Restaurant-Colombo_Western_Province.html'),(446,1,'https://www.tripadvisor.com//Restaurant_Review-g293962-d5986538-Reviews-Upali_s-Colombo_Western_Province.html'),(447,1,'https://www.tripadvisor.com//Restaurant_Review-g293962-d7931108-Reviews-Playtrix_Sports_Bar_and_Cafe-Colombo_Western_Province.html'),(448,1,'https://www.tripadvisor.com//Restaurant_Review-g293962-d1117733-Reviews-Shanmugas-Colombo_Western_Province.html'),(449,1,'https://www.tripadvisor.com//Restaurant_Review-g293962-d803022-Reviews-The_Bavarian_German_Restaurant_and_Pub-Colombo_Western_Province.html'),(450,1,'https://www.tripadvisor.com//Restaurant_Review-g293962-d9739661-Reviews-Flavoured_at_Cinnamon_Red-Colombo_Western_Province.html'),(451,1,'https://www.tripadvisor.com//Restaurant_Review-g293962-d1575108-Reviews-Park_Street_Mews_Restaurant-Colombo_Western_Province.html'),(452,1,'https://www.tripadvisor.com//Restaurant_Review-g293962-d7346214-Reviews-Indian_Summer_Colombo-Colombo_Western_Province.html'),(453,1,'https://www.tripadvisor.com//Restaurant_Review-g293962-d12933494-Reviews-Robata_Grill_and_Lounge-Colombo_Western_Province.html'),(454,1,'https://www.tripadvisor.com//Restaurant_Review-g293962-d3658850-Reviews-Thai_Cuisine_Boulevard-Colombo_Western_Province.html'),(455,1,'https://www.tripadvisor.com//Restaurant_Review-g293962-d23391026-Reviews-Tenku_Japanese_Restaurant-Colombo_Western_Province.html'),(456,1,'https://www.tripadvisor.com//Restaurant_Review-g293962-d12506507-Reviews-AYU-Colombo_Western_Province.html'),(457,1,'https://www.tripadvisor.com//Restaurant_Review-g293962-d11864887-Reviews-Black_Pepper-Colombo_Western_Province.html'),(458,1,'https://www.tripadvisor.com//Restaurant_Review-g293962-d793125-Reviews-The_Mango_Tree-Colombo_Western_Province.html'),(459,1,'https://www.tripadvisor.com//Restaurant_Review-g293962-d6000285-Reviews-Mitsi_s_Delicacies-Colombo_Western_Province.html'),(460,1,'https://www.tripadvisor.com//Restaurant_Review-g293962-d8751256-Reviews-Park_Street_Trattoria-Colombo_Western_Province.html'),(461,1,'https://www.tripadvisor.com//Restaurant_Review-g293962-d1436615-Reviews-The_Sizzle-Colombo_Western_Province.html'),(462,1,'https://www.tripadvisor.com//Restaurant_Review-g293962-d19436070-Reviews-A_Minute_by_Tuk_Tuk_Colombo-Colombo_Western_Province.html'),(463,1,'https://www.tripadvisor.com//Restaurant_Review-g293962-d2424874-Reviews-ColomBar_at_Cinnamon_Lakeside_Colombo-Colombo_Western_Province.html'),(464,1,'https://www.tripadvisor.com//Restaurant_Review-g293962-d1081462-Reviews-The_Poolside_Bar_and_Terrace-Colombo_Western_Province.html'),(465,1,'https://www.tripadvisor.com//Restaurant_Review-g293962-d2664837-Reviews-Waters_Edge-Colombo_Western_Province.html'),(466,1,'https://www.tripadvisor.com//Restaurant_Review-g293962-d1132767-Reviews-Cricket_Club_Cafe-Colombo_Western_Province.html'),(467,1,'https://www.tripadvisor.com//Restaurant_Review-g293962-d12332905-Reviews-Momo_s_by_Ruvi-Colombo_Western_Province.html'),(468,1,'https://www.tripadvisor.com//Restaurant_Review-g293962-d7607871-Reviews-Calorie_Counter_Colombo_7-Colombo_Western_Province.html'),(469,1,'https://www.tripadvisor.com//Restaurant_Review-g293962-d811875-Reviews-The_Cafe_on_the_5th-Colombo_Western_Province.html'),(470,1,'https://www.tripadvisor.com//Restaurant_Review-g293962-d4309640-Reviews-The_Manhattan_Fish_Market_Sri_Lanka-Colombo_Western_Province.html'),(471,1,'https://www.tripadvisor.com//Restaurant_Review-g293962-d7374797-Reviews-The_t_Lounge_by_Dilmah-Colombo_Western_Province.html'),(472,1,'https://www.tripadvisor.com//Restaurant_Review-g293962-d15277307-Reviews-Isso-Colombo_Western_Province.html'),(473,1,'https://www.tripadvisor.com//Restaurant_Review-g293962-d793129-Reviews-Raja_Bojun-Colombo_Western_Province.html'),(474,1,'https://www.tripadvisor.com//Restaurant_Review-g293962-d16648228-Reviews-Culinary_Ceylon-Colombo_Western_Province.html'),(475,1,'https://www.tripadvisor.com//Restaurant_Review-g293962-d8685062-Reviews-Co_Pub_and_Kitchen-Colombo_Western_Province.html'),(476,1,'https://www.tripadvisor.com//Restaurant_Review-g293962-d6894994-Reviews-The_Fat_Crab-Colombo_Western_Province.html'),(477,1,'https://www.tripadvisor.com//Restaurant_Review-g293962-d15263775-Reviews-Bowl_d-Colombo_Western_Province.html'),(478,1,'https://www.tripadvisor.com//Restaurant_Review-g293962-d9605460-Reviews-Thalis-Colombo_Western_Province.html'),(479,1,'https://www.tripadvisor.com//Restaurant_Review-g293962-d7353046-Reviews-New_Banana_Leaf-Colombo_Western_Province.html'),(480,1,'https://www.tripadvisor.com//Restaurant_Review-g293962-d3475694-Reviews-Emperor_s_Wok-Colombo_Western_Province.html'),(481,1,'https://www.tripadvisor.com//Restaurant_Review-g293962-d19911498-Reviews-Revolution_Colombo-Colombo_Western_Province.html'),(482,1,'https://www.tripadvisor.com//Restaurant_Review-g293962-d4042781-Reviews-The_Barnesbury-Colombo_Western_Province.html'),(483,1,'https://www.tripadvisor.com//Restaurant_Review-g293962-d23033262-Reviews-Table_By_Taru-Colombo_Western_Province.html'),(484,1,'https://www.tripadvisor.com//Restaurant_Review-g293962-d4789689-Reviews-T_Lounge_on_Chatham_Street_by_Dilmah-Colombo_Western_Province.html'),(485,1,'https://www.tripadvisor.com//Restaurant_Review-g293962-d19338085-Reviews-The_Lagoon-Colombo_Western_Province.html'),(486,1,'https://www.tripadvisor.com//Restaurant_Review-g293962-d3506257-Reviews-Colombo_Fort_Cafe-Colombo_Western_Province.html'),(487,1,'https://www.tripadvisor.com//Restaurant_Review-g293962-d7912390-Reviews-Cafe_Beverly-Colombo_Western_Province.html'),(488,1,'https://www.tripadvisor.com//Restaurant_Review-g293962-d1132747-Reviews-Beach_Wadiya-Colombo_Western_Province.html'),(489,1,'https://www.tripadvisor.com//Restaurant_Review-g293962-d1133389-Reviews-Green_Cabin_Kollupitiya-Colombo_Western_Province.html'),(490,1,'https://www.tripadvisor.com//Restaurant_Review-g293962-d23733257-Reviews-Ceylon_Curry_Club-Colombo_Western_Province.html'),(491,1,'https://www.tripadvisor.com//Restaurant_Review-g293962-d1007096-Reviews-Nihonbashi-Colombo_Western_Province.html'),(492,1,'https://www.tripadvisor.com//Restaurant_Review-g293962-d3635026-Reviews-Cloud_Cafe-Colombo_Western_Province.html'),(493,1,'https://www.tripadvisor.com//Restaurant_Review-g293962-d12243319-Reviews-Life_Food-Colombo_Western_Province.html'),(494,1,'https://www.tripadvisor.com//Restaurant_Review-g293962-d3671098-Reviews-Arabian_Knights-Colombo_Western_Province.html'),(495,1,'https://www.tripadvisor.com//Restaurant_Review-g293962-d13567894-Reviews-Crab_Factory-Colombo_Western_Province.html'),(496,1,'https://www.tripadvisor.com//Restaurant_Review-g293962-d1077847-Reviews-The_Bayleaf-Colombo_Western_Province.html'),(497,1,'https://www.tripadvisor.com//Restaurant_Review-g293962-d14807732-Reviews-The_Four_Leafed_Clover-Colombo_Western_Province.html'),(498,1,'https://www.tripadvisor.com//Restaurant_Review-g293962-d9765787-Reviews-Curry_Pot-Colombo_Western_Province.html'),(499,1,'https://www.tripadvisor.com//Restaurant_Review-g293962-d1113764-Reviews-California_Grill-Colombo_Western_Province.html'),(500,1,'https://www.tripadvisor.com//Restaurant_Review-g293962-d6367079-Reviews-Sri_Suryas-Colombo_Western_Province.html'),(501,1,'https://www.tripadvisor.com//Restaurant_Review-g293962-d8126231-Reviews-Milk_and_Honey_Cafe-Colombo_Western_Province.html'),(502,1,'https://www.tripadvisor.com//Restaurant_Review-g293962-d19944683-Reviews-Life_s_Good_Kitchen-Colombo_Western_Province.html'),(503,1,'https://www.tripadvisor.com//Restaurant_Review-g293962-d1133596-Reviews-Paradise_Road_Cafe-Colombo_Western_Province.html'),(504,1,'https://www.tripadvisor.com//Restaurant_Review-g293962-d11700027-Reviews-The_Grill_The_Kingsbury-Colombo_Western_Province.html'),(505,1,'https://www.tripadvisor.com//Restaurant_Review-g293962-d7804538-Reviews-Pho_Vietnam-Colombo_Western_Province.html'),(506,1,'https://www.tripadvisor.com//Restaurant_Review-g293962-d15335724-Reviews-Geek_HQ-Colombo_Western_Province.html'),(507,1,'https://www.tripadvisor.com//Restaurant_Review-g293962-d9717623-Reviews-Dwaraka-Colombo_Western_Province.html'),(508,1,'https://www.tripadvisor.com//Restaurant_Review-g293962-d15111352-Reviews-Culture_Colombo-Colombo_Western_Province.html'),(509,1,'https://www.tripadvisor.com//Restaurant_Review-g293962-d15528873-Reviews-Health_House-Colombo_Western_Province.html'),(510,1,'https://www.tripadvisor.com//Restaurant_Review-g293962-d12949347-Reviews-Dao_Krua_Thai-Colombo_Western_Province.html'),(511,1,'https://www.tripadvisor.com//Restaurant_Review-g293962-d15645176-Reviews-Next_Innings-Colombo_Western_Province.html'),(512,1,'https://www.tripadvisor.com//Restaurant_Review-g293962-d15360371-Reviews-Fire_and_Ice_Pizzeria-Colombo_Western_Province.html'),(513,1,'https://www.tripadvisor.com//Restaurant_Review-g293962-d23775244-Reviews-Virticle_By_Jetwing-Colombo_Western_Province.html'),(514,1,'https://www.tripadvisor.com//Restaurant_Review-g293962-d1051312-Reviews-Hotel_De_Pilawoos-Colombo_Western_Province.html'),(515,1,'https://www.tripadvisor.com//Restaurant_Review-g293962-d15656473-Reviews-KIKU_Colombo-Colombo_Western_Province.html'),(516,1,'https://www.tripadvisor.com//Restaurant_Review-g293962-d3334515-Reviews-Cafe_Japan-Colombo_Western_Province.html'),(517,1,'https://www.tripadvisor.com//Restaurant_Review-g293962-d12505869-Reviews-The_Verandah-Colombo_Western_Province.html'),(518,1,'https://www.tripadvisor.com//Restaurant_Review-g293962-d4224333-Reviews-Tsing_Tao-Colombo_Western_Province.html'),(519,1,'https://www.tripadvisor.com//Restaurant_Review-g293962-d11773719-Reviews-One_Up_all_Day_Breakfast_Coffee-Colombo_Western_Province.html'),(520,1,'https://www.tripadvisor.com//Restaurant_Review-g293962-d7202025-Reviews-Asylum_Restaurant_Lounge_Bar-Colombo_Western_Province.html'),(521,1,'https://www.tripadvisor.com//Restaurant_Review-g293962-d14784597-Reviews-Ask_For_Fern-Colombo_Western_Province.html'),(522,1,'https://www.tripadvisor.com//Restaurant_Review-g293962-d7219450-Reviews-Tsukiji_Uoichi-Colombo_Western_Province.html'),(523,1,'https://www.tripadvisor.com//Restaurant_Review-g293962-d19366620-Reviews-The_Avenue-Colombo_Western_Province.html'),(524,1,'https://www.tripadvisor.com//Restaurant_Review-g293962-d1008005-Reviews-Agra-Colombo_Western_Province.html'),(525,1,'https://www.tripadvisor.com//Restaurant_Review-g293962-d12682789-Reviews-Street_Burger-Colombo_Western_Province.html'),(526,1,'https://www.tripadvisor.com//Restaurant_Review-g293962-d11808380-Reviews-Shelton_Sea_Food_Restaurant-Colombo_Western_Province.html'),(527,1,'https://www.tripadvisor.com//Restaurant_Review-g293962-d8333177-Reviews-Grand_Monarch-Colombo_Western_Province.html'),(528,1,'https://www.tripadvisor.com//Restaurant_Review-g293962-d10265422-Reviews-Belmio_Pizza-Colombo_Western_Province.html'),(529,1,'https://www.tripadvisor.com//Restaurant_Review-g293962-d795555-Reviews-Flag_Whistle_Restarant_Pub-Colombo_Western_Province.html'),(530,1,'https://www.tripadvisor.com//Restaurant_Review-g293962-d19622992-Reviews-The_Pizza_Bakery_Bar_Eatery-Colombo_Western_Province.html'),(531,1,'https://www.tripadvisor.com//Restaurant_Review-g293962-d6116875-Reviews-Mintage_Restaurant_and_Pub-Colombo_Western_Province.html'),(532,1,'https://www.tripadvisor.com//Restaurant_Review-g293962-d3780510-Reviews-Loft_Lounge_Bar-Colombo_Western_Province.html'),(533,1,'https://www.tripadvisor.com//Restaurant_Review-g293962-d3209307-Reviews-Min_Han-Colombo_Western_Province.html'),(534,1,'https://www.tripadvisor.com//Restaurant_Review-g293962-d10539402-Reviews-Nara_Thai_Sri_Lanka-Colombo_Western_Province.html'),(535,1,'https://www.tripadvisor.com//Restaurant_Review-g293962-d19403015-Reviews-Crystal_Jade-Colombo_Western_Province.html'),(536,1,'https://www.tripadvisor.com//Restaurant_Review-g293962-d16843695-Reviews-PappaRich-Colombo_Western_Province.html'),(537,1,'https://www.tripadvisor.com//Restaurant_Review-g293962-d10451585-Reviews-Stella_Karaoke_Lounge_and_Bar-Colombo_Western_Province.html'),(538,1,'https://www.tripadvisor.com//Restaurant_Review-g293962-d15275309-Reviews-Elevate_By_Jetwing-Colombo_Western_Province.html'),(539,1,'https://www.tripadvisor.com//Restaurant_Review-g293962-d12404554-Reviews-Blue_Field_Tea_Center-Colombo_Western_Province.html'),(540,1,'https://www.tripadvisor.com//Restaurant_Review-g293962-d13614086-Reviews-The_VoV_VoV7-Colombo_Western_Province.html'),(541,1,'https://www.tripadvisor.com//Restaurant_Review-g293962-d817423-Reviews-Peach_Valley-Colombo_Western_Province.html'),(542,1,'https://www.tripadvisor.com//Restaurant_Review-g293962-d2139877-Reviews-88_Chinese_Seafood_House-Colombo_Western_Province.html'),(543,1,'https://www.tripadvisor.com//Restaurant_Review-g293962-d13298877-Reviews-Superfood-Colombo_Western_Province.html'),(544,1,'https://www.tripadvisor.com//Restaurant_Review-g293962-d4574296-Reviews-The_Floor_By_O-Colombo_Western_Province.html'),(545,1,'https://www.tripadvisor.com//Restaurant_Review-g293962-d15119792-Reviews-The_Irish_Bar_Grill-Colombo_Western_Province.html'),(546,1,'https://www.tripadvisor.com//Restaurant_Review-g293962-d7355231-Reviews-Michaelangelo_Pizza-Colombo_Western_Province.html'),(547,1,'https://www.tripadvisor.com//Restaurant_Review-g293962-d4325357-Reviews-Paan_Paan_Cafe-Colombo_Western_Province.html'),(548,1,'https://www.tripadvisor.com//Restaurant_Review-g293962-d10637279-Reviews-Berlin_Sky_Lounge-Colombo_Western_Province.html'),(549,1,'https://www.tripadvisor.com//Restaurant_Review-g293962-d6501016-Reviews-Havelock_Place_Bungalow-Colombo_Western_Province.html'),(550,1,'https://www.tripadvisor.com//Restaurant_Review-g293962-d5496229-Reviews-Tea_Breeze-Colombo_Western_Province.html'),(551,1,'https://www.tripadvisor.com//Restaurant_Review-g293962-d817470-Reviews-Siam_House_Thai_Restaurant-Colombo_Western_Province.html'),(552,1,'https://www.tripadvisor.com//Restaurant_Review-g293962-d8474639-Reviews-Pebbles-Colombo_Western_Province.html'),(553,1,'https://www.tripadvisor.com//Restaurant_Review-g293962-d3954410-Reviews-The_Manchester-Colombo_Western_Province.html'),(554,1,'https://www.tripadvisor.com//Restaurant_Review-g293962-d8177884-Reviews-ON14_Rooftop_Bar-Colombo_Western_Province.html'),(555,1,'https://www.tripadvisor.com//Restaurant_Review-g293962-d19271668-Reviews-Barista-Colombo_Western_Province.html'),(556,1,'https://www.tripadvisor.com//Restaurant_Review-g293962-d23762337-Reviews-Tea_Lounge_Cinnamon_Grand-Colombo_Western_Province.html'),(557,1,'https://www.tripadvisor.com//Restaurant_Review-g293962-d6924215-Reviews-Streat_360_Restaurant-Colombo_Western_Province.html'),(558,1,'https://www.tripadvisor.com//Restaurant_Review-g293962-d3350956-Reviews-Light_House_Galley-Colombo_Western_Province.html'),(559,1,'https://www.tripadvisor.com//Restaurant_Review-g293962-d4023508-Reviews-Kandoori-Colombo_Western_Province.html'),(560,1,'https://www.tripadvisor.com//Restaurant_Review-g293962-d8474658-Reviews-German_Artisan_Bakery_and_Deli-Colombo_Western_Province.html'),(561,1,'https://www.tripadvisor.com//Restaurant_Review-g293962-d3213858-Reviews-Xilaton_Chinese_Restaurant-Colombo_Western_Province.html'),(562,1,'https://www.tripadvisor.com//Restaurant_Review-g293962-d5213706-Reviews-TGI_Friday_s-Colombo_Western_Province.html'),(563,1,'https://www.tripadvisor.com//Restaurant_Review-g293962-d6774653-Reviews-Manhattan_Fish_Market-Colombo_Western_Province.html'),(564,1,'https://www.tripadvisor.com//Restaurant_Review-g293962-d4831646-Reviews-Curve-Colombo_Western_Province.html'),(565,1,'https://www.tripadvisor.com//Restaurant_Review-g293962-d12840221-Reviews-Ward_7-Colombo_Western_Province.html'),(566,1,'https://www.tripadvisor.com//Restaurant_Review-g293962-d7062025-Reviews-Yarl_Hotel-Colombo_Western_Province.html'),(567,1,'https://www.tripadvisor.com//Restaurant_Review-g293962-d7623256-Reviews-Alhambra-Colombo_Western_Province.html'),(568,1,'https://www.tripadvisor.com//Restaurant_Review-g293962-d16881127-Reviews-Shiwu_Chinese_Restaurant-Colombo_Western_Province.html'),(569,1,'https://www.tripadvisor.com//Restaurant_Review-g293962-d15682660-Reviews-Okra_Kitchen_by_Ravi_Sepali-Colombo_Western_Province.html'),(570,1,'https://www.tripadvisor.com//Restaurant_Review-g293962-d2307112-Reviews-Choco_Luv-Colombo_Western_Province.html'),(571,1,'https://www.tripadvisor.com//Restaurant_Review-g293962-d5016477-Reviews-SSC_Singhalease_Sports_Club-Colombo_Western_Province.html'),(572,1,'https://www.tripadvisor.com//Restaurant_Review-g293962-d11835863-Reviews-ZEN_Japanese_Restaurant-Colombo_Western_Province.html'),(573,1,'https://www.tripadvisor.com//Restaurant_Review-g293962-d15529139-Reviews-Food_Studio_at_Colombo_City_Centre-Colombo_Western_Province.html'),(574,1,'https://www.tripadvisor.com//Restaurant_Review-g293962-d12004713-Reviews-Chillax_Garden_Pub-Colombo_Western_Province.html'),(575,1,'https://www.tripadvisor.com//Restaurant_Review-g293962-d3839819-Reviews-Navayuga_Indian_Restaurant-Colombo_Western_Province.html'),(576,1,'https://www.tripadvisor.com//Restaurant_Review-g293962-d23047950-Reviews-Sunsetblu-Colombo_Western_Province.html'),(577,1,'https://www.tripadvisor.com//Restaurant_Review-g293962-d8410958-Reviews-Cloud9_Rooftop_Lounge-Colombo_Western_Province.html'),(578,1,'https://www.tripadvisor.com//Restaurant_Review-g293962-d2216881-Reviews-Verandah_Bistro_Bar_at_Hilton_Colombo_Residences-Colombo_Western_Province.html'),(579,1,'https://www.tripadvisor.com//Restaurant_Review-g293962-d15687841-Reviews-Smokestacks-Colombo_Western_Province.html'),(580,1,'https://www.tripadvisor.com//Restaurant_Review-g293962-d9728670-Reviews-London_House_of_Coffee-Colombo_Western_Province.html'),(581,1,'https://www.tripadvisor.com//Restaurant_Review-g293962-d11749248-Reviews-Barista_World_Trade_Center-Colombo_Western_Province.html'),(582,1,'https://www.tripadvisor.com//Restaurant_Review-g293962-d14902421-Reviews-Breeze_Barracuda-Colombo_Western_Province.html'),(583,1,'https://www.tripadvisor.com//Restaurant_Review-g293962-d3511790-Reviews-Flavors-Colombo_Western_Province.html'),(584,1,'https://www.tripadvisor.com//Restaurant_Review-g293962-d6216220-Reviews-Kami_Maki-Colombo_Western_Province.html'),(585,1,'https://www.tripadvisor.com//Restaurant_Review-g293962-d8003912-Reviews-Zylan_Luxury_Villa-Colombo_Western_Province.html'),(586,1,'https://www.tripadvisor.com//Restaurant_Review-g293962-d1133610-Reviews-Sri_Vihar-Colombo_Western_Province.html'),(587,1,'https://www.tripadvisor.com//Restaurant_Review-g293962-d12523607-Reviews-Travellers_Bar-Colombo_Western_Province.html'),(588,1,'https://www.tripadvisor.com//Restaurant_Review-g293962-d10475841-Reviews-Indo_Ceylon_Cafe_Dosa_King-Colombo_Western_Province.html'),(589,1,'https://www.tripadvisor.com//Restaurant_Review-g293962-d6116358-Reviews-Spice_Coast-Colombo_Western_Province.html'),(590,1,'https://www.tripadvisor.com//Restaurant_Review-g293962-d13990868-Reviews-PastaMania_Srilanka-Colombo_Western_Province.html'),(591,1,'https://www.tripadvisor.com//Restaurant_Review-g293962-d12276983-Reviews-Cafe_La_Defense-Colombo_Western_Province.html'),(592,1,'https://www.tripadvisor.com//Restaurant_Review-g293962-d6721622-Reviews-Pizza_Hut-Colombo_Western_Province.html'),(593,1,'https://www.tripadvisor.com//Restaurant_Review-g293962-d10198038-Reviews-Arpico_Supercentre-Colombo_Western_Province.html'),(594,1,'https://www.tripadvisor.com//Restaurant_Review-g293962-d7720995-Reviews-Tasty_Caterers-Colombo_Western_Province.html'),(595,1,'https://www.tripadvisor.com//Restaurant_Review-g293962-d3931406-Reviews-Sunlight_Garden_Chinese_Seafood_Restaurant-Colombo_Western_Province.html'),(596,1,'https://www.tripadvisor.com//Restaurant_Review-g293962-d12065915-Reviews-The_Chaat_Kade-Colombo_Western_Province.html'),(597,1,'https://www.tripadvisor.com//Restaurant_Review-g293962-d23899363-Reviews-The_Cake_Boutique-Colombo_Western_Province.html'),(598,1,'https://www.tripadvisor.com//Restaurant_Review-g293962-d7963912-Reviews-Shandong_the_Chinese_Kitchen-Colombo_Western_Province.html'),(599,1,'https://www.tripadvisor.com//Restaurant_Review-g293962-d7353849-Reviews-The_Gardenia_Coffee_Shop-Colombo_Western_Province.html'),(600,1,'https://www.tripadvisor.com//Restaurant_Review-g293962-d16748332-Reviews-Sahal_Restaurant-Colombo_Western_Province.html'),(601,1,'https://www.tripadvisor.com//Restaurant_Review-g304132-d9792929-Reviews-Little_Paradise_Anuradhapura-Anuradhapura_North_Central_Province.html'),(602,1,'https://www.tripadvisor.com//Restaurant_Review-g304132-d13280939-Reviews-Bamboo_Restaurant_Juice_Bar-Anuradhapura_North_Central_Province.html'),(603,1,'https://www.tripadvisor.com//Restaurant_Review-g304132-d6680949-Reviews-Mango_Mango-Anuradhapura_North_Central_Province.html'),(604,1,'https://www.tripadvisor.com//Restaurant_Review-g304132-d12870791-Reviews-Ambula_Anuradhapura-Anuradhapura_North_Central_Province.html'),(605,1,'https://www.tripadvisor.com//Restaurant_Review-g304132-d13293067-Reviews-Palhena_Restaurant-Anuradhapura_North_Central_Province.html'),(606,1,'https://www.tripadvisor.com//Restaurant_Review-g304132-d7056674-Reviews-Hotel_Shalini_Restaurant-Anuradhapura_North_Central_Province.html'),(607,1,'https://www.tripadvisor.com//Restaurant_Review-g304132-d19435390-Reviews-Big_Mama_Family_Restaurant-Anuradhapura_North_Central_Province.html'),(608,1,'https://www.tripadvisor.com//Restaurant_Review-g304132-d6440813-Reviews-Ceylan_Lodge_Restaurant-Anuradhapura_North_Central_Province.html'),(609,1,'https://www.tripadvisor.com//Restaurant_Review-g304132-d4092818-Reviews-Milano_Tourist_Rest_Restaurant-Anuradhapura_North_Central_Province.html'),(610,1,'https://www.tripadvisor.com//Restaurant_Review-g304132-d1132598-Reviews-Casserole-Anuradhapura_North_Central_Province.html'),(611,1,'https://www.tripadvisor.com//Restaurant_Review-g304132-d19492657-Reviews-Heritage_Thambapanni-Anuradhapura_North_Central_Province.html'),(612,1,'https://www.tripadvisor.com//Restaurant_Review-g304132-d4581087-Reviews-Seedevi_Family_Restaurant-Anuradhapura_North_Central_Province.html'),(613,1,'https://www.tripadvisor.com//Restaurant_Review-g304132-d14934101-Reviews-Banana_Cafe-Anuradhapura_North_Central_Province.html'),(614,1,'https://www.tripadvisor.com//Restaurant_Review-g304132-d5857915-Reviews-Nelum_Kole_Bath_Kade-Anuradhapura_North_Central_Province.html'),(615,1,'https://www.tripadvisor.com//Restaurant_Review-g304132-d8429036-Reviews-Walkers-Anuradhapura_North_Central_Province.html'),(616,1,'https://www.tripadvisor.com//Restaurant_Review-g304132-d5865898-Reviews-Pizza_Hut-Anuradhapura_North_Central_Province.html'),(617,1,'https://www.tripadvisor.com//Restaurant_Review-g304132-d12164579-Reviews-Rasa_Gedara-Anuradhapura_North_Central_Province.html'),(618,1,'https://www.tripadvisor.com//Restaurant_Review-g304132-d13434175-Reviews-Gemi_Gedara_Restaurant_Anuradhapura-Anuradhapura_North_Central_Province.html'),(619,1,'https://www.tripadvisor.com//Restaurant_Review-g304132-d7616564-Reviews-The_Lakeside-Anuradhapura_North_Central_Province.html'),(620,1,'https://www.tripadvisor.com//Restaurant_Review-g304132-d1132599-Reviews-Salgado_Hotel_Bakery-Anuradhapura_North_Central_Province.html'),(621,1,'https://www.tripadvisor.com//Restaurant_Review-g304132-d19594046-Reviews-Sweet_Home_s_Kitchen-Anuradhapura_North_Central_Province.html'),(622,1,'https://www.tripadvisor.com//Restaurant_Review-g304132-d9826684-Reviews-Chinthana_Bakers-Anuradhapura_North_Central_Province.html'),(623,1,'https://www.tripadvisor.com//Restaurant_Review-g304132-d11705761-Reviews-Rajarata_Lodge_Restaurant-Anuradhapura_North_Central_Province.html'),(624,1,'https://www.tripadvisor.com//Restaurant_Review-g304132-d12115379-Reviews-Alankulama-Anuradhapura_North_Central_Province.html'),(625,1,'https://www.tripadvisor.com//Restaurant_Review-g304132-d8853374-Reviews-Randiya_Restaurant-Anuradhapura_North_Central_Province.html'),(626,1,'https://www.tripadvisor.com//Restaurant_Review-g304132-d5512094-Reviews-Water_Garden_Restaurant-Anuradhapura_North_Central_Province.html'),(627,1,'https://www.tripadvisor.com//Restaurant_Review-g304132-d20035282-Reviews-Flemingo_Burger_Hut-Anuradhapura_North_Central_Province.html'),(628,1,'https://www.tripadvisor.com//Restaurant_Review-g304132-d15691096-Reviews-Family_Baker-Anuradhapura_North_Central_Province.html'),(629,1,'https://www.tripadvisor.com//Restaurant_Review-g304132-d16733547-Reviews-Yalu_Boder_re-Anuradhapura_North_Central_Province.html'),(630,1,'https://www.tripadvisor.com//Restaurant_Review-g304132-d11644046-Reviews-Sinharagama_Restaurant-Anuradhapura_North_Central_Province.html'),(631,1,'https://www.tripadvisor.com//Restaurant_Review-g304132-d16781941-Reviews-Tony_s_Bistro_Tea_Cafe-Anuradhapura_North_Central_Province.html'),(632,1,'https://www.tripadvisor.com//Restaurant_Review-g304132-d15073597-Reviews-Hotel_De_Maharoof_Restaurant-Anuradhapura_North_Central_Province.html'),(633,1,'https://www.tripadvisor.com//Restaurant_Review-g304132-d14046835-Reviews-Game_Pela_Restaurant-Anuradhapura_North_Central_Province.html'),(634,1,'https://www.tripadvisor.com//Restaurant_Review-g304132-d15676877-Reviews-Delicasy_Restaurant_Bakers-Anuradhapura_North_Central_Province.html'),(635,1,'https://www.tripadvisor.com//Restaurant_Review-g304132-d12728515-Reviews-ChChamy_Restaurant-Anuradhapura_North_Central_Province.html'),(636,1,'https://www.tripadvisor.com//Restaurant_Review-g304132-d16755891-Reviews-Green_Park_Restuarant-Anuradhapura_North_Central_Province.html'),(637,1,'https://www.tripadvisor.com//Restaurant_Review-g304132-d4641728-Reviews-Green_Way_Hotel_Buffet-Anuradhapura_North_Central_Province.html'),(638,1,'https://www.tripadvisor.com//Restaurant_Review-g304132-d7617803-Reviews-Palassa-Anuradhapura_North_Central_Province.html'),(639,1,'https://www.tripadvisor.com//Restaurant_Review-g304132-d11661253-Reviews-Burger_Raja-Anuradhapura_North_Central_Province.html'),(640,1,'https://www.tripadvisor.com//Restaurant_Review-g304132-d8505680-Reviews-2Too-Anuradhapura_North_Central_Province.html'),(641,1,'https://www.tripadvisor.com//Restaurant_Review-g304132-d13840514-Reviews-New_Ritigala_Restaurant-Anuradhapura_North_Central_Province.html'),(642,1,'https://www.tripadvisor.com//Restaurant_Review-g304132-d10083370-Reviews-Mango_Tree-Anuradhapura_North_Central_Province.html'),(643,1,'https://www.tripadvisor.com//Restaurant_Review-g304132-d10892927-Reviews-Scoops_Ice_Cream_Shop-Anuradhapura_North_Central_Province.html'),(644,1,'https://www.tripadvisor.com//Restaurant_Review-g304132-d1637545-Reviews-Cadjan_Restaurant-Anuradhapura_North_Central_Province.html'),(645,1,'https://www.tripadvisor.com//Restaurant_Review-g304132-d12568792-Reviews-White_House_Pool_Side_Restaurant-Anuradhapura_North_Central_Province.html'),(646,1,'https://www.tripadvisor.com//Restaurant_Review-g304132-d10051403-Reviews-The_grand_tourist_holiday_resort-Anuradhapura_North_Central_Province.html'),(647,1,'https://www.tripadvisor.com//Restaurant_Review-g304132-d19067394-Reviews-Sunshine_Family_Restaurant-Anuradhapura_North_Central_Province.html'),(648,1,'https://www.tripadvisor.com//Restaurant_Review-g304132-d3952339-Reviews-Big_Bite_Restaurant-Anuradhapura_North_Central_Province.html'),(649,1,'https://www.tripadvisor.com//Restaurant_Review-g304132-d10401657-Reviews-Sports_Bar-Anuradhapura_North_Central_Province.html'),(650,1,'https://www.tripadvisor.com//Restaurant_Review-g304132-d24122953-Reviews-Table_Top_BBQ_At_The_Fig_And_Gecko-Anuradhapura_North_Central_Province.html'),(651,1,'https://www.tripadvisor.com//Restaurant_Review-g304132-d20349535-Reviews-Heavenzkitchen-Anuradhapura_North_Central_Province.html'),(652,1,'https://www.tripadvisor.com//Restaurant_Review-g304132-d11909624-Reviews-Savoree_Chinese_Restaurant-Anuradhapura_North_Central_Province.html'),(653,1,'https://www.tripadvisor.com//Restaurant_Review-g304132-d17543092-Reviews-Backyard_Cafe_Restaurant-Anuradhapura_North_Central_Province.html'),(654,1,'https://www.tripadvisor.com//Restaurant_Review-g304132-d17763889-Reviews-De_Best_Tourist_Restaurant-Anuradhapura_North_Central_Province.html'),(655,1,'https://www.tripadvisor.com//Restaurant_Review-g304132-d16655602-Reviews-City_Chinese-Anuradhapura_North_Central_Province.html'),(656,1,'https://www.tripadvisor.com//Restaurant_Review-g1102395-d12877731-Reviews-Yala_Peace_Cottage_Restaurant-Tissamaharama_Southern_Province.html'),(657,1,'https://www.tripadvisor.com//Restaurant_Review-g1102395-d13836279-Reviews-Chef_Lady_Restaurant-Tissamaharama_Southern_Province.html'),(658,1,'https://www.tripadvisor.com//Restaurant_Review-g1102395-d11655222-Reviews-The_flavors_restaurant-Tissamaharama_Southern_Province.html'),(659,1,'https://www.tripadvisor.com//Restaurant_Review-g1102395-d12618258-Reviews-Smoky_Kitchen-Tissamaharama_Southern_Province.html'),(660,1,'https://www.tripadvisor.com//Restaurant_Review-g1102395-d10529015-Reviews-Green_Hut_Restaurant-Tissamaharama_Southern_Province.html'),(661,1,'https://www.tripadvisor.com//Restaurant_Review-g1102395-d10681565-Reviews-Hot_Spot-Tissamaharama_Southern_Province.html'),(662,1,'https://www.tripadvisor.com//Restaurant_Review-g1102395-d2105880-Reviews-New_Cabana-Tissamaharama_Southern_Province.html'),(663,1,'https://www.tripadvisor.com//Restaurant_Review-g1102395-d17740601-Reviews-Okin_Reach_Restaurant-Tissamaharama_Southern_Province.html'),(664,1,'https://www.tripadvisor.com//Restaurant_Review-g1102395-d13382549-Reviews-Coconut_Garden_Restaurant-Tissamaharama_Southern_Province.html'),(665,1,'https://www.tripadvisor.com//Restaurant_Review-g1102395-d12049196-Reviews-The_Grand_Yala_Restaurant-Tissamaharama_Southern_Province.html'),(666,1,'https://www.tripadvisor.com//Restaurant_Review-g1102395-d13423510-Reviews-Hathmaluwa_Restaurant-Tissamaharama_Southern_Province.html'),(667,1,'https://www.tripadvisor.com//Restaurant_Review-g1102395-d2241895-Reviews-Road_side_stalls_that_sell_curd_and_honey-Tissamaharama_Southern_Province.html'),(668,1,'https://www.tripadvisor.com//Restaurant_Review-g1102395-d11674423-Reviews-Orchid_Restaurant-Tissamaharama_Southern_Province.html'),(669,1,'https://www.tripadvisor.com//Restaurant_Review-g1102395-d10056653-Reviews-Odara_Hotel_Restaurant-Tissamaharama_Southern_Province.html'),(670,1,'https://www.tripadvisor.com//Restaurant_Review-g1102395-d4605974-Reviews-Eagles_Cafe-Tissamaharama_Southern_Province.html'),(671,1,'https://www.tripadvisor.com//Restaurant_Review-g1102395-d13004618-Reviews-Amrich_Restaurant-Tissamaharama_Southern_Province.html'),(672,1,'https://www.tripadvisor.com//Restaurant_Review-g1102395-d6439121-Reviews-New_Sanka_Restaurant-Tissamaharama_Southern_Province.html'),(673,1,'https://www.tripadvisor.com//Restaurant_Review-g1102395-d6920737-Reviews-Spice_Lounge_Restaurant_Bar-Tissamaharama_Southern_Province.html'),(674,1,'https://www.tripadvisor.com//Restaurant_Review-g1102395-d10441685-Reviews-Aqua_House_Seafood_Restaurant_Hotel-Tissamaharama_Southern_Province.html'),(675,1,'https://www.tripadvisor.com//Restaurant_Review-g1102395-d6959801-Reviews-Lak_Chand-Tissamaharama_Southern_Province.html'),(676,1,'https://www.tripadvisor.com//Restaurant_Review-g1102395-d15139336-Reviews-Cafe_Tissa-Tissamaharama_Southern_Province.html'),(677,1,'https://www.tripadvisor.com//Restaurant_Review-g1102395-d10207783-Reviews-Calorian_Restaurant-Tissamaharama_Southern_Province.html'),(678,1,'https://www.tripadvisor.com//Restaurant_Review-g1102395-d17777651-Reviews-The_Oak_Restaurant-Tissamaharama_Southern_Province.html'),(679,1,'https://www.tripadvisor.com//Restaurant_Review-g1102395-d4509848-Reviews-Hotel_Tissa_Restaurant_Beer_Garden-Tissamaharama_Southern_Province.html'),(680,1,'https://www.tripadvisor.com//Restaurant_Review-g1102395-d7675789-Reviews-Roots_Restaurant-Tissamaharama_Southern_Province.html'),(681,1,'https://www.tripadvisor.com//Restaurant_Review-g1102395-d19087738-Reviews-Fresh_Food_Restaurant-Tissamaharama_Southern_Province.html'),(682,1,'https://www.tripadvisor.com//Restaurant_Review-g1102395-d19858002-Reviews-Yellow_House_Restaurant-Tissamaharama_Southern_Province.html'),(683,1,'https://www.tripadvisor.com//Restaurant_Review-g1102395-d15219781-Reviews-Royal_Restaurant-Tissamaharama_Southern_Province.html'),(684,1,'https://www.tripadvisor.com//Restaurant_Review-g1102395-d19993766-Reviews-Bat_Sevana_Fruit_Bats-Tissamaharama_Southern_Province.html'),(685,1,'https://www.tripadvisor.com//Restaurant_Review-g1102395-d10663046-Reviews-Calorian_best_see_food_restaurant-Tissamaharama_Southern_Province.html'),(686,1,'https://www.tripadvisor.com//Restaurant_Review-g2424710-d12838142-Reviews-Nilaa_Rice_Curry_Seafood_restaurant-Nilaveli_Eastern_Province.html'),(687,1,'https://www.tripadvisor.com//Restaurant_Review-g2424710-d14918915-Reviews-Seafood_Restaurant-Nilaveli_Eastern_Province.html'),(688,1,'https://www.tripadvisor.com//Restaurant_Review-g2424710-d23911712-Reviews-Kavinila-Nilaveli_Eastern_Province.html'),(689,1,'https://www.tripadvisor.com//Restaurant_Review-g2424710-d14184148-Reviews-Vibushan_restaurant-Nilaveli_Eastern_Province.html'),(690,1,'https://www.tripadvisor.com//Restaurant_Review-g2424710-d10055750-Reviews-Family_Restaurant-Nilaveli_Eastern_Province.html'),(691,1,'https://www.tripadvisor.com//Restaurant_Review-g2424710-d13807636-Reviews-Red_Lobster_Nilaveli-Nilaveli_Eastern_Province.html'),(692,1,'https://www.tripadvisor.com//Restaurant_Review-g2424710-d13143131-Reviews-King_Coconut_Cafe-Nilaveli_Eastern_Province.html'),(693,1,'https://www.tripadvisor.com//Restaurant_Review-g2424710-d10456447-Reviews-That_s_why_Cafe_and_beach_bar-Nilaveli_Eastern_Province.html'),(694,1,'https://www.tripadvisor.com//Restaurant_Review-g424963-d8852988-Reviews-Sana_Place_Seafood_Restaurant-Trincomalee_Eastern_Province.html'),(695,1,'https://www.tripadvisor.com//Restaurant_Review-g2424710-d10600101-Reviews-My_Kind_Of_Place-Nilaveli_Eastern_Province.html'),(696,1,'https://www.tripadvisor.com//Restaurant_Review-g2424710-d6456616-Reviews-CAFE_Nilaveli-Nilaveli_Eastern_Province.html'),(697,1,'https://www.tripadvisor.com//Restaurant_Review-g424963-d16662089-Reviews-Mammamia_Nilaveli-Trincomalee_Eastern_Province.html'),(698,1,'https://www.tripadvisor.com//Restaurant_Review-g2424710-d14165449-Reviews-Nilaveli_Green_Lobster-Nilaveli_Eastern_Province.html'),(699,1,'https://www.tripadvisor.com//Restaurant_Review-g2424710-d14955257-Reviews-Kavi_Nila_Restaurant-Nilaveli_Eastern_Province.html'),(700,1,'https://www.tripadvisor.com//Restaurant_Review-g2424710-d7811178-Reviews-Thirumalai_Park-Nilaveli_Eastern_Province.html'),(701,1,'https://www.tripadvisor.com//Restaurant_Review-g2424710-d17850039-Reviews-R_T_choice_food_Restaurant-Nilaveli_Eastern_Province.html'),(702,1,'https://www.tripadvisor.com//Restaurant_Review-g2424710-d14810136-Reviews-Memo_s_Cafe-Nilaveli_Eastern_Province.html'),(703,1,'https://www.tripadvisor.com//Restaurant_Review-g2424710-d17337737-Reviews-King_Seafood_Restaurant-Nilaveli_Eastern_Province.html'),(704,1,'https://www.tripadvisor.com//Restaurant_Review-g424963-d12741868-Reviews-Be_Cool_Juice_Bar_Sea_Food_Restaurant-Trincomalee_Eastern_Province.html'),(705,1,'https://www.tripadvisor.com//Restaurant_Review-g424963-d14083512-Reviews-Ubay_Guest_and_Restaurant-Trincomalee_Eastern_Province.html'),(706,1,'https://www.tripadvisor.com//Restaurant_Review-g2424710-d14981615-Reviews-Kowri_Family_Foods-Nilaveli_Eastern_Province.html'),(707,1,'https://www.tripadvisor.com//Restaurant_Review-g424963-d12409063-Reviews-Rea_Beach_by_Nero_kitchen-Trincomalee_Eastern_Province.html'),(708,1,'https://www.tripadvisor.com//Restaurant_Review-g424963-d10831618-Reviews-Cafe_On_The_18th-Trincomalee_Eastern_Province.html'),(709,1,'https://www.tripadvisor.com//Restaurant_Review-g2424710-d23911553-Reviews-Yo_Restaurant_Nilaveli-Nilaveli_Eastern_Province.html'),(710,1,'https://www.tripadvisor.com//Restaurant_Review-g424963-d10498128-Reviews-Trinco_Lanka_Restaurant-Trincomalee_Eastern_Province.html'),(711,1,'https://www.tripadvisor.com//Restaurant_Review-g2424710-d14975574-Reviews-O_Shore_Beachfront_Restaurant-Nilaveli_Eastern_Province.html'),(712,1,'https://www.tripadvisor.com//Restaurant_Review-g2424710-d14172051-Reviews-Hana_Star_Restaurant-Nilaveli_Eastern_Province.html'),(713,1,'https://www.tripadvisor.com//Restaurant_Review-g424963-d15600503-Reviews-La_Prince_Cafe-Trincomalee_Eastern_Province.html'),(714,1,'https://www.tripadvisor.com//Restaurant_Review-g424963-d8461169-Reviews-Rice_n_Curry-Trincomalee_Eastern_Province.html'),(715,1,'https://www.tripadvisor.com//Restaurant_Review-g2424710-d12629282-Reviews-Umami_Restaurant-Nilaveli_Eastern_Province.html'),(716,1,'https://www.tripadvisor.com//Restaurant_Review-g424963-d19268872-Reviews-Shami_Seafood_Restaurant-Trincomalee_Eastern_Province.html'),(717,1,'https://www.tripadvisor.com//Restaurant_Review-g424963-d14769315-Reviews-N_Joy_Seafood_Restaurant-Trincomalee_Eastern_Province.html'),(718,1,'https://www.tripadvisor.com//Restaurant_Review-g424963-d12800874-Reviews-Coffee_Shop_Uppevelli-Trincomalee_Eastern_Province.html'),(719,1,'https://www.tripadvisor.com//Restaurant_Review-g424963-d14090024-Reviews-Hotel_StayGo_Restaurant-Trincomalee_Eastern_Province.html'),(720,1,'https://www.tripadvisor.com//Restaurant_Review-g2424710-d19041770-Reviews-Lilac-Nilaveli_Eastern_Province.html'),(721,1,'https://www.tripadvisor.com//Restaurant_Review-g2424710-d20297017-Reviews-Nilaveli_Hotel_Onethra-Nilaveli_Eastern_Province.html'),(722,1,'https://www.tripadvisor.com//Restaurant_Review-g2424710-d17767265-Reviews-White_Sand_Beach_Inn-Nilaveli_Eastern_Province.html'),(723,1,'https://www.tripadvisor.com//Restaurant_Review-g2424710-d13877898-Reviews-Ammar_Hotel_Restaurant-Nilaveli_Eastern_Province.html'),(724,1,'https://www.tripadvisor.com//Restaurant_Review-g2424710-d23942394-Reviews-ESBee-Nilaveli_Eastern_Province.html'),(725,1,'https://www.tripadvisor.com//Restaurant_Review-g2424710-d16800472-Reviews-Sri_Shajanaa_hotel_rest-Nilaveli_Eastern_Province.html'),(726,1,'https://www.tripadvisor.com//Restaurant_Review-g2424710-d19218496-Reviews-Gamigadara-Nilaveli_Eastern_Province.html'),(727,1,'https://www.tripadvisor.com//Restaurant_Review-g2424710-d23910927-Reviews-Taste_And_Fast-Nilaveli_Eastern_Province.html'),(728,1,'https://www.tripadvisor.com//Restaurant_Review-g2424710-d24876174-Reviews-Vitamine_Sea-Nilaveli_Eastern_Province.html'),(729,1,'https://www.tripadvisor.com//Restaurant_Review-g2424710-d19451941-Reviews-Tasty_Seafood_Restaurant-Nilaveli_Eastern_Province.html'),(730,1,'https://www.tripadvisor.com//Restaurant_Review-g2424710-d23813799-Reviews-Nilaveli_Restaurant-Nilaveli_Eastern_Province.html'),(731,1,'https://www.tripadvisor.com//Restaurant_Review-g2424710-d19218497-Reviews-Gamigadara-Nilaveli_Eastern_Province.html'),(732,1,'https://www.tripadvisor.com//Restaurant_Review-g2424710-d17912787-Reviews-Pranu_restaurant-Nilaveli_Eastern_Province.html'),(733,1,'https://www.tripadvisor.com//Restaurant_Review-g2424710-d12423802-Reviews-Ocean_Way-Nilaveli_Eastern_Province.html'),(734,1,'https://www.tripadvisor.com//Restaurant_Review-g2424710-d18314445-Reviews-Beach_Grill-Nilaveli_Eastern_Province.html'),(735,1,'https://www.tripadvisor.com//Restaurant_Review-g2424710-d24155587-Reviews-94771054488-Nilaveli_Eastern_Province.html'),(736,1,'https://www.tripadvisor.com//Restaurant_Review-g304135-d1133627-Reviews-Mangos-Jaffna_Northern_Province.html'),(737,1,'https://www.tripadvisor.com//Restaurant_Review-g304135-d1133633-Reviews-Rio_Ice_Cream-Jaffna_Northern_Province.html'),(738,1,'https://www.tripadvisor.com//Restaurant_Review-g304135-d1133625-Reviews-Malayan_Cafe-Jaffna_Northern_Province.html'),(739,1,'https://www.tripadvisor.com//Restaurant_Review-g304135-d10593768-Reviews-Peninsula-Jaffna_Northern_Province.html'),(740,1,'https://www.tripadvisor.com//Restaurant_Review-g304135-d10374749-Reviews-Nallurbhavan-Jaffna_Northern_Province.html'),(741,1,'https://www.tripadvisor.com//Restaurant_Review-g304135-d3649992-Reviews-Green_Grass_Hotel_Restaurant-Jaffna_Northern_Province.html'),(742,1,'https://www.tripadvisor.com//Restaurant_Review-g304135-d1133622-Reviews-Cosy_Restaurant-Jaffna_Northern_Province.html'),(743,1,'https://www.tripadvisor.com//Restaurant_Review-g304135-d4464022-Reviews-Akshathai_Nila-Jaffna_Northern_Province.html'),(744,1,'https://www.tripadvisor.com//Restaurant_Review-g304135-d2643350-Reviews-Lingan_Ice_Cream-Jaffna_Northern_Province.html'),(745,1,'https://www.tripadvisor.com//Restaurant_Review-g304135-d4051221-Reviews-Fort_Hammenhiel_Restaurant-Jaffna_Northern_Province.html'),(746,1,'https://www.tripadvisor.com//Restaurant_Review-g304135-d20144031-Reviews-Lavin_s-Jaffna_Northern_Province.html'),(747,1,'https://www.tripadvisor.com//Restaurant_Review-g304135-d10237047-Reviews-Hotel_Rolex-Jaffna_Northern_Province.html'),(748,1,'https://www.tripadvisor.com//Restaurant_Review-g304135-d19632649-Reviews-Jaffna_Authentic_Cuisine-Jaffna_Northern_Province.html'),(749,1,'https://www.tripadvisor.com//Restaurant_Review-g304135-d11595160-Reviews-Eleven_to_Eleven_Pizza-Jaffna_Northern_Province.html'),(750,1,'https://www.tripadvisor.com//Restaurant_Review-g304135-d7686528-Reviews-Vishnu_Bavan-Jaffna_Northern_Province.html'),(751,1,'https://www.tripadvisor.com//Restaurant_Review-g304135-d6022597-Reviews-U_S_Restaurant-Jaffna_Northern_Province.html'),(752,1,'https://www.tripadvisor.com//Restaurant_Review-g304135-d23913150-Reviews-The_Tiki_Cook_Chill_Chat-Jaffna_Northern_Province.html'),(753,1,'https://www.tripadvisor.com//Restaurant_Review-g304135-d7691159-Reviews-Rolex_s_Bake_Mart-Jaffna_Northern_Province.html'),(754,1,'https://www.tripadvisor.com//Restaurant_Review-g304135-d4464025-Reviews-Nila-Jaffna_Northern_Province.html'),(755,1,'https://www.tripadvisor.com//Restaurant_Review-g304135-d8619509-Reviews-Prince_Hotel-Jaffna_Northern_Province.html'),(756,1,'https://www.tripadvisor.com//Restaurant_Review-g304135-d23770451-Reviews-Neelambary_Unavagam-Jaffna_Northern_Province.html'),(757,1,'https://www.tripadvisor.com//Restaurant_Review-g304135-d4101283-Reviews-US_Network_Guest_House_Restaurant-Jaffna_Northern_Province.html'),(758,1,'https://www.tripadvisor.com//Restaurant_Review-g304135-d17407766-Reviews-Pizza_Hut-Jaffna_Northern_Province.html'),(759,1,'https://www.tripadvisor.com//Restaurant_Review-g304135-d6018053-Reviews-Sri_Saiee_Bavaan_Vegetarian_Hotel-Jaffna_Northern_Province.html'),(760,1,'https://www.tripadvisor.com//Restaurant_Review-g304135-d11538429-Reviews-11_To_Eleven-Jaffna_Northern_Province.html'),(761,1,'https://www.tripadvisor.com//Restaurant_Review-g304135-d15631933-Reviews-Hotel_New_Selva-Jaffna_Northern_Province.html'),(762,1,'https://www.tripadvisor.com//Restaurant_Review-g304135-d15191567-Reviews-Juice_Land-Jaffna_Northern_Province.html'),(763,1,'https://www.tripadvisor.com//Restaurant_Review-g304135-d13400954-Reviews-Gnanams_Restaurant-Jaffna_Northern_Province.html'),(764,1,'https://www.tripadvisor.com//Restaurant_Review-g304135-d12624655-Reviews-Rahman_Hotel-Jaffna_Northern_Province.html'),(765,1,'https://www.tripadvisor.com//Restaurant_Review-g304135-d14011817-Reviews-Rolexkitchen-Jaffna_Northern_Province.html'),(766,1,'https://www.tripadvisor.com//Restaurant_Review-g304135-d7604810-Reviews-Station_Garden_Motel_Restaurant-Jaffna_Northern_Province.html'),(767,1,'https://www.tripadvisor.com//Restaurant_Review-g304135-d1133640-Reviews-Thanj_Hotel-Jaffna_Northern_Province.html'),(768,1,'https://www.tripadvisor.com//Restaurant_Review-g304135-d9707350-Reviews-Kumarapavan_Vegetarian_Restaurant-Jaffna_Northern_Province.html'),(769,1,'https://www.tripadvisor.com//Restaurant_Review-g304135-d19630639-Reviews-Authentic_jaffna_cuisine-Jaffna_Northern_Province.html'),(770,1,'https://www.tripadvisor.com//Restaurant_Review-g304135-d14976655-Reviews-Tilko_Restaurant-Jaffna_Northern_Province.html'),(771,1,'https://www.tripadvisor.com//Restaurant_Review-g304135-d14372560-Reviews-KFC-Jaffna_Northern_Province.html'),(772,1,'https://www.tripadvisor.com//Restaurant_Review-g304135-d7732052-Reviews-Palmrya-Jaffna_Northern_Province.html'),(773,1,'https://www.tripadvisor.com//Restaurant_Review-g304135-d15613986-Reviews-Thalsevana_Holiday_Resort_Restaurant-Jaffna_Northern_Province.html'),(774,1,'https://www.tripadvisor.com//Restaurant_Review-g304135-d6404092-Reviews-New_Rest_House-Jaffna_Northern_Province.html'),(775,1,'https://www.tripadvisor.com//Restaurant_Review-g304135-d20162316-Reviews-Rice_and_Spice-Jaffna_Northern_Province.html'),(776,1,'https://www.tripadvisor.com//Restaurant_Review-g304135-d20158401-Reviews-Street_Burger_Snack_Corner-Jaffna_Northern_Province.html'),(777,1,'https://www.tripadvisor.com//Restaurant_Review-g304135-d23943328-Reviews-Rhine_Restaurant-Jaffna_Northern_Province.html'),(778,1,'https://www.tripadvisor.com//Restaurant_Review-g304135-d23673312-Reviews-Spice_Of_Jaffna-Jaffna_Northern_Province.html'),(779,1,'https://www.tripadvisor.com//Restaurant_Review-g304135-d23839115-Reviews-Rusichchatti-Jaffna_Northern_Province.html'),(780,1,'https://www.tripadvisor.com//Restaurant_Review-g304135-d21382720-Reviews-Northern_Station-Jaffna_Northern_Province.html'),(781,1,'https://www.tripadvisor.com//Restaurant_Review-g304135-d10750192-Reviews-Janani_Cool_Bar-Jaffna_Northern_Province.html'),(782,1,'https://www.tripadvisor.com//Restaurant_Review-g304135-d13007251-Reviews-Annai_Sea_Food-Jaffna_Northern_Province.html'),(783,1,'https://www.tripadvisor.com//Restaurant_Review-g304135-d10687113-Reviews-Eatwell-Jaffna_Northern_Province.html'),(784,1,'https://www.tripadvisor.com//Restaurant_Review-g304135-d21362007-Reviews-Akappai-Jaffna_Northern_Province.html'),(785,1,'https://www.tripadvisor.com//Restaurant_Review-g304140-d7105039-Reviews-Jaga_Food-Polonnaruwa_North_Central_Province.html'),(786,1,'https://www.tripadvisor.com//Restaurant_Review-g304140-d3812135-Reviews-Priyamali_Gedara-Polonnaruwa_North_Central_Province.html'),(787,1,'https://www.tripadvisor.com//Restaurant_Review-g304140-d6969718-Reviews-Gami_Gedara-Polonnaruwa_North_Central_Province.html'),(788,1,'https://www.tripadvisor.com//Restaurant_Review-g304140-d7059150-Reviews-Maha_Kithula-Polonnaruwa_North_Central_Province.html'),(789,1,'https://www.tripadvisor.com//Restaurant_Review-g304140-d12997951-Reviews-Rasa_Bojun_Gedara-Polonnaruwa_North_Central_Province.html'),(790,1,'https://www.tripadvisor.com//Restaurant_Review-g304140-d14166066-Reviews-Saruketha-Polonnaruwa_North_Central_Province.html'),(791,1,'https://www.tripadvisor.com//Restaurant_Review-g304140-d3982802-Reviews-Ariya_Rest_House-Polonnaruwa_North_Central_Province.html'),(792,1,'https://www.tripadvisor.com//Restaurant_Review-g304140-d14016111-Reviews-Wishma_Restaurant-Polonnaruwa_North_Central_Province.html'),(793,1,'https://www.tripadvisor.com//Restaurant_Review-g304140-d15071566-Reviews-Ambalama_Kele_Restaurant-Polonnaruwa_North_Central_Province.html'),(794,1,'https://www.tripadvisor.com//Restaurant_Review-g12157513-d13820639-Reviews-Govi_Gedara-Bendiwewa_Polonnaruwa_North_Central_Province.html'),(795,1,'https://www.tripadvisor.com//Restaurant_Review-g304140-d16854031-Reviews-Rajadhani_Indian_Restaurant-Polonnaruwa_North_Central_Province.html'),(796,1,'https://www.tripadvisor.com//Restaurant_Review-g1189034-d10762596-Reviews-Girithale-Giritale_Polonnaruwa_North_Central_Province.html'),(797,1,'https://www.tripadvisor.com//Restaurant_Review-g304140-d2486848-Reviews-Thidas_Arana_Restaurant-Polonnaruwa_North_Central_Province.html'),(798,1,'https://www.tripadvisor.com//Restaurant_Review-g304140-d8451248-Reviews-Derana_Restaurant-Polonnaruwa_North_Central_Province.html'),(799,1,'https://www.tripadvisor.com//Restaurant_Review-g304140-d4151846-Reviews-Hotel_Mahanuge_Restaurant-Polonnaruwa_North_Central_Province.html'),(800,1,'https://www.tripadvisor.com//Restaurant_Review-g304140-d1135050-Reviews-New_Araliya_Sinhala_Hotel-Polonnaruwa_North_Central_Province.html'),(801,1,'https://www.tripadvisor.com//Restaurant_Review-g304140-d3928954-Reviews-Sudu_Araliya_Restaurant-Polonnaruwa_North_Central_Province.html'),(802,1,'https://www.tripadvisor.com//Restaurant_Review-g1189034-d13864128-Reviews-Rivonway-Giritale_Polonnaruwa_North_Central_Province.html'),(803,1,'https://www.tripadvisor.com//Restaurant_Review-g304140-d13503691-Reviews-Kadamandiya_Family_Restaurant-Polonnaruwa_North_Central_Province.html'),(804,1,'https://www.tripadvisor.com//Restaurant_Review-g304140-d10520597-Reviews-Chilli_s_Lathpadura-Polonnaruwa_North_Central_Province.html'),(805,1,'https://www.tripadvisor.com//Restaurant_Review-g304140-d11998967-Reviews-Ohseen_Family_Restaurant-Polonnaruwa_North_Central_Province.html'),(806,1,'https://www.tripadvisor.com//Restaurant_Review-g1189034-d2559919-Reviews-Hotel_The_Village-Giritale_Polonnaruwa_North_Central_Province.html'),(807,1,'https://www.tripadvisor.com//Restaurant_Review-g304140-d12185837-Reviews-Dinetime_Family_Restaurant-Polonnaruwa_North_Central_Province.html'),(808,1,'https://www.tripadvisor.com//Restaurant_Review-g304140-d1135045-Reviews-Lake_Inn_Guest_House_Dining_Room-Polonnaruwa_North_Central_Province.html'),(809,1,'https://www.tripadvisor.com//Restaurant_Review-g304140-d1135048-Reviews-Manel_Guest_House-Polonnaruwa_North_Central_Province.html'),(810,1,'https://www.tripadvisor.com//Restaurant_Review-g304140-d16742705-Reviews-Dineth_Restaurant-Polonnaruwa_North_Central_Province.html'),(811,1,'https://www.tripadvisor.com//Restaurant_Review-g304140-d12113007-Reviews-Ruins_Chaaya-Polonnaruwa_North_Central_Province.html'),(812,1,'https://www.tripadvisor.com//Restaurant_Review-g304140-d8527992-Reviews-Clay_Hut_Village-Polonnaruwa_North_Central_Province.html'),(813,1,'https://www.tripadvisor.com//Restaurant_Review-g304140-d19774160-Reviews-Pizza_Hut-Polonnaruwa_North_Central_Province.html'),(814,1,'https://www.tripadvisor.com//Restaurant_Review-g304140-d1135057-Reviews-Polonnaruwa_Rest_House_Dining_Room-Polonnaruwa_North_Central_Province.html'),(815,1,'https://www.tripadvisor.com//Restaurant_Review-g304140-d1135055-Reviews-The_Lake_Restaurant-Polonnaruwa_North_Central_Province.html'),(816,1,'https://www.tripadvisor.com//Restaurant_Review-g304140-d8808479-Reviews-Sunrise_And_Akila_Restaurant-Polonnaruwa_North_Central_Province.html'),(817,1,'https://www.tripadvisor.com//Restaurant_Review-g304140-d14048206-Reviews-Zomoto_Family_Restaurant-Polonnaruwa_North_Central_Province.html'),(818,1,'https://www.tripadvisor.com//Restaurant_Review-g304140-d5857912-Reviews-Sisila_Cafe-Polonnaruwa_North_Central_Province.html'),(819,1,'https://www.tripadvisor.com//Restaurant_Review-g304140-d18980653-Reviews-Pure_Taste_Restaurant-Polonnaruwa_North_Central_Province.html'),(820,1,'https://www.tripadvisor.com//Restaurant_Review-g304140-d18154287-Reviews-Gami_Gedara_Bojun_Hala-Polonnaruwa_North_Central_Province.html'),(821,1,'https://www.tripadvisor.com//Restaurant_Review-g304140-d1135040-Reviews-Devi_Tourist_Home_Dining_Room-Polonnaruwa_North_Central_Province.html'),(822,1,'https://www.tripadvisor.com//Restaurant_Review-g304140-d13349766-Reviews-Curry_Leaf_Family_Restaurant-Polonnaruwa_North_Central_Province.html'),(823,1,'https://www.tripadvisor.com//Restaurant_Review-g304140-d13818141-Reviews-Niranjan_Restaurant-Polonnaruwa_North_Central_Province.html'),(824,1,'https://www.tripadvisor.com//Restaurant_Review-g304140-d1135042-Reviews-Gajaba_Hotel_Dining_Room-Polonnaruwa_North_Central_Province.html'),(825,1,'https://www.tripadvisor.com//Restaurant_Review-g1189034-d13806379-Reviews-Kings_Island_Foods-Giritale_Polonnaruwa_North_Central_Province.html'),(826,1,'https://www.tripadvisor.com//Restaurant_Review-g304140-d12811332-Reviews-Applebee_s_Burger_Hut-Polonnaruwa_North_Central_Province.html'),(827,1,'https://www.tripadvisor.com//Restaurant_Review-g304140-d7092895-Reviews-Lake_Front_Hotel_And_Restaurant-Polonnaruwa_North_Central_Province.html'),(828,1,'https://www.tripadvisor.com//Restaurant_Review-g304140-d17805543-Reviews-My_Taste_Cafe-Polonnaruwa_North_Central_Province.html'),(829,1,'https://www.tripadvisor.com//Restaurant_Review-g304140-d16676846-Reviews-Kamatha_Resort_Restaurant-Polonnaruwa_North_Central_Province.html'),(830,1,'https://www.tripadvisor.com//Restaurant_Review-g304140-d24133445-Reviews-Ranchero_Restaurant-Polonnaruwa_North_Central_Province.html'),(831,1,'https://www.tripadvisor.com//Restaurant_Review-g304140-d15278760-Reviews-Suneetha_Restaurant-Polonnaruwa_North_Central_Province.html'),(832,1,'https://www.tripadvisor.com//Restaurant_Review-g304140-d18980652-Reviews-Pure_Taste_Restaurant-Polonnaruwa_North_Central_Province.html'),(833,1,'https://www.tripadvisor.com//Restaurant_Review-g304134-d24859266-Reviews-Captain_Gunni_s_Bistro_Restaurant-Hikkaduwa_Galle_District_Southern_Province.html'),(834,1,'https://www.tripadvisor.com//Restaurant_Review-g3181345-d20229168-Reviews-Bro_Pub_Restaurant-Nugegoda_Western_Province.html'),(835,1,'https://www.tripadvisor.com//Restaurant_Review-g3181345-d7598479-Reviews-Garton_s_Ark-Nugegoda_Western_Province.html'),(836,1,'https://www.tripadvisor.com//Restaurant_Review-g13968411-d5784869-Reviews-Rocco_s-Rajagiriya_Western_Province.html'),(837,1,'https://www.tripadvisor.com//Restaurant_Review-g3181345-d4324003-Reviews-LeeSH_Sandwich_Bar-Nugegoda_Western_Province.html'),(838,1,'https://www.tripadvisor.com//Restaurant_Review-g3343012-d12221832-Reviews-Thuna_Paha-Battaramulla_Western_Province.html'),(839,1,'https://www.tripadvisor.com//Restaurant_Review-g499079-d12871147-Reviews-Kanchi_s-Dehiwala_Mount_Lavinia_Western_Province.html'),(840,1,'https://www.tripadvisor.com//Restaurant_Review-g293962-d10269187-Reviews-Bakes_by_Bella_Cafe-Colombo_Western_Province.html'),(841,1,'https://www.tripadvisor.com//Restaurant_Review-g665217-d2652439-Reviews-Shanghai_Terrace-Sri_Jayawardenepura_Western_Province.html'),(842,1,'https://www.tripadvisor.com//Restaurant_Review-g293962-d9561482-Reviews-Butter_Boutique-Colombo_Western_Province.html'),(843,1,'https://www.tripadvisor.com//Restaurant_Review-g3181345-d7195143-Reviews-Harpos_Pizza_and_Pasta-Nugegoda_Western_Province.html'),(844,1,'https://www.tripadvisor.com//Restaurant_Review-g499079-d1206850-Reviews-The_Angler-Dehiwala_Mount_Lavinia_Western_Province.html'),(845,1,'https://www.tripadvisor.com//Restaurant_Review-g665217-d13945079-Reviews-M_eat_US-Sri_Jayawardenepura_Western_Province.html'),(846,1,'https://www.tripadvisor.com//Restaurant_Review-g293962-d7140949-Reviews-Simply_Strawberries_by_Jagro-Colombo_Western_Province.html'),(847,1,'https://www.tripadvisor.com//Restaurant_Review-g665217-d12290540-Reviews-Simply_Strawberries_by_Jagro-Sri_Jayawardenepura_Western_Province.html'),(848,1,'https://www.tripadvisor.com//Restaurant_Review-g293962-d19807828-Reviews-Seed_Cafe-Colombo_Western_Province.html'),(849,1,'https://www.tripadvisor.com//Restaurant_Review-g293962-d11895616-Reviews-Kopi_Kade-Colombo_Western_Province.html'),(850,1,'https://www.tripadvisor.com//Restaurant_Review-g16740785-d1133608-Reviews-Seafood_Cove-Mount_Lavinia_Dehiwala_Mount_Lavinia_Western_Province.html'),(851,1,'https://www.tripadvisor.com//Restaurant_Review-g665217-d12158204-Reviews-The_Sushi_Bar_Samurai-Sri_Jayawardenepura_Western_Province.html'),(852,1,'https://www.tripadvisor.com//Restaurant_Review-g293962-d1751455-Reviews-Coco_Veranda-Colombo_Western_Province.html'),(853,1,'https://www.tripadvisor.com//Restaurant_Review-g13968411-d19895341-Reviews-PappaRich-Rajagiriya_Western_Province.html'),(854,1,'https://www.tripadvisor.com//Restaurant_Review-g293962-d13306776-Reviews-Cafe_Noir_Blanc-Colombo_Western_Province.html'),(855,1,'https://www.tripadvisor.com//Restaurant_Review-g3181345-d21329768-Reviews-Mass_Of_Bees_MOB-Nugegoda_Western_Province.html'),(856,1,'https://www.tripadvisor.com//Restaurant_Review-g3181345-d5995584-Reviews-Sovereign_German_Restaurant-Nugegoda_Western_Province.html'),(857,1,'https://www.tripadvisor.com//Restaurant_Review-g3343012-d12290805-Reviews-Mona_s_Kitchen-Battaramulla_Western_Province.html'),(858,1,'https://www.tripadvisor.com//Restaurant_Review-g293962-d2103353-Reviews-The_Blue_Swan_Cafe-Colombo_Western_Province.html'),(859,1,'https://www.tripadvisor.com//Restaurant_Review-g293962-d1746046-Reviews-Crossroads_Cafe_and_Restaurant-Colombo_Western_Province.html'),(860,1,'https://www.tripadvisor.com//Restaurant_Review-g665217-d10622269-Reviews-Dolce_Italia-Sri_Jayawardenepura_Western_Province.html'),(861,1,'https://www.tripadvisor.com//Restaurant_Review-g665217-d15816508-Reviews-Harpo_s_Pizza_Pasta_Ethul_Kotte-Sri_Jayawardenepura_Western_Province.html'),(862,1,'https://www.tripadvisor.com//Restaurant_Review-g293962-d4975637-Reviews-Naniyori_by_Steam_Boat-Colombo_Western_Province.html'),(863,1,'https://www.tripadvisor.com//Restaurant_Review-g293962-d4259018-Reviews-Goodies_at_Cinnamon_Lakeside_Colombo-Colombo_Western_Province.html'),(864,1,'https://www.tripadvisor.com//Restaurant_Review-g3343012-d12115253-Reviews-Cafe_Noir-Battaramulla_Western_Province.html'),(865,1,'https://www.tripadvisor.com//Restaurant_Review-g293962-d8542937-Reviews-Cafe_Mocha_by_Barista-Colombo_Western_Province.html'),(866,1,'https://www.tripadvisor.com//Restaurant_Review-g499079-d2443983-Reviews-Governor_s_Restaurant-Dehiwala_Mount_Lavinia_Western_Province.html'),(867,1,'https://www.tripadvisor.com//Restaurant_Review-g293962-d2364234-Reviews-The_Coffee_Stop-Colombo_Western_Province.html'),(868,1,'https://www.tripadvisor.com//Restaurant_Review-g665217-d9706654-Reviews-Chapter_One-Sri_Jayawardenepura_Western_Province.html'),(869,1,'https://www.tripadvisor.com//Restaurant_Review-g3343012-d11649164-Reviews-Quick_Thai-Battaramulla_Western_Province.html'),(870,1,'https://www.tripadvisor.com//Restaurant_Review-g3181345-d13345098-Reviews-CASA_Italia-Nugegoda_Western_Province.html'),(871,1,'https://www.tripadvisor.com//Restaurant_Review-g293962-d7110649-Reviews-Tea_Avenue-Colombo_Western_Province.html'),(872,1,'https://www.tripadvisor.com//Restaurant_Review-g3343012-d14784817-Reviews-Cafe_RAW-Battaramulla_Western_Province.html'),(873,1,'https://www.tripadvisor.com//Restaurant_Review-g665217-d12290543-Reviews-The_Waffle_Cafe-Sri_Jayawardenepura_Western_Province.html'),(874,1,'https://www.tripadvisor.com//Restaurant_Review-g499079-d5262711-Reviews-Barracuda_Seafood_Grill-Dehiwala_Mount_Lavinia_Western_Province.html'),(875,1,'https://www.tripadvisor.com//Restaurant_Review-g293962-d13353033-Reviews-Chocoholics_Cafe-Colombo_Western_Province.html'),(876,1,'https://www.tripadvisor.com//Restaurant_Review-g293962-d13009792-Reviews-The_Cauldron-Colombo_Western_Province.html'),(877,1,'https://www.tripadvisor.com//Restaurant_Review-g293962-d4600527-Reviews-Gerard_Mendis_Chocolatier-Colombo_Western_Province.html'),(878,1,'https://www.tripadvisor.com//Restaurant_Review-g3723942-d7390414-Reviews-Perera_Sons_Bakery-Kotte_Western_Province.html'),(879,1,'https://www.tripadvisor.com//Restaurant_Review-g3181345-d3148048-Reviews-JADE_Restaurant-Nugegoda_Western_Province.html'),(880,1,'https://www.tripadvisor.com//Restaurant_Review-g665217-d11883899-Reviews-Burger_King-Sri_Jayawardenepura_Western_Province.html'),(881,1,'https://www.tripadvisor.com//Restaurant_Review-g1102395-d10791937-Reviews-Win_Taste_Restaurant-Tissamaharama_Southern_Province.html'),(882,1,'https://www.tripadvisor.com//Restaurant_Review-g1102395-d12249481-Reviews-Hotel_Sawsiri-Tissamaharama_Southern_Province.html'),(883,1,'https://www.tripadvisor.com//Restaurant_Review-g1102395-d23969955-Reviews-Saman_Resort_Restaurant-Tissamaharama_Southern_Province.html'),(884,1,'https://www.tripadvisor.com//Restaurant_Review-g1102395-d17339350-Reviews-Why_not_restaurant-Tissamaharama_Southern_Province.html'),(885,1,'https://www.tripadvisor.com//Restaurant_Review-g1102395-d14001956-Reviews-Hotel_Elephant_Eye_Restaurant-Tissamaharama_Southern_Province.html'),(886,1,'https://www.tripadvisor.com//Restaurant_Review-g1102395-d19048912-Reviews-Cormorant_Lake_Restaurant-Tissamaharama_Southern_Province.html'),(887,1,'https://www.tripadvisor.com//Restaurant_Review-g1102395-d5161319-Reviews-The_Safari_Restaurant-Tissamaharama_Southern_Province.html'),(888,1,'https://www.tripadvisor.com//Restaurant_Review-g1102395-d15837143-Reviews-The_Rice_by_Tissa_Inn-Tissamaharama_Southern_Province.html'),(889,1,'https://www.tripadvisor.com//Restaurant_Review-g1102395-d3346344-Reviews-Refresh-Tissamaharama_Southern_Province.html'),(890,1,'https://www.tripadvisor.com//Restaurant_Review-g1102395-d12083392-Reviews-Wila_Safari_Hotel_Restaurant-Tissamaharama_Southern_Province.html'),(891,1,'https://www.tripadvisor.com//Restaurant_Review-g1102395-d4540688-Reviews-Royal_Restaurant-Tissamaharama_Southern_Province.html'),(892,1,'https://www.tripadvisor.com//Restaurant_Review-g1102395-d14979820-Reviews-Wadiya_Restaurant-Tissamaharama_Southern_Province.html'),(893,1,'https://www.tripadvisor.com//Restaurant_Review-g1102395-d14062695-Reviews-Roty_Hut_Restaurant-Tissamaharama_Southern_Province.html'),(894,1,'https://www.tripadvisor.com//Restaurant_Review-g1102395-d7744814-Reviews-Meedum_Restaurant-Tissamaharama_Southern_Province.html'),(895,1,'https://www.tripadvisor.com//Restaurant_Review-g1102395-d17804111-Reviews-35_Acres_Restaurant-Tissamaharama_Southern_Province.html'),(896,1,'https://www.tripadvisor.com//Restaurant_Review-g1102395-d15065059-Reviews-Aeon_Restaurant-Tissamaharama_Southern_Province.html'),(897,1,'https://www.tripadvisor.com//Restaurant_Review-g1102395-d13479153-Reviews-The_Grizzly_Hut-Tissamaharama_Southern_Province.html'),(898,1,'https://www.tripadvisor.com//Restaurant_Review-g1102395-d12228359-Reviews-Shine_Park_Restaurant-Tissamaharama_Southern_Province.html'),(899,1,'https://www.tripadvisor.com//Restaurant_Review-g1102395-d14349114-Reviews-Wood_Fire_Kitchen_Restaurant-Tissamaharama_Southern_Province.html'),(900,1,'https://www.tripadvisor.com//Restaurant_Review-g424963-d12501000-Reviews-Restaurant_Tuna-Trincomalee_Eastern_Province.html'),(901,1,'https://www.tripadvisor.com//Restaurant_Review-g2424710-d16803174-Reviews-Village_Food_Restaurant-Nilaveli_Eastern_Province.html'),(902,1,'https://www.tripadvisor.com//Restaurant_Review-g2424710-d4611186-Reviews-Siva_Restaurant-Nilaveli_Eastern_Province.html'),(903,1,'https://www.tripadvisor.com//Restaurant_Review-g2424710-d17810757-Reviews-Nilaveli_yasa_sri_seafood_restaurant-Nilaveli_Eastern_Province.html'),(904,1,'https://www.tripadvisor.com//Restaurant_Review-g424963-d10367042-Reviews-NINA_Restaurant-Trincomalee_Eastern_Province.html'),(905,1,'https://www.tripadvisor.com//Restaurant_Review-g2424710-d14999182-Reviews-Sun_Seafood_Restaurant-Nilaveli_Eastern_Province.html'),(906,1,'https://www.tripadvisor.com//Restaurant_Review-g2424710-d14910331-Reviews-Antheia_Beach_Resort_and_Cabanas-Nilaveli_Eastern_Province.html'),(907,1,'https://www.tripadvisor.com//Restaurant_Review-g424963-d15038145-Reviews-Sea_Food_Paradise_Restarant-Trincomalee_Eastern_Province.html'),(908,1,'https://www.tripadvisor.com//Restaurant_Review-g2424710-d13332671-Reviews-Shan_Guest_And_Restaurant-Nilaveli_Eastern_Province.html'),(909,1,'https://www.tripadvisor.com//Restaurant_Review-g424963-d7990376-Reviews-Nilaveli_Home_Food_Center-Trincomalee_Eastern_Province.html'),(910,1,'https://www.tripadvisor.com//Restaurant_Review-g424963-d16753943-Reviews-SpicyWay_Restaurant-Trincomalee_Eastern_Province.html'),(911,1,'https://www.tripadvisor.com//Restaurant_Review-g424963-d14063653-Reviews-Summer_Sea_Food_Restaurant-Trincomalee_Eastern_Province.html'),(912,1,'https://www.tripadvisor.com//Restaurant_Review-g424963-d13005475-Reviews-Eastern_Lanka_Restaurant-Trincomalee_Eastern_Province.html'),(913,1,'https://www.tripadvisor.com//Restaurant_Review-g424963-d13889268-Reviews-Red_Lobster-Trincomalee_Eastern_Province.html'),(914,1,'https://www.tripadvisor.com//Restaurant_Review-g424963-d8420306-Reviews-Nero_Kitchen-Trincomalee_Eastern_Province.html'),(915,1,'https://www.tripadvisor.com//Restaurant_Review-g2424710-d10779912-Reviews-Nilaveli_Pink_House-Nilaveli_Eastern_Province.html'),(916,1,'https://www.tripadvisor.com//Restaurant_Review-g424963-d14062235-Reviews-Trinco_Beach_Restaurant-Trincomalee_Eastern_Province.html'),(917,1,'https://www.tripadvisor.com//Restaurant_Review-g2424710-d17812232-Reviews-The_Pigeon_House_Hostel_And_Restaurant-Nilaveli_Eastern_Province.html'),(918,1,'https://www.tripadvisor.com//Restaurant_Review-g424963-d10326568-Reviews-Nilaweli_Beach_Bar_And_Restaurant-Trincomalee_Eastern_Province.html'),(919,1,'https://www.tripadvisor.com//Restaurant_Review-g2424710-d23942104-Reviews-Sinhala_Gedara_Nilaveli_Restaurant-Nilaveli_Eastern_Province.html'),(920,1,'https://www.tripadvisor.com//Restaurant_Review-g2424710-d12441994-Reviews-Nilaveli_seafood-Nilaveli_Eastern_Province.html'),(921,1,'https://www.tripadvisor.com//Restaurant_Review-g424963-d16753950-Reviews-SpicyWay2_Restaurant-Trincomalee_Eastern_Province.html'),(922,1,'https://www.tripadvisor.com//Restaurant_Review-g2424710-d10701524-Reviews-Lagoon_View_Rest-Nilaveli_Eastern_Province.html'),(923,1,'https://www.tripadvisor.com//Restaurant_Review-g424963-d11644556-Reviews-Joy_Sea_Food_Restaurant-Trincomalee_Eastern_Province.html'),(924,1,'https://www.tripadvisor.com//Restaurant_Review-g424963-d10717468-Reviews-Preni_Restaurant-Trincomalee_Eastern_Province.html'),(925,1,'https://www.tripadvisor.com//Restaurant_Review-g424963-d8605940-Reviews-Gaga_Hostel_Seafood_Restaurant-Trincomalee_Eastern_Province.html'),(926,1,'https://www.tripadvisor.com//Restaurant_Review-g424963-d10558859-Reviews-King_Fish_Seafood-Trincomalee_Eastern_Province.html'),(927,1,'https://www.tripadvisor.com//Restaurant_Review-g424963-d8852978-Reviews-Crab_Sea_Food_Restaurant-Trincomalee_Eastern_Province.html'),(928,1,'https://www.tripadvisor.com//Restaurant_Review-g424963-d6678606-Reviews-Nature_Inn_Guest_House_and_Restaurant-Trincomalee_Eastern_Province.html'),(929,1,'https://www.tripadvisor.com//Restaurant_Review-g12897635-d14165408-Reviews-Your_Choice_No_1_Restaurant-Uppuveli_Eastern_Province.html'),(930,4,'https://www.tripadvisor.com//VacationRentalReview-g12549255-d24807213-Seabreeze_Apartments_by_Taprobane-Ettukala_Negombo_Western_Province.html'),(931,4,'https://www.tripadvisor.com//VacationRentalReview-g2269230-d9559555-Jude_s_Home-Kochchikade_Negombo_Western_Province.html'),(932,4,'https://www.tripadvisor.com//VacationRentalReview-g297897-d11600948-Hotel_Dorset-Negombo_Western_Province.html'),(933,4,'https://www.tripadvisor.com//VacationRentalReview-g297897-d11720645-Infinity_beach_heaven-Negombo_Western_Province.html'),(934,4,'https://www.tripadvisor.com//VacationRentalReview-g1500185-d11956058-Mango_The_Transit_Home-Katunayake_Negombo_Western_Province.html'),(935,4,'https://www.tripadvisor.com//VacationRentalReview-g1500185-d15628338-ELZANGI_BUDGET-Katunayake_Negombo_Western_Province.html'),(936,4,'https://www.tripadvisor.com//VacationRentalReview-g1500185-d17154384-Boutique_health_focused_hotel_on_the_beach_in_Sri_Lanka_just_north_of_Colombo-Katuna.html'),(937,4,'https://www.tripadvisor.com//VacationRentalReview-g2269230-d19652559-Gold_EP_Guest_House-Kochchikade_Negombo_Western_Province.html'),(938,4,'https://www.tripadvisor.com//VacationRentalReview-g297897-d19976954-Negombo_Villa_near_Beach_Airport_Sleeps_10-Negombo_Western_Province.html'),(939,4,'https://www.tripadvisor.com//VacationRentalReview-g297897-d6588054-House_negombo_citi_tourist_place-Negombo_Western_Province.html'),(940,4,'https://www.tripadvisor.com//VacationRentalReview-g297897-d11727753-Suwanila_villa_Ayurveda-Negombo_Western_Province.html'),(941,4,'https://www.tripadvisor.com//VacationRentalReview-g297897-d12273895-Family_Appartment-Negombo_Western_Province.html'),(942,4,'https://www.tripadvisor.com//VacationRentalReview-g297897-d14965050-AMA_VILLA_NEGOMBO-Negombo_Western_Province.html'),(943,4,'https://www.tripadvisor.com//VacationRentalReview-g1500185-d15268620-The_Blue_Pearl_Family_Cottage-Katunayake_Negombo_Western_Province.html'),(944,4,'https://www.tripadvisor.com//VacationRentalReview-g12549255-d17569577-Bethani_Villa-Ettukala_Negombo_Western_Province.html'),(945,4,'https://www.tripadvisor.com//VacationRentalReview-g297897-d4234886-2_BR_house_Near_Colombo_airport_negombo_beach-Negombo_Western_Province.html'),(946,4,'https://www.tripadvisor.com//VacationRentalReview-g1500185-d9560004-Ancient_Lanka_Tours_Hotels-Katunayake_Negombo_Western_Province.html'),(947,4,'https://www.tripadvisor.com//VacationRentalReview-g297897-d9607755-Peace_Villa_guest_house_restaurant-Negombo_Western_Province.html'),(948,4,'https://www.tripadvisor.com//VacationRentalReview-g297897-d10676117-Darshani_Nego_Villa-Negombo_Western_Province.html'),(949,4,'https://www.tripadvisor.com//VacationRentalReview-g297897-d10689590-Aqua_Marine_room_Samyama-Negombo_Western_Province.html'),(950,4,'https://www.tripadvisor.com//VacationRentalReview-g2269230-d12989914-Waterland_Suite-Kochchikade_Negombo_Western_Province.html'),(951,4,'https://www.tripadvisor.com//VacationRentalReview-g297897-d14927802-BOOTS_Travelers_Lodge_Negombo-Negombo_Western_Province.html'),(952,4,'https://www.tripadvisor.com//VacationRentalReview-g297897-d14969076-AMA_VILLA_NEGOMBO_TWO_ROOMS-Negombo_Western_Province.html'),(953,4,'https://www.tripadvisor.com//VacationRentalReview-g1500185-d15440074-Signature_by_Thilanka-Katunayake_Negombo_Western_Province.html'),(954,4,'https://www.tripadvisor.com//VacationRentalReview-g12549255-d16874900-The_Max_Villa-Ettukala_Negombo_Western_Province.html'),(955,4,'https://www.tripadvisor.com//VacationRentalReview-g297897-d7271478-Victory_Crest-Negombo_Western_Province.html'),(956,4,'https://www.tripadvisor.com//VacationRentalReview-g297897-d7819090-Standard_Apartment-Negombo_Western_Province.html'),(957,4,'https://www.tripadvisor.com//VacationRentalReview-g297897-d8786892-Mangrove_Lagoon_View-Negombo_Western_Province.html'),(958,4,'https://www.tripadvisor.com//VacationRentalReview-g297897-d9554270-Kumari_s_Home-Negombo_Western_Province.html'),(959,4,'https://www.tripadvisor.com//VacationRentalReview-g2269230-d10058204-Tropical_Villas-Kochchikade_Negombo_Western_Province.html'),(960,4,'https://www.tripadvisor.com//VacationRentalReview-g297897-d11746833-Porutota_Garden_Resort-Negombo_Western_Province.html'),(961,4,'https://www.tripadvisor.com//VacationRentalReview-g297897-d12204470-Oz_Lankan_Paradise-Negombo_Western_Province.html'),(962,4,'https://www.tripadvisor.com//VacationRentalReview-g297897-d12625961-Deluxe_Family_Room-Negombo_Western_Province.html'),(963,4,'https://www.tripadvisor.com//VacationRentalReview-g297897-d14959916-AMA_VILLLA_NEGOMBO-Negombo_Western_Province.html'),(964,4,'https://www.tripadvisor.com//VacationRentalReview-g297897-d15027371-Passion_Lanka_apartment-Negombo_Western_Province.html'),(965,4,'https://www.tripadvisor.com//VacationRentalReview-g1500185-d15042250-NO_53-Katunayake_Negombo_Western_Province.html'),(966,4,'https://www.tripadvisor.com//VacationRentalReview-g297897-d15288119-Apartment_rooms_and_hostel-Negombo_Western_Province.html'),(967,4,'https://www.tripadvisor.com//VacationRentalReview-g1500185-d15602019-ELZANGI_TRIPLE_ROOM_APARTMENT-Katunayake_Negombo_Western_Province.html'),(968,4,'https://www.tripadvisor.com//VacationRentalReview-g297897-d15630140-AUSC_Riverside_Homes-Negombo_Western_Province.html'),(969,4,'https://www.tripadvisor.com//VacationRentalReview-g2269230-d16750910-Double_Room_with_Private_Bathroom_and_Hot_Water-Kochchikade_Negombo_Western_Province.html'),(970,4,'https://www.tripadvisor.com//VacationRentalReview-g1500185-d17369910-Wellbeing_Airport_Transit-Katunayake_Negombo_Western_Province.html'),(971,4,'https://www.tripadvisor.com//VacationRentalReview-g297897-d17712794-Spacious_house_500_m_away_from_the_beach_for_6_ppl_at_Independence-Negombo_Western_Pr.html'),(972,4,'https://www.tripadvisor.com//VacationRentalReview-g297897-d19652038-Good_Luck_Resort-Negombo_Western_Province.html'),(973,4,'https://www.tripadvisor.com//VacationRentalReview-g12549255-d19882466-Harry_Inn-Ettukala_Negombo_Western_Province.html'),(974,4,'https://www.tripadvisor.com//VacationRentalReview-g297897-d3873985-Furnished_one_bedroom_chalet_near_colombo_airport_and_negombo_beach-Negombo_Western_Pr.html'),(975,4,'https://www.tripadvisor.com//VacationRentalReview-g297897-d7005275-One_Bedroom_Studio-Negombo_Western_Province.html'),(976,4,'https://www.tripadvisor.com//VacationRentalReview-g297897-d7654779-Mallikas_Place_by_Negombo_Beach-Negombo_Western_Province.html'),(977,4,'https://www.tripadvisor.com//VacationRentalReview-g2269230-d8728128-WaJa_bed_en_breakfast-Kochchikade_Negombo_Western_Province.html'),(978,4,'https://www.tripadvisor.com//VacationRentalReview-g297897-d10689596-Pink_quartz_room_Samyama-Negombo_Western_Province.html'),(979,4,'https://www.tripadvisor.com//VacationRentalReview-g297897-d10699685-Negombo_BnB_Twin_Deluxe_Walk_to_Beach_Non_AC_Ceiling_Fan_Free_Wifi-Negombo_Western_Pr.html'),(980,4,'https://www.tripadvisor.com//VacationRentalReview-g297897-d10845329-Annvita_Home_Stay_SRI_LANKA-Negombo_Western_Province.html'),(981,4,'https://www.tripadvisor.com//VacationRentalReview-g297897-d11844410-Nihi_s_residence-Negombo_Western_Province.html'),(982,4,'https://www.tripadvisor.com//VacationRentalReview-g297897-d12036073-Green_and_gold_room_samyama-Negombo_Western_Province.html'),(983,4,'https://www.tripadvisor.com//VacationRentalReview-g297897-d12036101-Pink_and_Grey_Marble_room-Negombo_Western_Province.html'),(984,4,'https://www.tripadvisor.com//VacationRentalReview-g297897-d12051012-Apricot_Room-Negombo_Western_Province.html'),(985,4,'https://www.tripadvisor.com//VacationRentalReview-g297897-d12065314-Blue_Green_room_Samyama-Negombo_Western_Province.html'),(986,4,'https://www.tripadvisor.com//VacationRentalReview-g297897-d12067195-Sb_inn-Negombo_Western_Province.html'),(987,4,'https://www.tripadvisor.com//VacationRentalReview-g297897-d12067201-Sbholiday_inn-Negombo_Western_Province.html'),(988,4,'https://www.tripadvisor.com//VacationRentalReview-g297897-d12185768-White_Palace_B_B-Negombo_Western_Province.html'),(989,4,'https://www.tripadvisor.com//VacationRentalReview-g297897-d12197534-Westfield_Apartment_Room_2-Negombo_Western_Province.html'),(990,4,'https://www.tripadvisor.com//VacationRentalReview-g297897-d12197538-Westfield_Apartment-Negombo_Western_Province.html'),(991,4,'https://www.tripadvisor.com//VacationRentalReview-g297897-d12197540-Westfield_Apartment_Room_1-Negombo_Western_Province.html'),(992,4,'https://www.tripadvisor.com//VacationRentalReview-g297897-d12205358-Rooms_to_rent-Negombo_Western_Province.html'),(993,4,'https://www.tripadvisor.com//VacationRentalReview-g297897-d12258519-Iwura_Lagoon_Guesthouse-Negombo_Western_Province.html'),(994,4,'https://www.tripadvisor.com//VacationRentalReview-g297897-d12510056-Double_Room_with_Balcony_Lilly_Palace_Villa_Guest_House-Negombo_Western_Province.html'),(995,4,'https://www.tripadvisor.com//VacationRentalReview-g297897-d12825529-The_Breeze_Lodge-Negombo_Western_Province.html'),(996,4,'https://www.tripadvisor.com//VacationRentalReview-g297897-d12889002-Pick_Go_White_House-Negombo_Western_Province.html'),(997,4,'https://www.tripadvisor.com//VacationRentalReview-g297897-d13144806-Chris_Rolina_Villa-Negombo_Western_Province.html'),(998,4,'https://www.tripadvisor.com//VacationRentalReview-g297897-d13160386-Negombo_Homestay-Negombo_Western_Province.html'),(999,4,'https://www.tripadvisor.com//VacationRentalReview-g297897-d13219257-Air_port_Transit_Sera_villa_102-Negombo_Western_Province.html'),(1000,4,'https://www.tripadvisor.com//VacationRentalReview-g297897-d13286098-Queen_Fan_Double_Room_with_shared_bathroom-Negombo_Western_Province.html'),(1001,4,'https://www.tripadvisor.com//VacationRentalReview-g297897-d13286099-Grand_Traverse_Fan_Double_or_Triple_Room_with_shared_Bathroom-Negombo_Western_Provinc.html'),(1002,4,'https://www.tripadvisor.com//VacationRentalReview-g297897-d13302525-Samanala_Guesthouse-Negombo_Western_Province.html'),(1003,4,'https://www.tripadvisor.com//VacationRentalReview-g1500185-d13383011-GEEN_OLIVE_HOTEL-Katunayake_Negombo_Western_Province.html'),(1004,4,'https://www.tripadvisor.com//VacationRentalReview-g297897-d13403187-Samanala_Guest_House-Negombo_Western_Province.html'),(1005,4,'https://www.tripadvisor.com//VacationRentalReview-g2269230-d13966259-Villa-Kochchikade_Negombo_Western_Province.html'),(1006,4,'https://www.tripadvisor.com//VacationRentalReview-g297897-d14053483-Optimum_Residencies-Negombo_Western_Province.html'),(1007,4,'https://www.tripadvisor.com//VacationRentalReview-g297897-d14054920-Saumya_villa_just_like_home-Negombo_Western_Province.html'),(1008,4,'https://www.tripadvisor.com//VacationRentalReview-g2269230-d14157999-Ceylon_Pearlwing_Resort-Kochchikade_Negombo_Western_Province.html'),(1009,4,'https://www.tripadvisor.com//VacationRentalReview-g297897-d14793249-Chrish_Residence_Negombo-Negombo_Western_Province.html'),(1010,4,'https://www.tripadvisor.com//VacationRentalReview-g2269230-d15007081-Room_with_Bath_tub-Kochchikade_Negombo_Western_Province.html'),(1011,4,'https://www.tripadvisor.com//VacationRentalReview-g2269230-d15011312-Normal_Room-Kochchikade_Negombo_Western_Province.html'),(1012,4,'https://www.tripadvisor.com//VacationRentalReview-g2269230-d15018908-Family_Down_Apartment-Kochchikade_Negombo_Western_Province.html'),(1013,4,'https://www.tripadvisor.com//VacationRentalReview-g2269230-d15022591-Family_Middle_Apartment-Kochchikade_Negombo_Western_Province.html'),(1014,4,'https://www.tripadvisor.com//VacationRentalReview-g297897-d15329732-ROXY_Beach_2_Bedroom_Villa-Negombo_Western_Province.html'),(1015,4,'https://www.tripadvisor.com//VacationRentalReview-g297897-d15331830-Roxy_Beach_1_Deluxe_Bedroom_Deluxe_Double_Bedroom-Negombo_Western_Province.html'),(1016,4,'https://www.tripadvisor.com//VacationRentalReview-g12549255-d15839038-Urban_Villa_Negombo-Ettukala_Negombo_Western_Province.html'),(1017,4,'https://www.tripadvisor.com//VacationRentalReview-g2269230-d16750899-Double_Room_with_Private_Bathroom_with_Hot_Water-Kochchikade_Negombo_Western_Provinc.html'),(1018,4,'https://www.tripadvisor.com//VacationRentalReview-g2269230-d16750900-Sinha_Sevana_Homestay-Kochchikade_Negombo_Western_Province.html'),(1019,4,'https://www.tripadvisor.com//VacationRentalReview-g2269230-d16750909-Double_Room_with_Private_Bathroom-Kochchikade_Negombo_Western_Province.html'),(1020,4,'https://www.tripadvisor.com//VacationRentalReview-g2269230-d16750913-Double_Room_with_Private_Bathroom_and_Hot_Water-Kochchikade_Negombo_Western_Province.html'),(1021,4,'https://www.tripadvisor.com//VacationRentalReview-g297897-d16806042-Ramona_s_Villa-Negombo_Western_Province.html'),(1022,4,'https://www.tripadvisor.com//VacationRentalReview-g12549255-d16843859-Suwani_Villa-Ettukala_Negombo_Western_Province.html'),(1023,4,'https://www.tripadvisor.com//VacationRentalReview-g1500185-d17640462-Colombo_Airport_Villa_at_Negombo-Katunayake_Negombo_Western_Province.html'),(1024,4,'https://www.tripadvisor.com//VacationRentalReview-g1500185-d17752600-Family_Room-Katunayake_Negombo_Western_Province.html'),(1025,4,'https://www.tripadvisor.com//VacationRentalReview-g12549255-d17752618-Deluxe_Room_Anthurium-Ettukala_Negombo_Western_Province.html'),(1026,4,'https://www.tripadvisor.com//VacationRentalReview-g12549255-d17752620-Deluxe_Room_Orkid-Ettukala_Negombo_Western_Province.html'),(1027,4,'https://www.tripadvisor.com//VacationRentalReview-g12549255-d17752625-Double_Room_Araliya-Ettukala_Negombo_Western_Province.html'),(1028,4,'https://www.tripadvisor.com//VacationRentalReview-g1500185-d18818817-Air_Port_Transit_sera_villa_103-Katunayake_Negombo_Western_Province.html'),(1029,4,'https://www.tripadvisor.com//VacationRentalReview-g2269230-d19080830-NilaRu_Villa-Kochchikade_Negombo_Western_Province.html'),(1030,4,'https://www.tripadvisor.com//VacationRentalReview-g12549255-d19116746-First_floor_vacation_house_negombo-Ettukala_Negombo_Western_Province.html'),(1031,4,'https://www.tripadvisor.com//VacationRentalReview-g12549255-d24808758-Number_01_by_Taprobane-Ettukala_Negombo_Western_Province.html'),(1032,4,'https://www.tripadvisor.com//VacationRentalReview-g297897-d13564568-Fishermen_lagoon_villa-Negombo_Western_Province.html'),(1033,4,'https://www.tripadvisor.com//VacationRentalReview-g297897-d13286515-Negombo_Western_Province.html'),(1034,4,'https://www.tripadvisor.com//VacationRentalReview-g1500185-d18818820-Air_Port_Transit_Sera_villa_101-Katunayake_Negombo_Western_Province.html'),(1035,4,'https://www.tripadvisor.com//VacationRentalReview-g293962-d11596494-Luxe320-Colombo_Western_Province.html'),(1036,4,'https://www.tripadvisor.com//VacationRentalReview-g293962-d12168969-Per_day_55-Colombo_Western_Province.html'),(1037,4,'https://www.tripadvisor.com//VacationRentalReview-g293962-d12696084-Luxury_Life_in_welca_Home-Colombo_Western_Province.html'),(1038,4,'https://www.tripadvisor.com//VacationRentalReview-g293962-d7618372-Natures_Bliss_Holidays_Near_medical_faculty_Ragama-Colombo_Western_Province.html'),(1039,4,'https://www.tripadvisor.com//VacationRentalReview-g293962-d7074150-4_Bedroom_Super_Luxury_Apartment_With_Stunning_Vi-Colombo_Western_Province.html'),(1040,4,'https://www.tripadvisor.com//VacationRentalReview-g293962-d10823999-Luxury_Apartment_in_the_Heart_of_Colombo-Colombo_Western_Province.html'),(1041,4,'https://www.tripadvisor.com//VacationRentalReview-g293962-d13942371-Private_House_with_public_car_parking-Colombo_Western_Province.html'),(1042,4,'https://www.tripadvisor.com//VacationRentalReview-g293962-d4746860-Holiday_Home_short_term_accommodation_Colombo-Colombo_Western_Province.html'),(1043,4,'https://www.tripadvisor.com//VacationRentalReview-g293962-d8327170-Luxury_Apartment_on_The_Emperor_in_Colombo-Colombo_Western_Province.html'),(1044,4,'https://www.tripadvisor.com//VacationRentalReview-g293962-d17781162-Yamu_Lanka_Inn-Colombo_Western_Province.html'),(1045,4,'https://www.tripadvisor.com//VacationRentalReview-g293962-d9747077-Unique_Studio_Room_2_in_an_apartment_in_Colombo_5-Colombo_Western_Province.html'),(1046,4,'https://www.tripadvisor.com//VacationRentalReview-g293962-d9789838-Luxury_two_bedroom_apartment-Colombo_Western_Province.html'),(1047,4,'https://www.tripadvisor.com//VacationRentalReview-g293962-d9884430-Ocean_Edge_Suites_Hotel_Colombo_Sri_Lanka-Colombo_Western_Province.html'),(1048,4,'https://www.tripadvisor.com//VacationRentalReview-g293962-d12509925-On320_Apartment-Colombo_Western_Province.html'),(1049,4,'https://www.tripadvisor.com//VacationRentalReview-g293962-d15124076-BackPacker_Villas-Colombo_Western_Province.html'),(1050,4,'https://www.tripadvisor.com//VacationRentalReview-g293962-d18917408-Apartment_Colombo_Piliyandala-Colombo_Western_Province.html'),(1051,4,'https://www.tripadvisor.com//VacationRentalReview-g293962-d8702062-Dwara_Tourism_Home_Stay_2Rooms_en_suit_baths-Colombo_Western_Province.html'),(1052,4,'https://www.tripadvisor.com//VacationRentalReview-g293962-d10596188-Villa_with_3_private_floors_with_private_bathrooms-Colombo_Western_Province.html'),(1053,4,'https://www.tripadvisor.com//VacationRentalReview-g293962-d7041064-FULLY_FURNISHED_1_AC_BEDROOM_APARTMENT_IN_DEHIWALA-Colombo_Western_Province.html'),(1054,4,'https://www.tripadvisor.com//VacationRentalReview-g293962-d8787379-Spacious_3_bedroom_apartment_in_Central_Colombo-Colombo_Western_Province.html'),(1055,4,'https://www.tripadvisor.com//VacationRentalReview-g293962-d15271781-Yuli_Nandas_Villa_Kottawa-Colombo_Western_Province.html'),(1056,4,'https://www.tripadvisor.com//VacationRentalReview-g293962-d8769678-EXPLORE_COLOMBO_CITY_Accomodation_for_14_Guests-Colombo_Western_Province.html'),(1057,4,'https://www.tripadvisor.com//VacationRentalReview-g293962-d7820767-Spacious_2BR_Central_Colombo_26_3_Gower_Street-Colombo_Western_Province.html'),(1058,4,'https://www.tripadvisor.com//VacationRentalReview-g293962-d11678341-10th_Floor_Apartment_with_Colombo_City_View-Colombo_Western_Province.html'),(1059,4,'https://www.tripadvisor.com//VacationRentalReview-g293962-d14167794-Hedges_Court_2BR_Apartment_in_Central_Colombo_Apartment_10_2-Colombo_Western_Province.html'),(1060,4,'https://www.tripadvisor.com//VacationRentalReview-g293962-d19092731-3_3_Park_Avenue_Colombo_08-Colombo_Western_Province.html'),(1061,4,'https://www.tripadvisor.com//VacationRentalReview-g293962-d7041066-FULLY_FURNISHED_2_AC_BEDROOM_APARTMENT_IN_DEHIWALA-Colombo_Western_Province.html'),(1062,4,'https://www.tripadvisor.com//VacationRentalReview-g293962-d8773838-Charles_Holiday_Bungalow_Moratuwa-Colombo_Western_Province.html'),(1063,4,'https://www.tripadvisor.com//VacationRentalReview-g293962-d8835911-Spacious_5BR_Apartment_in_Colombo_5-Colombo_Western_Province.html'),(1064,4,'https://www.tripadvisor.com//VacationRentalReview-g293962-d9977982-Citrus_Garden_for_short_long_term_stay-Colombo_Western_Province.html'),(1065,4,'https://www.tripadvisor.com//VacationRentalReview-g293962-d12196818-1_Bed_Ground_Floor_Flat_Colombo_5-Colombo_Western_Province.html'),(1066,4,'https://www.tripadvisor.com//VacationRentalReview-g293962-d12888105-Luxury_House_at_Colombo_3-Colombo_Western_Province.html'),(1067,4,'https://www.tripadvisor.com//VacationRentalReview-g293962-d15194925-Trillium_Hotels_Colombo-Colombo_Western_Province.html'),(1068,4,'https://www.tripadvisor.com//VacationRentalReview-g293962-d21243369-Pulls_Buts_Home_stay-Colombo_Western_Province.html'),(1069,4,'https://www.tripadvisor.com//VacationRentalReview-g293962-d23912628-Vathila_Freedom_Nest_Rent_Rooms-Colombo_Western_Province.html'),(1070,4,'https://www.tripadvisor.com//VacationRentalReview-g293962-d4151167-Bed_and_Breakfast_Short_term_accommodation-Colombo_Western_Province.html'),(1071,4,'https://www.tripadvisor.com//VacationRentalReview-g293962-d7029329-3_Bedroom_Apartment-Colombo_Western_Province.html'),(1072,4,'https://www.tripadvisor.com//VacationRentalReview-g293962-d7789078-Three_bedroom_Ocean_view_apartment_in_Colombo_3-Colombo_Western_Province.html'),(1073,4,'https://www.tripadvisor.com//VacationRentalReview-g293962-d8612151-Brand_new_modern_apartment_swim-Colombo_Western_Province.html'),(1074,4,'https://www.tripadvisor.com//VacationRentalReview-g293962-d9727746-Natures_bliss_holidays-Colombo_Western_Province.html'),(1075,4,'https://www.tripadvisor.com//VacationRentalReview-g293962-d13902800-Serene_Service_apartment_Sri_Lanka-Colombo_Western_Province.html'),(1076,4,'https://www.tripadvisor.com//VacationRentalReview-g293962-d14153256-Standard_AC_Rooms-Colombo_Western_Province.html'),(1077,4,'https://www.tripadvisor.com//VacationRentalReview-g293962-d16669732-The_Clover-Colombo_Western_Province.html'),(1078,4,'https://www.tripadvisor.com//VacationRentalReview-g293962-d19070677-Villa_Key_2_Ceylon_a_cozy_home_away_from_home_in_the_heart_of_Colombo-Colombo_Western.html'),(1079,4,'https://www.tripadvisor.com//VacationRentalReview-g293962-d19256461-Cozy_Colombo-Colombo_Western_Province.html'),(1080,4,'https://www.tripadvisor.com//VacationRentalReview-g293962-d6996416-6_Separate_Fully_Furnished_Apartments_in_Dehiwala-Colombo_Western_Province.html'),(1081,4,'https://www.tripadvisor.com//VacationRentalReview-g293962-d7253013-CITY_SQUARE_SERVICED_APARTMENTS-Colombo_Western_Province.html'),(1082,4,'https://www.tripadvisor.com//VacationRentalReview-g293962-d8529693-Araliya_Residence-Colombo_Western_Province.html'),(1083,4,'https://www.tripadvisor.com//VacationRentalReview-g293962-d9702748-Elegant_2_bedroom_apartment-Colombo_Western_Province.html'),(1084,4,'https://www.tripadvisor.com//VacationRentalReview-g293962-d9727748-Natures_bliss_holidays-Colombo_Western_Province.html'),(1085,4,'https://www.tripadvisor.com//VacationRentalReview-g293962-d10279146-Studio_Ascot-Colombo_Western_Province.html'),(1086,4,'https://www.tripadvisor.com//VacationRentalReview-g293962-d10331554-Stunning_Colombo_Condo-Colombo_Western_Province.html'),(1087,4,'https://www.tripadvisor.com//VacationRentalReview-g293962-d10888023-Sea_view_apartment_for_rent_opposite_Cinnamondgrand_Hotel-Colombo_Western_Province.html'),(1088,4,'https://www.tripadvisor.com//VacationRentalReview-g293962-d12252462-Capsule_Hotel-Colombo_Western_Province.html'),(1089,4,'https://www.tripadvisor.com//VacationRentalReview-g293962-d12493233-3_BR_Fully_Furnished_Apt_in_Colombo_8_near_Odel-Colombo_Western_Province.html'),(1090,4,'https://www.tripadvisor.com//VacationRentalReview-g293962-d12547507-Unique_Towers_Luxury_Boutique_Suites_Four_Bedroom_Penthouse_Suite-Colombo_Western_Pro.html'),(1091,4,'https://www.tripadvisor.com//VacationRentalReview-g293962-d12853961-Colombo_Sea_View_Crescat_Apartments-Colombo_Western_Province.html'),(1092,4,'https://www.tripadvisor.com//VacationRentalReview-g293962-d15110812-Ground_floor_Studio_home_with_Attic_in_the_heart_of_Colombo-Colombo_Western_Province.html'),(1093,4,'https://www.tripadvisor.com//VacationRentalReview-g293962-d8779632-Lovely_2_Bedroom_Apartment_in_the_Heart_of_Colombo-Colombo_Western_Province.html'),(1094,4,'https://www.tripadvisor.com//VacationRentalReview-g293962-d9747088-Modern_2BR_Apt_2_1_Hedges_Court_Central_Colombo-Colombo_Western_Province.html'),(1095,4,'https://www.tripadvisor.com//VacationRentalReview-g293962-d12219290-BRAND_NEW_FULLY_FURNISHED_SEA_VIEW_LUXURY_APARTMENT-Colombo_Western_Province.html'),(1096,4,'https://www.tripadvisor.com//VacationRentalReview-g293962-d12944894-National_Tourist_Guide_Lecturer-Colombo_Western_Province.html'),(1097,4,'https://www.tripadvisor.com//VacationRentalReview-g293962-d14133011-Fully_furnished_two_bedrooms_with_ac_inernet_car_park_24_hours_security-Colombo_Weste.html'),(1098,4,'https://www.tripadvisor.com//VacationRentalReview-g293962-d14156104-Hedges_Court_2BR_Apartment_in_Central_Colombo_Apartment_2_1-Colombo_Western_Province.html'),(1099,4,'https://www.tripadvisor.com//VacationRentalReview-g293962-d14815835-Azeez_House-Colombo_Western_Province.html'),(1100,4,'https://www.tripadvisor.com//VacationRentalReview-g293962-d15034049-6_Bunk_Bedroom_Dorm_in_Colombo-Colombo_Western_Province.html'),(1101,4,'https://www.tripadvisor.com//VacationRentalReview-g293962-d15105024-City_Square_Serviced_Apartments-Colombo_Western_Province.html'),(1102,4,'https://www.tripadvisor.com//VacationRentalReview-g293962-d15588231-Bus_Tour_Booking_lk-Colombo_Western_Province.html'),(1103,4,'https://www.tripadvisor.com//VacationRentalReview-g293962-d19003688-Luxury_house_in_Colombo_Sri_Lanka-Colombo_Western_Province.html'),(1104,4,'https://www.tripadvisor.com//VacationRentalReview-g293962-d5974304-Colombo_City_3BR_Apt_near_Odel-Colombo_Western_Province.html'),(1105,4,'https://www.tripadvisor.com//VacationRentalReview-g293962-d6740357-Barneys_Traveler_lodge-Colombo_Western_Province.html'),(1106,4,'https://www.tripadvisor.com//VacationRentalReview-g293962-d6937843-Home_as_Home_Garden-Colombo_Western_Province.html'),(1107,4,'https://www.tripadvisor.com//VacationRentalReview-g293962-d7058513-HOME_as_HOME-Colombo_Western_Province.html'),(1108,4,'https://www.tripadvisor.com//VacationRentalReview-g293962-d7113955-Fully_Furnished_1_AC_Bedroom_Aptartment-Colombo_Western_Province.html'),(1109,4,'https://www.tripadvisor.com//VacationRentalReview-g293962-d7393811-Frangipani_4_bed_apartment_with_stunning_views-Colombo_Western_Province.html'),(1110,4,'https://www.tripadvisor.com//VacationRentalReview-g293962-d7727520-Ocean_Studios_Apartments-Colombo_Western_Province.html'),(1111,4,'https://www.tripadvisor.com//VacationRentalReview-g293962-d8533096-Monarch_Residencies-Colombo_Western_Province.html'),(1112,4,'https://www.tripadvisor.com//VacationRentalReview-g293962-d8607314-FULLY_FURNISHED_1_AC_BEDROOM_APARTMENT_IN_DEHIWALA-Colombo_Western_Province.html'),(1113,4,'https://www.tripadvisor.com//VacationRentalReview-g293962-d8607320-FULLY_FURNISHED_1_AC_BEDROOM_APARTMENT_IN_DEHIWALA-Colombo_Western_Province.html'),(1114,4,'https://www.tripadvisor.com//VacationRentalReview-g293962-d8835905-Spacious_Room_for_4_in_Colombo_5-Colombo_Western_Province.html'),(1115,4,'https://www.tripadvisor.com//VacationRentalReview-g293962-d8835912-Unique_Studio_Room_3_in_an_apartment_in_Colombo_5-Colombo_Western_Province.html'),(1116,4,'https://www.tripadvisor.com//VacationRentalReview-g293962-d8835914-En_suite_Double_Room_in_Colombo_5-Colombo_Western_Province.html'),(1117,4,'https://www.tripadvisor.com//VacationRentalReview-g293962-d9773806-JamTree_519-Colombo_Western_Province.html'),(1118,4,'https://www.tripadvisor.com//VacationRentalReview-g293962-d10302375-Serviced_Apartments_For_Short_Rent-Colombo_Western_Province.html'),(1119,4,'https://www.tripadvisor.com//VacationRentalReview-g293962-d10503839-Upstair_Apartment-Colombo_Western_Province.html'),(1120,4,'https://www.tripadvisor.com//VacationRentalReview-g293962-d10611172-On320_Residencies_Colombo_2_Short_Long_term_rental_Union_Place_Sri_Lanka-Colombo_West.html'),(1121,4,'https://www.tripadvisor.com//VacationRentalReview-g293962-d11795747-Vacation_Lanka_Tours-Colombo_Western_Province.html'),(1122,4,'https://www.tripadvisor.com//VacationRentalReview-g293962-d12392664-The_Austin_Residence_Colombo_is_the_epitome_of_quality_living_Room_2-Colombo_Western_.html'),(1123,4,'https://www.tripadvisor.com//VacationRentalReview-g293962-d12392665-The_Austin_Residence_Colombo_is_the_epitome_of_quality_living_Room_3-Colombo_Western_.html'),(1124,4,'https://www.tripadvisor.com//VacationRentalReview-g293962-d12392666-The_Austin_Residence_Colombo_is_the_epitome_of_quality_living_Room_4-Colombo_Western_.html'),(1125,4,'https://www.tripadvisor.com//VacationRentalReview-g293962-d12392667-The_Austin_Residence_Colombo_is_the_epitome_of_quality_living_Room_5-Colombo_Western_.html'),(1126,4,'https://www.tripadvisor.com//VacationRentalReview-g293962-d12508087-Ocean_Breeze_Apartment_Colombo-Colombo_Western_Province.html'),(1127,4,'https://www.tripadvisor.com//VacationRentalReview-g293962-d12529919-Unique_Towers_Luxury_Boutique_Suites_Three_Bedroom_Deluxe_Suite-Colombo_Western_Provi.html'),(1128,4,'https://www.tripadvisor.com//VacationRentalReview-g293962-d12537725-Unique_Towers_Luxury_Boutique_Suites_Two_Bedroom_Deluxe_Suite-Colombo_Western_Provinc.html'),(1129,4,'https://www.tripadvisor.com//VacationRentalReview-g293962-d12537906-Unique_Towers_Luxury_Boutique_Suites_One_Bedroom_Deluxe_Suite-Colombo_Western_Provinc.html'),(1130,4,'https://www.tripadvisor.com//VacationRentalReview-g293962-d12544210-Centrally_located_bangalow_with_all_amenities-Colombo_Western_Province.html'),(1131,4,'https://www.tripadvisor.com//VacationRentalReview-g293962-d12544512-Centrally_located_bangalow_with_all_amenities_Deluxe-Colombo_Western_Province.html'),(1132,4,'https://www.tripadvisor.com//VacationRentalReview-g293962-d12544633-Centrally_located_bangalow_with_all_amenities_Economy-Colombo_Western_Province.html'),(1133,4,'https://www.tripadvisor.com//VacationRentalReview-g293962-d12629095-Ocean_View_Luxury_2_Bedroom_Condo_in_Colombo-Colombo_Western_Province.html'),(1134,4,'https://www.tripadvisor.com//VacationRentalReview-g293962-d12728804-Serviced_apartment_for_Tourist-Colombo_Western_Province.html'),(1135,4,'https://www.tripadvisor.com//VacationRentalReview-g293962-d13124621-Gaia_Apartment-Colombo_Western_Province.html'),(1136,4,'https://www.tripadvisor.com//VacationRentalReview-g293962-d13667980-Beautiful_Apartment-Colombo_Western_Province.html'),(1137,4,'https://www.tripadvisor.com//VacationRentalReview-g293962-d14052181-Short_Term_Serviced_Resort_Style_Apartment-Colombo_Western_Province.html'),(1138,4,'https://www.tripadvisor.com//VacationRentalReview-g293962-d14068130-Home_within_the_city-Colombo_Western_Province.html'),(1139,4,'https://www.tripadvisor.com//VacationRentalReview-g293962-d14159632-Panoramic_Holiday_Apartments_Luxury_Suite_Colombo-Colombo_Western_Province.html'),(1140,4,'https://www.tripadvisor.com//VacationRentalReview-g293962-d14167407-Hedges_Court_2BR_Apartment_in_Central_Colombo_Apartment_4_1-Colombo_Western_Province.html'),(1141,4,'https://www.tripadvisor.com//VacationRentalReview-g293962-d14894971-Sandamira_Guest_Budget_Double_Room_2-Colombo_Western_Province.html'),(1142,4,'https://www.tripadvisor.com//VacationRentalReview-g293962-d14895191-Sandamira_Guest_Budget_Double_Room_4-Colombo_Western_Province.html'),(1143,4,'https://www.tripadvisor.com//VacationRentalReview-g293962-d14895194-Sandamira_Guest_Double_Room_1-Colombo_Western_Province.html'),(1144,4,'https://www.tripadvisor.com//VacationRentalReview-g293962-d14895250-Sandamira_Guest_Local_Room_2-Colombo_Western_Province.html'),(1145,4,'https://www.tripadvisor.com//VacationRentalReview-g293962-d14895778-Sandamira_Guest_Budget_Double_Room_1-Colombo_Western_Province.html'),(1146,4,'https://www.tripadvisor.com//VacationRentalReview-g293962-d14896559-Sandamira_Guest_Double_Room_2-Colombo_Western_Province.html'),(1147,4,'https://www.tripadvisor.com//VacationRentalReview-g293962-d14896566-Sandamira_Guest_Budget_Double_Room_3-Colombo_Western_Province.html'),(1148,4,'https://www.tripadvisor.com//VacationRentalReview-g293962-d14896581-Sandamira_Guest_Local_Room_3-Colombo_Western_Province.html'),(1149,4,'https://www.tripadvisor.com//VacationRentalReview-g293962-d14898620-Sandamira_Guest_Local_Room_1-Colombo_Western_Province.html'),(1150,4,'https://www.tripadvisor.com//VacationRentalReview-g293962-d14904658-Colombo_City_Rest-Colombo_Western_Province.html'),(1151,4,'https://www.tripadvisor.com//VacationRentalReview-g293962-d14921873-Family_Room_in_Colombo-Colombo_Western_Province.html'),(1152,4,'https://www.tripadvisor.com//VacationRentalReview-g293962-d15034056-Double_Room_in_Colombo-Colombo_Western_Province.html'),(1153,4,'https://www.tripadvisor.com//VacationRentalReview-g293962-d15034356-Private_Bunk_Room_in_Colombo-Colombo_Western_Province.html'),(1154,4,'https://www.tripadvisor.com//VacationRentalReview-g293962-d15034363-4_Bunk_Dorm_Room_in_Colombo-Colombo_Western_Province.html'),(1155,4,'https://www.tripadvisor.com//VacationRentalReview-g293962-d15137792-Ocean_View_Crescat_Apartment-Colombo_Western_Province.html'),(1156,4,'https://www.tripadvisor.com//VacationRentalReview-g293962-d16700054-Hedges_Court_2BR_Apartment_2_1_by_T_V_Boutique_Apartments-Colombo_Western_Province.html'),(1157,4,'https://www.tripadvisor.com//VacationRentalReview-g293962-d16869127-Haven_fort_hostel-Colombo_Western_Province.html'),(1158,4,'https://www.tripadvisor.com//VacationRentalReview-g293962-d17577910-Lovely_One_Bed_Flat_Next_to_Crescat-Colombo_Western_Province.html'),(1159,4,'https://www.tripadvisor.com//VacationRentalReview-g293962-d19067577-Sea_Breeze-Colombo_Western_Province.html'),(1160,4,'https://www.tripadvisor.com//VacationRentalReview-g293962-d19382746-Aprtment_rent_in_colombo-Colombo_Western_Province.html'),(1161,4,'https://www.tripadvisor.com//VacationRentalReview-g293962-d19918171-Lilly_15-Colombo_Western_Province.html'),(1162,4,'https://www.tripadvisor.com//VacationRentalReview-g293962-d20332745-Home_Sweet_Home-Colombo_Western_Province.html'),(1163,4,'https://www.tripadvisor.com//VacationRentalReview-g293962-d20333933-Sun_Set_Beach_View-Colombo_Western_Province.html'),(1164,4,'https://www.tripadvisor.com//VacationRentalReview-g293962-d20996008-LUXURY_3BR_AIR_CONDITIONED_FURNIHED_COZY_APARTMENT_ON_6TH_FLOOR-Colombo_Western_Provi.html'),(1165,4,'https://www.tripadvisor.com//VacationRentalReview-g293962-d22966306-MartI_Veest_mahkeme_luks_3_yatak_Oda_daire-Colombo_Western_Province.html'),(1166,4,'https://www.tripadvisor.com//VacationRentalReview-g293962-d12392658-The_Austin_Residence_Colombo_is_the_epitome_of_quality_living_Room_1-Colombo_Western_.html'),(1167,4,'https://www.tripadvisor.com//VacationRentalReview-g293962-d18720967-THE_ONE_AND_ONLY_CHEAPEST_HOLIDAY_RENTAL_ACCOMMODATION_10_Per_Night-Colombo_Western_P.html'),(1168,4,'https://www.tripadvisor.com//VacationRentalReview-g499079-d9791755-FULLY_FURNISHED_1_AC_BEDROOM_APARTMENT_IN_DEHIWALA-Dehiwala_Mount_Lavinia_Western_Prov.html'),(1169,4,'https://www.tripadvisor.com//VacationRentalReview-g499079-d9791782-FULLY_FURNISHED_3_AC_BEDROOM_APARTMENT_IN_DEHIWALA-Dehiwala_Mount_Lavinia_Western_Prov.html'),(1170,4,'https://www.tripadvisor.com//VacationRentalReview-g499079-d9791789-FULLY_FURNISHED_2_AC_BEDROOM_APARTMENT_IN_DEHIWALA-Dehiwala_Mount_Lavinia_Western_Prov.html'),(1171,4,'https://www.tripadvisor.com//VacationRentalReview-g499079-d10398542-Peace_of_Mind-Dehiwala_Mount_Lavinia_Western_Province.html'),(1172,4,'https://www.tripadvisor.com//VacationRentalReview-g499079-d10789309-Monsoon_2BR_Apartment-Dehiwala_Mount_Lavinia_Western_Province.html'),(1173,4,'https://www.tripadvisor.com//VacationRentalReview-g499079-d10812227-Great_Beach_Apartment_close_to_Galle_Road-Dehiwala_Mount_Lavinia_Western_Province.html'),(1174,4,'https://www.tripadvisor.com//VacationRentalReview-g499079-d11842721-Fully_Furnished_1_AC_Bedroom_Roof_Top_Apartment_in_Dehiwala-Dehiwala_Mount_Lavinia_We.html'),(1175,4,'https://www.tripadvisor.com//VacationRentalReview-g499079-d11842801-Fully_Furnished_1_AC_Bedroom_Roof_Top_Apartment_in_Dehiwala-Dehiwala_Mount_Lavinia_We.html'),(1176,4,'https://www.tripadvisor.com//VacationRentalReview-g499079-d11865869-Horizon_Prestige-Dehiwala_Mount_Lavinia_Western_Province.html'),(1177,4,'https://www.tripadvisor.com//VacationRentalReview-g499079-d12029119-A_cozy_room_with_king_bed_in_ultra_luxury_condominium_in_Colombo-Dehiwala_Mount_Lavin.html'),(1178,4,'https://www.tripadvisor.com//VacationRentalReview-g499079-d12168433-Fortune_Lanka_Residence-Dehiwala_Mount_Lavinia_Western_Province.html'),(1179,4,'https://www.tripadvisor.com//VacationRentalReview-g12158396-d12234695-Luxury_Beach_Apartment-Ratmalana_Dehiwala_Mount_Lavinia_Western_Province.html'),(1180,4,'https://www.tripadvisor.com//VacationRentalReview-g499079-d12612956-2_bedroom_sea_view_apartments-Dehiwala_Mount_Lavinia_Western_Province.html'),(1181,4,'https://www.tripadvisor.com//VacationRentalReview-g12693209-d13456762-Mount_Suite_Apartment-Dehiwala_Dehiwala_Mount_Lavinia_Western_Province.html'),(1182,4,'https://www.tripadvisor.com//VacationRentalReview-g499079-d13698068-3_bed_room_brand_new_apartment_with_ocean_view_at_colombo-Dehiwala_Mount_Lavinia_West.html'),(1183,4,'https://www.tripadvisor.com//VacationRentalReview-g12693209-d14013782-2_ROOM_FLAT-Dehiwala_Dehiwala_Mount_Lavinia_Western_Province.html'),(1184,4,'https://www.tripadvisor.com//VacationRentalReview-g12693209-d14060344-Mount_La_Villa_Bedroom_1-Dehiwala_Dehiwala_Mount_Lavinia_Western_Province.html'),(1185,4,'https://www.tripadvisor.com//VacationRentalReview-g12693209-d14787996-Ivy_Residencies_Jasmine_apartment_in_Mount_Lavinia_Sri_Lanka-Dehiwala_Dehiwala_Moun.html'),(1186,4,'https://www.tripadvisor.com//VacationRentalReview-g12693209-d14998624-Dennislandvilla_Aurora-Dehiwala_Dehiwala_Mount_Lavinia_Western_Province.html'),(1187,4,'https://www.tripadvisor.com//VacationRentalReview-g499079-d15111254-Ocean_Pebbles_Homestay_2-Dehiwala_Mount_Lavinia_Western_Province.html'),(1188,4,'https://www.tripadvisor.com//VacationRentalReview-g12693209-d15145034-AKARA_Apartments_3_Council_Avenue-Dehiwala_Dehiwala_Mount_Lavinia_Western_Province.html'),(1189,4,'https://www.tripadvisor.com//VacationRentalReview-g12693209-d15145693-Akara_Residences_and_Serviced_Apartments_3-Dehiwala_Dehiwala_Mount_Lavinia_Western_.html'),(1190,4,'https://www.tripadvisor.com//VacationRentalReview-g12693209-d15145698-AKARA_Apartments_4_Council_Avenue-Dehiwala_Dehiwala_Mount_Lavinia_Western_Province.html'),(1191,4,'https://www.tripadvisor.com//VacationRentalReview-g12693209-d15145700-Akara_Residences_and_Serviced_Apartments_5-Dehiwala_Dehiwala_Mount_Lavinia_Western_.html'),(1192,4,'https://www.tripadvisor.com//VacationRentalReview-g12693209-d15145717-AKARA_Apartments_6_Council_Avenue-Dehiwala_Dehiwala_Mount_Lavinia_Western_Province.html'),(1193,4,'https://www.tripadvisor.com//VacationRentalReview-g12693209-d15145718-Akara_Residences_and_Serviced_Apartments-Dehiwala_Dehiwala_Mount_Lavinia_Western_Pr.html'),(1194,4,'https://www.tripadvisor.com//VacationRentalReview-g12693209-d15145720-Akara_Residences_and_Serviced_Apartments_6-Dehiwala_Dehiwala_Mount_Lavinia_Western_.html'),(1195,4,'https://www.tripadvisor.com//VacationRentalReview-g12693209-d15145721-AKARA_Residences_and_Serviced_Apartments_1-Dehiwala_Dehiwala_Mount_Lavinia_Western_.html'),(1196,4,'https://www.tripadvisor.com//VacationRentalReview-g12693209-d15145722-AKARA_Apartments_5_Council_Avenue-Dehiwala_Dehiwala_Mount_Lavinia_Western_Province.html'),(1197,4,'https://www.tripadvisor.com//VacationRentalReview-g12693209-d15145723-Akara_Residences_and_Serviced_Apartments-Dehiwala_Dehiwala_Mount_Lavinia_Western_Pr.html'),(1198,4,'https://www.tripadvisor.com//VacationRentalReview-g12693209-d15145724-Akara_Residences_and_Serviced_Apartments_2-Dehiwala_Dehiwala_Mount_Lavinia_Western_.html'),(1199,4,'https://www.tripadvisor.com//VacationRentalReview-g12693209-d15145725-Akara_Residences_and_Serviced_Apartments_7-Dehiwala_Dehiwala_Mount_Lavinia_Western_.html'),(1200,4,'https://www.tripadvisor.com//VacationRentalReview-g12693209-d15145726-Akara_Residences_and_Serviced_Apartments_4-Dehiwala_Dehiwala_Mount_Lavinia_Western_.html'),(1201,4,'https://www.tripadvisor.com//VacationRentalReview-g12693209-d15145727-AKARA_Apartment_2_Council_Avenue-Dehiwala_Dehiwala_Mount_Lavinia_Western_Province.html'),(1202,4,'https://www.tripadvisor.com//VacationRentalReview-g12693209-d15637706-Townhouse_in_Mount_Lavinia_close_to_the_beach-Dehiwala_Dehiwala_Mount_Lavinia_Weste.html'),(1203,4,'https://www.tripadvisor.com//VacationRentalReview-g12158396-d20332711-De_Silva_Place_Vacation_Rental_in_Mount_Lavinia-Ratmalana_Dehiwala_Mount_Lavinia_We.html'),(1204,4,'https://www.tripadvisor.com//VacationRentalReview-g16740785-d24843227-Mount_Seaside_Apartments_by_Taprobane-Mount_Lavinia_Dehiwala_Mount_Lavinia_Western_.html'),(1205,4,'https://www.tripadvisor.com//VacationRentalReview-g12693209-d24905255-Lovely_2_bedroom_fully_furnished_condo-Dehiwala_Dehiwala_Mount_Lavinia_Western_Prov.html'),(1206,4,'https://www.tripadvisor.com//VacationRentalReview-g12693209-d14107381-Hiru_Ocean_Villa_mount_lavinia_beach-Dehiwala_Dehiwala_Mount_Lavinia_Western_Provin.html');
/*!40000 ALTER TABLE `url_log` ENABLE KEYS */;
UNLOCK TABLES;
/*!40103 SET TIME_ZONE=@OLD_TIME_ZONE */;

/*!40101 SET SQL_MODE=@OLD_SQL_MODE */;
/*!40014 SET FOREIGN_KEY_CHECKS=@OLD_FOREIGN_KEY_CHECKS */;
/*!40014 SET UNIQUE_CHECKS=@OLD_UNIQUE_CHECKS */;
/*!40101 SET CHARACTER_SET_CLIENT=@OLD_CHARACTER_SET_CLIENT */;
/*!40101 SET CHARACTER_SET_RESULTS=@OLD_CHARACTER_SET_RESULTS */;
/*!40101 SET COLLATION_CONNECTION=@OLD_COLLATION_CONNECTION */;
/*!40111 SET SQL_NOTES=@OLD_SQL_NOTES */;

-- Dump completed on 2022-08-29 15:31:47
