-- phpMyAdmin SQL Dump
-- version 4.8.4
-- https://www.phpmyadmin.net/
--
-- Host: 127.0.0.1:3306
-- Generation Time: Aug 09, 2022 at 01:54 AM
-- Server version: 5.7.24
-- PHP Version: 7.2.14

SET SQL_MODE = "NO_AUTO_VALUE_ON_ZERO";
SET AUTOCOMMIT = 0;
START TRANSACTION;
SET time_zone = "+00:00";


/*!40101 SET @OLD_CHARACTER_SET_CLIENT=@@CHARACTER_SET_CLIENT */;
/*!40101 SET @OLD_CHARACTER_SET_RESULTS=@@CHARACTER_SET_RESULTS */;
/*!40101 SET @OLD_COLLATION_CONNECTION=@@COLLATION_CONNECTION */;
/*!40101 SET NAMES utf8mb4 */;

--
-- Database: `trip_advisor_scraped`
--

-- --------------------------------------------------------

--
-- Table structure for table `city`
--

DROP TABLE IF EXISTS `city`;
CREATE TABLE IF NOT EXISTS `city` (
  `id` int(11) NOT NULL,
  `city_name` varchar(500) NOT NULL,
  PRIMARY KEY (`id`)
) ENGINE=InnoDB DEFAULT CHARSET=utf8;

--
-- Dumping data for table `city`
--

INSERT INTO `city` (`id`, `city_name`) VALUES
(1, 'Akkaraipattu'),
(2, 'Ambagahawatta'),
(3, 'Ampara'),
(4, 'Bakmitiyawa'),
(5, 'Deegawapiya'),
(6, 'Devalahinda'),
(7, 'Digamadulla Weeragoda'),
(8, 'Dorakumbura'),
(9, 'Gonagolla'),
(10, 'Hulannuge'),
(11, 'Kalmunai'),
(12, 'Kannakipuram'),
(13, 'Karativu'),
(14, 'Kekirihena'),
(15, 'Koknahara'),
(16, 'Kolamanthalawa'),
(17, 'Komari'),
(18, 'Lahugala'),
(19, 'lmkkamam'),
(20, 'Mahaoya'),
(21, 'Marathamune'),
(22, 'Namaloya'),
(23, 'Navithanveli'),
(24, 'Nintavur'),
(25, 'Oluvil'),
(26, 'Padiyatalawa'),
(27, 'Pahalalanda'),
(28, 'Panama'),
(29, 'Pannalagama'),
(30, 'Paragahakele'),
(31, 'Periyaneelavanai'),
(32, 'Polwaga Janapadaya'),
(33, 'Pottuvil'),
(34, 'Sainthamaruthu'),
(35, 'Samanthurai'),
(36, 'Serankada'),
(37, 'Tempitiya'),
(38, 'Thambiluvil'),
(39, 'Tirukovil'),
(40, 'Uhana'),
(41, 'Wadinagala'),
(42, 'Wanagamuwa'),
(43, 'Angamuwa'),
(44, 'Anuradhapura'),
(45, 'Awukana'),
(46, 'Bogahawewa'),
(47, 'Dematawewa'),
(48, 'Dimbulagala'),
(49, 'Dutuwewa'),
(50, 'Elayapattuwa'),
(51, 'Ellewewa'),
(52, 'Eppawala'),
(53, 'Etawatunuwewa'),
(54, 'Etaweeragollewa'),
(55, 'Galapitagala'),
(56, 'Galenbindunuwewa'),
(57, 'Galkadawala'),
(58, 'Galkiriyagama'),
(59, 'Galkulama'),
(60, 'Galnewa'),
(61, 'Gambirigaswewa'),
(62, 'Ganewalpola'),
(63, 'Gemunupura'),
(64, 'Getalawa'),
(65, 'Gnanikulama'),
(66, 'Gonahaddenawa'),
(67, 'Habarana'),
(68, 'Halmillawa Dambulla'),
(69, 'Halmillawetiya'),
(70, 'Hidogama'),
(71, 'Horawpatana'),
(72, 'Horiwila'),
(73, 'Hurigaswewa'),
(74, 'Hurulunikawewa'),
(75, 'Ihala Puliyankulama'),
(76, 'Kagama'),
(77, 'Kahatagasdigiliya'),
(78, 'Kahatagollewa'),
(79, 'Kalakarambewa'),
(80, 'Kalaoya'),
(81, 'Kalawedi Ulpotha'),
(82, 'Kallanchiya'),
(83, 'Kalpitiya'),
(84, 'Kalukele Badanagala'),
(85, 'Kapugallawa'),
(86, 'Karagahawewa'),
(87, 'Kashyapapura'),
(88, 'Kebithigollewa'),
(89, 'Kekirawa'),
(90, 'Kendewa'),
(91, 'Kiralogama'),
(92, 'Kirigalwewa'),
(93, 'Kirimundalama'),
(94, 'Kitulhitiyawa'),
(95, 'Kurundankulama'),
(96, 'Labunoruwa'),
(97, 'Ihalagama'),
(98, 'Ipologama'),
(99, 'Madatugama'),
(100, 'Maha Elagamuwa'),
(101, 'Mahabulankulama'),
(102, 'Mahailluppallama'),
(103, 'Mahakanadarawa'),
(104, 'Mahapothana'),
(105, 'Mahasenpura'),
(106, 'Mahawilachchiya'),
(107, 'Mailagaswewa'),
(108, 'Malwanagama'),
(109, 'Maneruwa'),
(110, 'Maradankadawala'),
(111, 'Maradankalla'),
(112, 'Medawachchiya'),
(113, 'Megodawewa'),
(114, 'Mihintale'),
(115, 'Morakewa'),
(116, 'Mulkiriyawa'),
(117, 'Muriyakadawala'),
(118, 'Colombo 15'),
(119, 'Nachchaduwa'),
(120, 'Namalpura'),
(121, 'Negampaha'),
(122, 'Nochchiyagama'),
(123, 'Nuwaragala'),
(124, 'Padavi Maithripura'),
(125, 'Padavi Parakramapura'),
(126, 'Padavi Sripura'),
(127, 'Padavi Sritissapura'),
(128, 'Padaviya'),
(129, 'Padikaramaduwa'),
(130, 'Pahala Halmillewa'),
(131, 'Pahala Maragahawe'),
(132, 'Pahalagama'),
(133, 'Palugaswewa'),
(134, 'Pandukabayapura'),
(135, 'Pandulagama'),
(136, 'Parakumpura'),
(137, 'Parangiyawadiya'),
(138, 'Parasangahawewa'),
(139, 'Pelatiyawa'),
(140, 'Pemaduwa'),
(141, 'Perimiyankulama'),
(142, 'Pihimbiyagolewa'),
(143, 'Pubbogama'),
(144, 'Punewa'),
(145, 'Rajanganaya'),
(146, 'Rambewa'),
(147, 'Rampathwila'),
(148, 'Rathmalgahawewa'),
(149, 'Saliyapura'),
(150, 'Seeppukulama'),
(151, 'Senapura'),
(152, 'Sivalakulama'),
(153, 'Siyambalewa'),
(154, 'Sravasthipura'),
(155, 'Talawa'),
(156, 'Tambuttegama'),
(157, 'Tammennawa'),
(158, 'Tantirimale'),
(159, 'Telhiriyawa'),
(160, 'Tirappane'),
(161, 'Tittagonewa'),
(162, 'Udunuwara Colony'),
(163, 'Upuldeniya'),
(164, 'Uttimaduwa'),
(165, 'Vellamanal'),
(166, 'Viharapalugama'),
(167, 'Wahalkada'),
(168, 'Wahamalgollewa'),
(169, 'Walagambahuwa'),
(170, 'Walahaviddawewa'),
(171, 'Welimuwapotana'),
(172, 'Welioya Project'),
(173, 'Akkarasiyaya'),
(174, 'Aluketiyawa'),
(175, 'Aluttaramma'),
(176, 'Ambadandegama'),
(177, 'Ambagasdowa'),
(178, 'Arawa'),
(179, 'Arawakumbura'),
(180, 'Arawatta'),
(181, 'Atakiriya'),
(182, 'Badulla'),
(183, 'Baduluoya'),
(184, 'Ballaketuwa'),
(185, 'Bambarapana'),
(186, 'Bandarawela'),
(187, 'Beramada'),
(188, 'Bibilegama'),
(189, 'Boragas'),
(190, 'Boralanda'),
(191, 'Bowela'),
(192, 'Central Camp'),
(193, 'Damanewela'),
(194, 'Dambana'),
(195, 'Dehiattakandiya'),
(196, 'Demodara'),
(197, 'Diganatenna'),
(198, 'Dikkapitiya'),
(199, 'Dimbulana'),
(200, 'Divulapelessa'),
(201, 'Diyatalawa'),
(202, 'Dulgolla'),
(203, 'Ekiriyankumbura'),
(204, 'Ella'),
(205, 'Ettampitiya'),
(206, 'Galauda'),
(207, 'Galporuyaya'),
(208, 'Gawarawela'),
(209, 'Girandurukotte'),
(210, 'Godunna'),
(211, 'Gurutalawa'),
(212, 'Haldummulla'),
(213, 'Hali Ela'),
(214, 'Hangunnawa'),
(215, 'Haputale'),
(216, 'Hebarawa'),
(217, 'Heeloya'),
(218, 'Helahalpe'),
(219, 'Helapupula'),
(220, 'Hopton'),
(221, 'Idalgashinna'),
(222, 'Kahataruppa'),
(223, 'Kalugahakandura'),
(224, 'Kalupahana'),
(225, 'Kebillawela'),
(226, 'Kendagolla'),
(227, 'Keselpotha'),
(228, 'Ketawatta'),
(229, 'Kiriwanagama'),
(230, 'Koslanda'),
(231, 'Kuruwitenna'),
(232, 'Kuttiyagolla'),
(233, 'Landewela'),
(234, 'Liyangahawela'),
(235, 'Lunugala'),
(236, 'Lunuwatta'),
(237, 'Madulsima'),
(238, 'Mahiyanganaya'),
(239, 'Makulella'),
(240, 'Malgoda'),
(241, 'Mapakadawewa'),
(242, 'Maspanna'),
(243, 'Maussagolla'),
(244, 'Mawanagama'),
(245, 'Medawela Udukinda'),
(246, 'Meegahakiula'),
(247, 'Metigahatenna'),
(248, 'Mirahawatta'),
(249, 'Miriyabedda'),
(250, 'Nawamedagama'),
(251, 'Nelumgama'),
(252, 'Nikapotha'),
(253, 'Nugatalawa'),
(254, 'Ohiya'),
(255, 'Pahalarathkinda'),
(256, 'Pallekiruwa'),
(257, 'Passara'),
(258, 'Pattiyagedara'),
(259, 'Pelagahatenna'),
(260, 'Perawella'),
(261, 'Pitamaruwa'),
(262, 'Pitapola'),
(263, 'Puhulpola'),
(264, 'Rajagalatenna'),
(265, 'Rathkarawwa'),
(266, 'Ridimaliyadda'),
(267, 'Silmiyapura'),
(268, 'Sirimalgoda'),
(269, 'Siripura'),
(270, 'Sorabora Colony'),
(271, 'Soragune'),
(272, 'Soranathota'),
(273, 'Taldena'),
(274, 'Timbirigaspitiya'),
(275, 'Uduhawara'),
(276, 'Uraniya'),
(277, 'Uva Karandagolla'),
(278, 'Uva Mawelagama'),
(279, 'Uva Tenna'),
(280, 'Uva Tissapura'),
(281, 'Welimada'),
(282, 'Weranketagoda'),
(283, 'Wewatta'),
(284, 'Wineethagama'),
(285, 'Yalagamuwa'),
(286, 'Yalwela'),
(287, 'Addalaichenai'),
(288, 'Ampilanthurai'),
(289, 'Araipattai'),
(290, 'Ayithiyamalai'),
(291, 'Bakiella'),
(292, 'Batticaloa'),
(293, 'Cheddipalayam'),
(294, 'Chenkaladi'),
(295, 'Eravur'),
(296, 'Kaluwanchikudi'),
(297, 'Kaluwankemy'),
(298, 'Kannankudah'),
(299, 'Karadiyanaru'),
(300, 'Kathiraveli'),
(301, 'Kattankudi'),
(302, 'Kiran'),
(303, 'Kirankulam'),
(304, 'Koddaikallar'),
(305, 'Kokkaddicholai'),
(306, 'Kurukkalmadam'),
(307, 'Mandur'),
(308, 'Miravodai'),
(309, 'Murakottanchanai'),
(310, 'Navagirinagar'),
(311, 'Navatkadu'),
(312, 'Oddamavadi'),
(313, 'Palamunai'),
(314, 'Pankudavely'),
(315, 'Periyaporativu'),
(316, 'Periyapullumalai'),
(317, 'Pillaiyaradi'),
(318, 'Punanai'),
(319, 'Thannamunai'),
(320, 'Thettativu'),
(321, 'Thikkodai'),
(322, 'Thirupalugamam'),
(323, 'Unnichchai'),
(324, 'Vakaneri'),
(325, 'Vakarai'),
(326, 'Valaichenai'),
(327, 'Vantharumoolai'),
(328, 'Vellavely'),
(329, 'Akarawita'),
(330, 'Ambalangoda'),
(331, 'Athurugiriya'),
(332, 'Avissawella'),
(333, 'Batawala'),
(334, 'Battaramulla'),
(335, 'Biyagama'),
(336, 'Bope'),
(337, 'Boralesgamuwa'),
(338, 'Colombo 8'),
(339, 'Dedigamuwa'),
(340, 'Dehiwala'),
(341, 'Deltara'),
(342, 'Habarakada'),
(343, 'Hanwella'),
(344, 'Hiripitya'),
(345, 'Hokandara'),
(346, 'Homagama'),
(347, 'Horagala'),
(348, 'Kaduwela'),
(349, 'Kaluaggala'),
(350, 'Kapugoda'),
(351, 'Kehelwatta'),
(352, 'Kiriwattuduwa'),
(353, 'Kolonnawa'),
(354, 'Kosgama'),
(355, 'Madapatha'),
(356, 'Maharagama'),
(357, 'Malabe'),
(358, 'Moratuwa'),
(359, 'Mount Lavinia'),
(360, 'Mullegama'),
(361, 'Napawela'),
(362, 'Nugegoda'),
(363, 'Padukka'),
(364, 'Pannipitiya'),
(365, 'Piliyandala'),
(366, 'Pitipana Homagama'),
(367, 'Polgasowita'),
(368, 'Pugoda'),
(369, 'Ranala'),
(370, 'Siddamulla'),
(371, 'Siyambalagoda'),
(372, 'Sri Jayawardenepura'),
(373, 'Talawatugoda'),
(374, 'Tummodara'),
(375, 'Waga'),
(376, 'Colombo 6'),
(377, 'Agaliya'),
(378, 'Ahangama'),
(379, 'Ahungalla'),
(380, 'Akmeemana'),
(381, 'Alawatugoda'),
(382, 'Aluthwala'),
(383, 'Ampegama'),
(384, 'Amugoda'),
(385, 'Anangoda'),
(386, 'Angulugaha'),
(387, 'Ankokkawala'),
(388, 'Aselapura'),
(389, 'Baddegama'),
(390, 'Balapitiya'),
(391, 'Banagala'),
(392, 'Batapola'),
(393, 'Bentota'),
(394, 'Boossa'),
(395, 'Dellawa'),
(396, 'Dikkumbura'),
(397, 'Dodanduwa'),
(398, 'Ella Tanabaddegama'),
(399, 'Elpitiya'),
(400, 'Galle'),
(401, 'Ginimellagaha'),
(402, 'Gintota'),
(403, 'Godahena'),
(404, 'Gonamulla Junction'),
(405, 'Gonapinuwala'),
(406, 'Habaraduwa'),
(407, 'Haburugala'),
(408, 'Hikkaduwa'),
(409, 'Hiniduma'),
(410, 'Hiyare'),
(411, 'Kahaduwa'),
(412, 'Kahawa'),
(413, 'Karagoda'),
(414, 'Karandeniya'),
(415, 'Kosgoda'),
(416, 'Kottawagama'),
(417, 'Kottegoda'),
(418, 'Kuleegoda'),
(419, 'Magedara'),
(420, 'Mahawela Sinhapura'),
(421, 'Mapalagama'),
(422, 'Mapalagama Central'),
(423, 'Mattaka'),
(424, 'Meda-Keembiya'),
(425, 'Meetiyagoda'),
(426, 'Nagoda'),
(427, 'Nakiyadeniya'),
(428, 'Nawandagala'),
(429, 'Neluwa'),
(430, 'Nindana'),
(431, 'Pahala Millawa'),
(432, 'Panangala'),
(433, 'Pannimulla Panagoda'),
(434, 'Parana Thanayamgoda'),
(435, 'Patana'),
(436, 'Pitigala'),
(437, 'Poddala'),
(438, 'Polgampola'),
(439, 'Porawagama'),
(440, 'Rantotuwila'),
(441, 'Talagampola'),
(442, 'Talgaspe'),
(443, 'Talpe'),
(444, 'Tawalama'),
(445, 'Tiranagama'),
(446, 'Udalamatta'),
(447, 'Udugama'),
(448, 'Uluvitike'),
(449, 'Unawatuna'),
(450, 'Unawitiya'),
(451, 'Uragaha'),
(452, 'Uragasmanhandiya'),
(453, 'Wakwella'),
(454, 'Walahanduwa'),
(455, 'Wanchawela'),
(456, 'Wanduramba'),
(457, 'Warukandeniya'),
(458, 'Watugedara'),
(459, 'Weihena'),
(460, 'Welikanda'),
(461, 'Wilanagama'),
(462, 'Yakkalamulla'),
(463, 'Yatalamatta'),
(464, 'Akaragama'),
(465, 'Ambagaspitiya'),
(466, 'Ambepussa'),
(467, 'Andiambalama'),
(468, 'Attanagalla'),
(469, 'Badalgama'),
(470, 'Banduragoda'),
(471, 'Batuwatta'),
(472, 'Bemmulla'),
(473, 'Biyagama IPZ'),
(474, 'Bokalagama'),
(475, 'Bollete (WP)'),
(476, 'Bopagama'),
(477, 'Buthpitiya'),
(478, 'Dagonna'),
(479, 'Danowita'),
(480, 'Debahera'),
(481, 'Dekatana'),
(482, 'Delgoda'),
(483, 'Delwagura'),
(484, 'Demalagama'),
(485, 'Demanhandiya'),
(486, 'Dewalapola'),
(487, 'Divulapitiya'),
(488, 'Divuldeniya'),
(489, 'Dompe'),
(490, 'Dunagaha'),
(491, 'Ekala'),
(492, 'Ellakkala'),
(493, 'Essella'),
(494, 'Galedanda'),
(495, 'Gampaha'),
(496, 'Ganemulla'),
(497, 'Giriulla'),
(498, 'Gonawala'),
(499, 'Halpe'),
(500, 'Hapugastenna'),
(501, 'Heiyanthuduwa'),
(502, 'Hinatiyana Madawala'),
(503, 'Hiswella'),
(504, 'Horampella'),
(505, 'Hunumulla'),
(506, 'Hunupola'),
(507, 'Ihala Madampella'),
(508, 'Imbulgoda'),
(509, 'Ja-Ela'),
(510, 'Kadawatha'),
(511, 'Kahatowita'),
(512, 'Kalagedihena'),
(513, 'Kaleliya'),
(514, 'Kandana'),
(515, 'Katana'),
(516, 'Katudeniya'),
(517, 'Katunayake'),
(518, 'Katunayake Air Force Camp'),
(519, 'Katunayake(FTZ)'),
(520, 'Katuwellegama'),
(521, 'Kelaniya'),
(522, 'Kimbulapitiya'),
(523, 'Kirindiwela'),
(524, 'Kitalawalana'),
(525, 'Kochchikade'),
(526, 'Kotadeniyawa'),
(527, 'Kotugoda'),
(528, 'Kumbaloluwa'),
(529, 'Loluwagoda'),
(530, 'Mabodale'),
(531, 'Madelgamuwa'),
(532, 'Makewita'),
(533, 'Makola'),
(534, 'Malwana'),
(535, 'Mandawala'),
(536, 'Marandagahamula'),
(537, 'Mellawagedara'),
(538, 'Minuwangoda'),
(539, 'Mirigama'),
(540, 'Miriswatta'),
(541, 'Mithirigala'),
(542, 'Muddaragama'),
(543, 'Mudungoda'),
(544, 'Mulleriyawa New Town'),
(545, 'Naranwala'),
(546, 'Nawana'),
(547, 'Nedungamuwa'),
(548, 'Negombo'),
(549, 'Nikadalupotha'),
(550, 'Nikahetikanda'),
(551, 'Nittambuwa'),
(552, 'Niwandama'),
(553, 'Opatha'),
(554, 'Pamunugama'),
(555, 'Pamunuwatta'),
(556, 'Panawala'),
(557, 'Pasyala'),
(558, 'Peliyagoda'),
(559, 'Pepiliyawala'),
(560, 'Pethiyagoda'),
(561, 'Polpithimukulana'),
(562, 'Puwakpitiya'),
(563, 'Radawadunna'),
(564, 'Radawana'),
(565, 'Raddolugama'),
(566, 'Ragama'),
(567, 'Ruggahawila'),
(568, 'Seeduwa'),
(569, 'Siyambalape'),
(570, 'Talahena'),
(571, 'Thambagalla'),
(572, 'Thimbirigaskatuwa'),
(573, 'Tittapattara'),
(574, 'Udathuthiripitiya'),
(575, 'Udugampola'),
(576, 'Uggalboda'),
(577, 'Urapola'),
(578, 'Uswetakeiyawa'),
(579, 'Veyangoda'),
(580, 'Walgammulla'),
(581, 'Walpita'),
(582, 'Walpola (WP)'),
(583, 'Wathurugama'),
(584, 'Watinapaha'),
(585, 'Wattala'),
(586, 'Weboda'),
(587, 'Wegowwa'),
(588, 'Weweldeniya'),
(589, 'Yakkala'),
(590, 'Yatiyana'),
(591, 'Ambalantota'),
(592, 'Angunakolapelessa'),
(593, 'Angunakolawewa'),
(594, 'Bandagiriya Colony'),
(595, 'Barawakumbuka'),
(596, 'Beliatta'),
(597, 'Beragama'),
(598, 'Beralihela'),
(599, 'Bundala'),
(600, 'Ellagala'),
(601, 'Gangulandeniya'),
(602, 'Getamanna'),
(603, 'Goda Koggalla'),
(604, 'Gonagamuwa Uduwila'),
(605, 'Gonnoruwa'),
(606, 'Hakuruwela'),
(607, 'Hambantota'),
(608, 'Handugala'),
(609, 'Hungama'),
(610, 'Ihala Beligalla'),
(611, 'Iththa Demaliya'),
(612, 'Julampitiya'),
(613, 'Kahandamodara'),
(614, 'Kariyamaditta'),
(615, 'Katuwana'),
(616, 'Kawantissapura'),
(617, 'Kirama'),
(618, 'Kirinda'),
(619, 'Lunama'),
(620, 'Lunugamwehera'),
(621, 'Magama'),
(622, 'Mahagalwewa'),
(623, 'Mamadala'),
(624, 'Medamulana'),
(625, 'Middeniya'),
(626, 'Meegahajandura'),
(627, 'Modarawana'),
(628, 'Mulkirigala'),
(629, 'Nakulugamuwa'),
(630, 'Netolpitiya'),
(631, 'Nihiluwa'),
(632, 'Padawkema'),
(633, 'Pahala Andarawewa'),
(634, 'Rammalawarapitiya'),
(635, 'Ranakeliya'),
(636, 'Ranmuduwewa'),
(637, 'Ranna'),
(638, 'Ratmalwala'),
(639, 'Ruhunu Ridiyagama'),
(640, 'Sooriyawewa Town'),
(641, 'Tangalla'),
(642, 'Tissamaharama'),
(643, 'Uda Gomadiya'),
(644, 'Udamattala'),
(645, 'Uswewa'),
(646, 'Vitharandeniya'),
(647, 'Walasmulla'),
(648, 'Weeraketiya'),
(649, 'Weerawila'),
(650, 'Weerawila NewTown'),
(651, 'Wekandawela'),
(652, 'Weligatta'),
(653, 'Yatigala'),
(654, 'Jaffna'),
(655, 'Agalawatta'),
(656, 'Alubomulla'),
(657, 'Anguruwatota'),
(658, 'Atale'),
(659, 'Baduraliya'),
(660, 'Bandaragama'),
(661, 'Batugampola'),
(662, 'Bellana'),
(663, 'Beruwala'),
(664, 'Bolossagama'),
(665, 'Bombuwala'),
(666, 'Boralugoda'),
(667, 'Bulathsinhala'),
(668, 'Danawala Thiniyawala'),
(669, 'Delmella'),
(670, 'Dharga Town'),
(671, 'Diwalakada'),
(672, 'Dodangoda'),
(673, 'Dombagoda'),
(674, 'Ethkandura'),
(675, 'Galpatha'),
(676, 'Gamagoda'),
(677, 'Gonagalpura'),
(678, 'Gonapola Junction'),
(679, 'Govinna'),
(680, 'Gurulubadda'),
(681, 'Halkandawila'),
(682, 'Haltota'),
(683, 'Halvitigala Colony'),
(684, 'Halwala'),
(685, 'Halwatura'),
(686, 'Handapangoda'),
(687, 'Hedigalla Colony'),
(688, 'Henegama'),
(689, 'Hettimulla'),
(690, 'Horana'),
(691, 'Ittapana'),
(692, 'Kahawala'),
(693, 'Kalawila Kiranthidiya'),
(694, 'Kalutara'),
(695, 'Kananwila'),
(696, 'Kandanagama'),
(697, 'Kelinkanda'),
(698, 'Kitulgoda'),
(699, 'Koholana'),
(700, 'Kuda Uduwa'),
(701, 'Labbala'),
(702, 'lhalahewessa'),
(703, 'lnduruwa'),
(704, 'lngiriya'),
(705, 'Maggona'),
(706, 'Mahagama'),
(707, 'Mahakalupahana'),
(708, 'Maharangalla'),
(709, 'Malgalla Talangalla'),
(710, 'Matugama'),
(711, 'Meegahatenna'),
(712, 'Meegama'),
(713, 'Meegoda'),
(714, 'Millaniya'),
(715, 'Millewa'),
(716, 'Miwanapalana'),
(717, 'Molkawa'),
(718, 'Morapitiya'),
(719, 'Morontuduwa'),
(720, 'Nawattuduwa'),
(721, 'Neboda'),
(722, 'Padagoda'),
(723, 'Pahalahewessa'),
(724, 'Paiyagala'),
(725, 'Panadura'),
(726, 'Pannala'),
(727, 'Paragastota'),
(728, 'Paragoda'),
(729, 'Paraigama'),
(730, 'Pelanda'),
(731, 'Pelawatta'),
(732, 'Pimbura'),
(733, 'Pitagaldeniya'),
(734, 'Pokunuwita'),
(735, 'Poruwedanda'),
(736, 'Ratmale'),
(737, 'Remunagoda'),
(738, 'Talgaswela'),
(739, 'Tebuwana'),
(740, 'Uduwara'),
(741, 'Utumgama'),
(742, 'Veyangalla'),
(743, 'Wadduwa'),
(744, 'Walagedara'),
(745, 'Walallawita'),
(746, 'Waskaduwa'),
(747, 'Welipenna'),
(748, 'Weliveriya'),
(749, 'Welmilla Junction'),
(750, 'Weragala'),
(751, 'Yagirala'),
(752, 'Yatadolawatta'),
(753, 'Yatawara Junction'),
(754, 'Aludeniya'),
(755, 'Ambagahapelessa'),
(756, 'Ambagamuwa Udabulathgama'),
(757, 'Ambatenna'),
(758, 'Ampitiya'),
(759, 'Ankumbura'),
(760, 'Atabage'),
(761, 'Balana'),
(762, 'Bambaragahaela'),
(763, 'Batagolladeniya'),
(764, 'Batugoda'),
(765, 'Batumulla'),
(766, 'Bawlana'),
(767, 'Bopana'),
(768, 'Danture'),
(769, 'Dedunupitiya'),
(770, 'Dekinda'),
(771, 'Deltota'),
(772, 'Divulankadawala'),
(773, 'Dolapihilla'),
(774, 'Dolosbage'),
(775, 'Dunuwila'),
(776, 'Etulgama'),
(777, 'Galaboda'),
(778, 'Galagedara'),
(779, 'Galaha'),
(780, 'Galhinna'),
(781, 'Gampola'),
(782, 'Gelioya'),
(783, 'Godamunna'),
(784, 'Gomagoda'),
(785, 'Gonagantenna'),
(786, 'Gonawalapatana'),
(787, 'Gunnepana'),
(788, 'Gurudeniya'),
(789, 'Hakmana'),
(790, 'Handaganawa'),
(791, 'Handawalapitiya'),
(792, 'Handessa'),
(793, 'Hanguranketha'),
(794, 'Harangalagama'),
(795, 'Hataraliyadda'),
(796, 'Hindagala'),
(797, 'Hondiyadeniya'),
(798, 'Hunnasgiriya'),
(799, 'Inguruwatta'),
(800, 'Jambugahapitiya'),
(801, 'Kadugannawa'),
(802, 'Kahataliyadda'),
(803, 'Kalugala'),
(804, 'Kandy'),
(805, 'Kapuliyadde'),
(806, 'Katugastota'),
(807, 'Katukitula'),
(808, 'Kelanigama'),
(809, 'Kengalla'),
(810, 'Ketaboola'),
(811, 'Ketakumbura'),
(812, 'Kobonila'),
(813, 'Kolabissa'),
(814, 'Kolongoda'),
(815, 'Kulugammana'),
(816, 'Kumbukkandura'),
(817, 'Kumburegama'),
(818, 'Kundasale'),
(819, 'Leemagahakotuwa'),
(820, 'lhala Kobbekaduwa'),
(821, 'Lunugama'),
(822, 'Lunuketiya Maditta'),
(823, 'Madawala Bazaar'),
(824, 'Madawalalanda'),
(825, 'Madugalla'),
(826, 'Madulkele'),
(827, 'Mahadoraliyadda'),
(828, 'Mahamedagama'),
(829, 'Mahanagapura'),
(830, 'Mailapitiya'),
(831, 'Makkanigama'),
(832, 'Makuldeniya'),
(833, 'Mangalagama'),
(834, 'Mapakanda'),
(835, 'Marassana'),
(836, 'Marymount Colony'),
(837, 'Mawatura'),
(838, 'Medamahanuwara'),
(839, 'Medawala Harispattuwa'),
(840, 'Meetalawa'),
(841, 'Megoda Kalugamuwa'),
(842, 'Menikdiwela'),
(843, 'Menikhinna'),
(844, 'Mimure'),
(845, 'Minigamuwa'),
(846, 'Minipe'),
(847, 'Moragahapallama'),
(848, 'Murutalawa'),
(849, 'Muruthagahamulla'),
(850, 'Nanuoya'),
(851, 'Naranpanawa'),
(852, 'Narawelpita'),
(853, 'Nawalapitiya'),
(854, 'Nawathispane'),
(855, 'Nillambe'),
(856, 'Nugaliyadda'),
(857, 'Ovilikanda'),
(858, 'Pallekotuwa'),
(859, 'Panwilatenna'),
(860, 'Paradeka'),
(861, 'Pasbage'),
(862, 'Pattitalawa'),
(863, 'Peradeniya'),
(864, 'Pilimatalawa'),
(865, 'Poholiyadda'),
(866, 'Pubbiliya'),
(867, 'Pupuressa'),
(868, 'Pussellawa'),
(869, 'Putuhapuwa'),
(870, 'Rajawella'),
(871, 'Rambukpitiya'),
(872, 'Rambukwella'),
(873, 'Rangala'),
(874, 'Rantembe'),
(875, 'Sangarajapura'),
(876, 'Senarathwela'),
(877, 'Talatuoya'),
(878, 'Teldeniya'),
(879, 'Tennekumbura'),
(880, 'Uda Peradeniya'),
(881, 'Udahentenna'),
(882, 'Udatalawinna'),
(883, 'Udispattuwa'),
(884, 'Ududumbara'),
(885, 'Uduwahinna'),
(886, 'Uduwela'),
(887, 'Ulapane'),
(888, 'Unuwinna'),
(889, 'Velamboda'),
(890, 'Watagoda'),
(891, 'Watagoda Harispattuwa'),
(892, 'Wattappola'),
(893, 'Weligampola'),
(894, 'Wendaruwa'),
(895, 'Weragantota'),
(896, 'Werapitya'),
(897, 'Werellagama'),
(898, 'Wettawa'),
(899, 'Yahalatenna'),
(900, 'Yatihalagala'),
(901, 'Alawala'),
(902, 'Alawatura'),
(903, 'Alawwa'),
(904, 'Algama'),
(905, 'Alutnuwara'),
(906, 'Ambalakanda'),
(907, 'Ambulugala'),
(908, 'Amitirigala'),
(909, 'Ampagala'),
(910, 'Anhandiya'),
(911, 'Anhettigama'),
(912, 'Aranayaka'),
(913, 'Aruggammana'),
(914, 'Batuwita'),
(915, 'Beligala(Sab)'),
(916, 'Belihuloya'),
(917, 'Berannawa'),
(918, 'Bopitiya'),
(919, 'Bopitiya (SAB)'),
(920, 'Boralankada'),
(921, 'Bossella'),
(922, 'Bulathkohupitiya'),
(923, 'Damunupola'),
(924, 'Debathgama'),
(925, 'Dedugala'),
(926, 'Deewala Pallegama'),
(927, 'Dehiowita'),
(928, 'Deldeniya'),
(929, 'Deloluwa'),
(930, 'Deraniyagala'),
(931, 'Dewalegama'),
(932, 'Dewanagala'),
(933, 'Dombemada'),
(934, 'Dorawaka'),
(935, 'Dunumala'),
(936, 'Galapitamada'),
(937, 'Galatara'),
(938, 'Galigamuwa Town'),
(939, 'Gallella'),
(940, 'Galpatha(Sab)'),
(941, 'Gantuna'),
(942, 'Getahetta'),
(943, 'Godagampola'),
(944, 'Gonagala'),
(945, 'Hakahinna'),
(946, 'Hakbellawaka'),
(947, 'Halloluwa'),
(948, 'Hedunuwewa'),
(949, 'Hemmatagama'),
(950, 'Hewadiwela'),
(951, 'Hingula'),
(952, 'Hinguralakanda'),
(953, 'Hingurana'),
(954, 'Hiriwadunna'),
(955, 'Ihala Walpola'),
(956, 'Ihalagama'),
(957, 'Imbulana'),
(958, 'Imbulgasdeniya'),
(959, 'Kabagamuwa'),
(960, 'Kahapathwala'),
(961, 'Kandaketya'),
(962, 'Kannattota'),
(963, 'Karagahinna'),
(964, 'Kegalle'),
(965, 'Kehelpannala'),
(966, 'Ketawala Leula'),
(967, 'Kitulgala'),
(968, 'Kondeniya'),
(969, 'Kotiyakumbura'),
(970, 'Lewangama'),
(971, 'Mahabage'),
(972, 'Makehelwala'),
(973, 'Malalpola'),
(974, 'Maldeniya'),
(975, 'Maliboda'),
(976, 'Maliyadda'),
(977, 'Malmaduwa'),
(978, 'Marapana'),
(979, 'Mawanella'),
(980, 'Meetanwala'),
(981, 'Migastenna Sabara'),
(982, 'Miyanawita'),
(983, 'Molagoda'),
(984, 'Morontota'),
(985, 'Narangala'),
(986, 'Narangoda'),
(987, 'Nattarampotha'),
(988, 'Nelundeniya'),
(989, 'Niyadurupola'),
(990, 'Noori'),
(991, 'Pannila'),
(992, 'Pattampitiya'),
(993, 'Pilawala'),
(994, 'Pothukoladeniya'),
(995, 'Puswelitenna'),
(996, 'Rambukkana'),
(997, 'Rilpola'),
(998, 'Rukmale'),
(999, 'Ruwanwella'),
(1000, 'Samanalawewa'),
(1001, 'Seaforth Colony'),
(1002, 'Colombo 2'),
(1003, 'Spring Valley'),
(1004, 'Talgaspitiya'),
(1005, 'Teligama'),
(1006, 'Tholangamuwa'),
(1007, 'Thotawella'),
(1008, 'Udaha Hawupe'),
(1009, 'Udapotha'),
(1010, 'Uduwa'),
(1011, 'Undugoda'),
(1012, 'Ussapitiya'),
(1013, 'Wahakula'),
(1014, 'Waharaka'),
(1015, 'Wanaluwewa'),
(1016, 'Warakapola'),
(1017, 'Watura'),
(1018, 'Weeoya'),
(1019, 'Wegalla'),
(1020, 'Weligalla'),
(1021, 'Welihelatenna'),
(1022, 'Wewelwatta'),
(1023, 'Yatagama'),
(1024, 'Yatapana'),
(1025, 'Yatiyantota'),
(1026, 'Yattogoda'),
(1027, 'Kandavalai'),
(1028, 'Karachchi'),
(1029, 'Kilinochchi'),
(1030, 'Pachchilaipalli'),
(1031, 'Poonakary'),
(1032, 'Akurana'),
(1033, 'Alahengama'),
(1034, 'Alahitiyawa'),
(1035, 'Ambakote'),
(1036, 'Ambanpola'),
(1037, 'Andiyagala'),
(1038, 'Anukkane'),
(1039, 'Aragoda'),
(1040, 'Ataragalla'),
(1041, 'Awulegama'),
(1042, 'Balalla'),
(1043, 'Bamunukotuwa'),
(1044, 'Bandara Koswatta'),
(1045, 'Bingiriya'),
(1046, 'Bogamulla'),
(1047, 'Boraluwewa'),
(1048, 'Boyagane'),
(1049, 'Bujjomuwa'),
(1050, 'Buluwala'),
(1051, 'Dadayamtalawa'),
(1052, 'Dambadeniya'),
(1053, 'Daraluwa'),
(1054, 'Deegalla'),
(1055, 'Demataluwa'),
(1056, 'Demuwatha'),
(1057, 'Diddeniya'),
(1058, 'Digannewa'),
(1059, 'Divullegoda'),
(1060, 'Diyasenpura'),
(1061, 'Dodangaslanda'),
(1062, 'Doluwa'),
(1063, 'Doragamuwa'),
(1064, 'Doratiyawa'),
(1065, 'Dunumadalawa'),
(1066, 'Dunuwilapitiya'),
(1067, 'Ehetuwewa'),
(1068, 'Elibichchiya'),
(1069, 'Embogama'),
(1070, 'Etungahakotuwa'),
(1071, 'Galadivulwewa'),
(1072, 'Galgamuwa'),
(1073, 'Gallellagama'),
(1074, 'Gallewa'),
(1075, 'Ganegoda'),
(1076, 'Girathalana'),
(1077, 'Gokaralla'),
(1078, 'Gonawila'),
(1079, 'Halmillawewa'),
(1080, 'Handungamuwa'),
(1081, 'Harankahawa'),
(1082, 'Helamada'),
(1083, 'Hengamuwa'),
(1084, 'Hettipola'),
(1085, 'Hewainna'),
(1086, 'Hilogama'),
(1087, 'Hindagolla'),
(1088, 'Hiriyala Lenawa'),
(1089, 'Hiruwalpola'),
(1090, 'Horambawa'),
(1091, 'Hulogedara'),
(1092, 'Hulugalla'),
(1093, 'Ihala Gomugomuwa'),
(1094, 'Ihala Katugampala'),
(1095, 'Indulgodakanda'),
(1096, 'Ithanawatta'),
(1097, 'Kadigawa'),
(1098, 'Kalankuttiya'),
(1099, 'Kalatuwawa'),
(1100, 'Kalugamuwa'),
(1101, 'Kanadeniyawala'),
(1102, 'Kanattewewa'),
(1103, 'Kandegedara'),
(1104, 'Karagahagedara'),
(1105, 'Karambe'),
(1106, 'Katiyawa'),
(1107, 'Katupota'),
(1108, 'Kawudulla'),
(1109, 'Kawuduluwewa Stagell'),
(1110, 'Kekunagolla'),
(1111, 'Keppitiwalana'),
(1112, 'Kimbulwanaoya'),
(1113, 'Kirimetiyawa'),
(1114, 'Kirindawa'),
(1115, 'Kirindigalla'),
(1116, 'Kithalawa'),
(1117, 'Kitulwala'),
(1118, 'Kobeigane'),
(1119, 'Kohilagedara'),
(1120, 'Konwewa'),
(1121, 'Kosdeniya'),
(1122, 'Kosgolla'),
(1123, 'Kotagala'),
(1124, 'Colombo 13'),
(1125, 'Kotawehera'),
(1126, 'Kudagalgamuwa'),
(1127, 'Kudakatnoruwa'),
(1128, 'Kuliyapitiya'),
(1129, 'Kumaragama'),
(1130, 'Kumbukgeta'),
(1131, 'Kumbukwewa'),
(1132, 'Kuratihena'),
(1133, 'Kurunegala'),
(1134, 'lbbagamuwa'),
(1135, 'lhala Kadigamuwa'),
(1136, 'Lihiriyagama'),
(1137, 'lllagolla'),
(1138, 'llukhena'),
(1139, 'Lonahettiya'),
(1140, 'Madahapola'),
(1141, 'Madakumburumulla'),
(1142, 'Madalagama'),
(1143, 'Madawala Ulpotha'),
(1144, 'Maduragoda'),
(1145, 'Maeliya'),
(1146, 'Magulagama'),
(1147, 'Maha Ambagaswewa'),
(1148, 'Mahagalkadawala'),
(1149, 'Mahagirilla'),
(1150, 'Mahamukalanyaya'),
(1151, 'Mahananneriya'),
(1152, 'Mahapallegama'),
(1153, 'Maharachchimulla'),
(1154, 'Mahatalakolawewa'),
(1155, 'Mahawewa'),
(1156, 'Maho'),
(1157, 'Makulewa'),
(1158, 'Makulpotha'),
(1159, 'Makulwewa'),
(1160, 'Malagane'),
(1161, 'Mandapola'),
(1162, 'Maspotha'),
(1163, 'Mawathagama'),
(1164, 'Medirigiriya'),
(1165, 'Medivawa'),
(1166, 'Meegalawa'),
(1167, 'Meegaswewa'),
(1168, 'Meewellawa'),
(1169, 'Melsiripura'),
(1170, 'Metikumbura'),
(1171, 'Metiyagane'),
(1172, 'Minhettiya'),
(1173, 'Minuwangete'),
(1174, 'Mirihanagama'),
(1175, 'Monnekulama'),
(1176, 'Moragane'),
(1177, 'Moragollagama'),
(1178, 'Morathiha'),
(1179, 'Munamaldeniya'),
(1180, 'Muruthenge'),
(1181, 'Mutugala'),
(1182, 'Nabadewa'),
(1183, 'Nagollagama'),
(1184, 'Nagollagoda'),
(1185, 'Nakkawatta'),
(1186, 'Narammala'),
(1187, 'Nawasenapura'),
(1188, 'Nawatalwatta'),
(1189, 'Nelliya'),
(1190, 'Nikaweratiya'),
(1191, 'Nugagolla'),
(1192, 'Nugawela'),
(1193, 'Padeniya'),
(1194, 'Padiwela'),
(1195, 'Pahalagiribawa'),
(1196, 'Pahamune'),
(1197, 'Palagala'),
(1198, 'Palapathwela'),
(1199, 'Palaviya'),
(1200, 'Pallewela'),
(1201, 'Palukadawala'),
(1202, 'Panadaragama'),
(1203, 'Panagamuwa'),
(1204, 'Panaliya'),
(1205, 'Panapitiya'),
(1206, 'Panliyadda'),
(1207, 'Pansiyagama'),
(1208, 'Parape'),
(1209, 'Pathanewatta'),
(1210, 'Pattiya Watta'),
(1211, 'Perakanatta'),
(1212, 'Periyakadneluwa'),
(1213, 'Pihimbiya Ratmale'),
(1214, 'Pihimbuwa'),
(1215, 'Pilessa'),
(1216, 'Polgahawela'),
(1217, 'Polgolla'),
(1218, 'Polpithigama'),
(1219, 'Pothuhera'),
(1220, 'Pothupitiya'),
(1221, 'Pujapitiya'),
(1222, 'Rakwana'),
(1223, 'Ranorawa'),
(1224, 'Rathukohodigala'),
(1225, 'Ridibendiella'),
(1226, 'Ridigama'),
(1227, 'Saliya Asokapura'),
(1228, 'Sandalankawa'),
(1229, 'Sevanapitiya'),
(1230, 'Sirambiadiya'),
(1231, 'Sirisetagama'),
(1232, 'Siyambalangamuwa'),
(1233, 'Siyambalawewa'),
(1234, 'Solepura'),
(1235, 'Solewewa'),
(1236, 'Sunandapura'),
(1237, 'Talawattegedara'),
(1238, 'Tambutta'),
(1239, 'Tennepanguwa'),
(1240, 'Thalahitimulla'),
(1241, 'Thalakolawewa'),
(1242, 'Thalwita'),
(1243, 'Tharana Udawela'),
(1244, 'Thimbiriyawa'),
(1245, 'Tisogama'),
(1246, 'Thorayaya'),
(1247, 'Tulhiriya'),
(1248, 'Tuntota'),
(1249, 'Tuttiripitigama'),
(1250, 'Udagaldeniya'),
(1251, 'Udahingulwala'),
(1252, 'Udawatta'),
(1253, 'Udubaddawa'),
(1254, 'Udumulla'),
(1255, 'Uhumiya'),
(1256, 'Ulpotha Pallekele'),
(1257, 'Ulpothagama'),
(1258, 'Usgala Siyabmalangamuwa'),
(1259, 'Vijithapura'),
(1260, 'Wadakada'),
(1261, 'Wadumunnegedara'),
(1262, 'Walakumburumulla'),
(1263, 'Wannigama'),
(1264, 'Wannikudawewa'),
(1265, 'Wannilhalagama'),
(1266, 'Wannirasnayakapura'),
(1267, 'Warawewa'),
(1268, 'Wariyapola'),
(1269, 'Watareka'),
(1270, 'Wattegama'),
(1271, 'Watuwatta'),
(1272, 'Weerapokuna'),
(1273, 'Welawa Juncton'),
(1274, 'Welipennagahamulla'),
(1275, 'Wellagala'),
(1276, 'Wellarawa'),
(1277, 'Wellawa'),
(1278, 'Welpalla'),
(1279, 'Wennoruwa'),
(1280, 'Weuda'),
(1281, 'Wewagama'),
(1282, 'Wilgamuwa'),
(1283, 'Yakwila'),
(1284, 'Yatigaloluwa'),
(1285, 'Mannar'),
(1286, 'Puthukudiyiruppu'),
(1287, 'Akuramboda'),
(1288, 'Alawatuwala'),
(1289, 'Alwatta'),
(1290, 'Ambana'),
(1291, 'Aralaganwila'),
(1292, 'Ataragallewa'),
(1293, 'Bambaragaswewa'),
(1294, 'Barawardhana Oya'),
(1295, 'Beligamuwa'),
(1296, 'Damana'),
(1297, 'Dambulla'),
(1298, 'Damminna'),
(1299, 'Dankanda'),
(1300, 'Delwite'),
(1301, 'Devagiriya'),
(1302, 'Dewahuwa'),
(1303, 'Divuldamana'),
(1304, 'Dullewa'),
(1305, 'Dunkolawatta'),
(1306, 'Elkaduwa'),
(1307, 'Erawula Junction'),
(1308, 'Etanawala'),
(1309, 'Galewela'),
(1310, 'Galoya Junction'),
(1311, 'Gammaduwa'),
(1312, 'Gangala Puwakpitiya'),
(1313, 'Hasalaka'),
(1314, 'Hattota Amuna'),
(1315, 'Imbulgolla'),
(1316, 'Inamaluwa'),
(1317, 'Iriyagolla'),
(1318, 'Kaikawala'),
(1319, 'Kalundawa'),
(1320, 'Kandalama'),
(1321, 'Kavudupelella'),
(1322, 'Kibissa'),
(1323, 'Kiwula'),
(1324, 'Kongahawela'),
(1325, 'Laggala Pallegama'),
(1326, 'Leliambe'),
(1327, 'Lenadora'),
(1328, 'lhala Halmillewa'),
(1329, 'lllukkumbura'),
(1330, 'Madipola'),
(1332, 'Mahawela'),
(1333, 'Mananwatta'),
(1334, 'Maraka'),
(1335, 'Matale'),
(1336, 'Melipitiya'),
(1337, 'Metihakka'),
(1338, 'Millawana'),
(1339, 'Muwandeniya'),
(1340, 'Nalanda'),
(1341, 'Naula'),
(1342, 'Opalgala'),
(1343, 'Pallepola'),
(1344, 'Pimburattewa'),
(1345, 'Pulastigama'),
(1346, 'Ranamuregama'),
(1347, 'Rattota'),
(1348, 'Selagama'),
(1349, 'Sigiriya'),
(1350, 'Sinhagama'),
(1351, 'Sungavila'),
(1352, 'Talagoda Junction'),
(1353, 'Talakiriyagama'),
(1354, 'Tamankaduwa'),
(1355, 'Udasgiriya'),
(1356, 'Udatenna'),
(1357, 'Ukuwela'),
(1358, 'Wahacotte'),
(1359, 'Walawela'),
(1360, 'Wehigala'),
(1361, 'Welangahawatte'),
(1362, 'Wewalawewa'),
(1363, 'Yatawatta'),
(1364, 'Akuressa'),
(1365, 'Alapaladeniya'),
(1366, 'Aparekka'),
(1367, 'Athuraliya'),
(1368, 'Bengamuwa'),
(1369, 'Bopagoda'),
(1370, 'Dampahala'),
(1371, 'Deegala Lenama'),
(1372, 'Deiyandara'),
(1373, 'Denagama'),
(1374, 'Denipitiya'),
(1375, 'Deniyaya'),
(1376, 'Derangala'),
(1377, 'Devinuwara (Dondra)'),
(1378, 'Dikwella'),
(1379, 'Diyagaha'),
(1380, 'Diyalape'),
(1381, 'Gandara'),
(1382, 'Godapitiya'),
(1383, 'Gomilamawarala'),
(1384, 'Hawpe'),
(1385, 'Horapawita'),
(1386, 'Kalubowitiyana'),
(1387, 'Kamburugamuwa'),
(1388, 'Kamburupitiya'),
(1389, 'Karagoda Uyangoda'),
(1390, 'Karaputugala'),
(1391, 'Karatota'),
(1392, 'Kekanadura'),
(1393, 'Kiriweldola'),
(1394, 'Kiriwelkele'),
(1395, 'Kolawenigama'),
(1396, 'Kotapola'),
(1397, 'Lankagama'),
(1398, 'Makandura'),
(1399, 'Maliduwa'),
(1400, 'Maramba'),
(1401, 'Matara'),
(1402, 'Mediripitiya'),
(1403, 'Miella'),
(1404, 'Mirissa'),
(1405, 'Morawaka'),
(1406, 'Mulatiyana Junction'),
(1407, 'Nadugala'),
(1408, 'Naimana'),
(1409, 'Palatuwa'),
(1410, 'Parapamulla'),
(1411, 'Pasgoda'),
(1412, 'Penetiyana'),
(1413, 'Pitabeddara'),
(1414, 'Puhulwella'),
(1415, 'Radawela'),
(1416, 'Ransegoda'),
(1417, 'Rotumba'),
(1418, 'Sultanagoda'),
(1419, 'Telijjawila'),
(1420, 'Thihagoda'),
(1421, 'Urubokka'),
(1422, 'Urugamuwa'),
(1423, 'Urumutta'),
(1424, 'Viharahena'),
(1425, 'Walakanda'),
(1426, 'Walasgala'),
(1427, 'Waralla'),
(1428, 'Weligama'),
(1429, 'Wilpita'),
(1430, 'Yatiyana'),
(1431, 'Ayiwela'),
(1432, 'Badalkumbura'),
(1433, 'Baduluwela'),
(1434, 'Bakinigahawela'),
(1435, 'Balaharuwa'),
(1436, 'Bibile'),
(1437, 'Buddama'),
(1438, 'Buttala'),
(1439, 'Dambagalla'),
(1440, 'Diyakobala'),
(1441, 'Dombagahawela'),
(1442, 'Ethimalewewa'),
(1443, 'Ettiliwewa'),
(1444, 'Galabedda'),
(1445, 'Gamewela'),
(1446, 'Hambegamuwa'),
(1447, 'Hingurukaduwa'),
(1448, 'Hulandawa'),
(1449, 'Inginiyagala'),
(1450, 'Kandaudapanguwa'),
(1451, 'Kandawinna'),
(1452, 'Kataragama'),
(1453, 'Kotagama'),
(1454, 'Kotamuduna'),
(1455, 'Kotawehera Mankada'),
(1456, 'Kudawewa'),
(1457, 'Kumbukkana'),
(1458, 'Marawa'),
(1459, 'Mariarawa'),
(1460, 'Medagana'),
(1461, 'Medawelagama'),
(1462, 'Miyanakandura'),
(1463, 'Monaragala'),
(1464, 'Moretuwegama'),
(1465, 'Nakkala'),
(1466, 'Namunukula'),
(1467, 'Nannapurawa'),
(1468, 'Nelliyadda'),
(1469, 'Nilgala'),
(1470, 'Obbegoda'),
(1471, 'Okkampitiya'),
(1472, 'Pangura'),
(1473, 'Pitakumbura'),
(1474, 'Randeniya'),
(1475, 'Ruwalwela'),
(1476, 'Sella Kataragama'),
(1477, 'Siyambalagune'),
(1478, 'Siyambalanduwa'),
(1479, 'Suriara'),
(1480, 'Thanamalwila'),
(1481, 'Uva Gangodagama'),
(1482, 'Uva Kudaoya'),
(1483, 'Uva Pelwatta'),
(1484, 'Warunagama'),
(1485, 'Wedikumbura'),
(1486, 'Weherayaya Handapanagala'),
(1487, 'Wellawaya'),
(1488, 'Wilaoya'),
(1489, 'Yudaganawa'),
(1490, 'Mullativu'),
(1491, 'Agarapathana'),
(1492, 'Ambatalawa'),
(1493, 'Ambewela'),
(1494, 'Bogawantalawa'),
(1495, 'Bopattalawa'),
(1496, 'Dagampitiya'),
(1497, 'Dayagama Bazaar'),
(1498, 'Dikoya'),
(1499, 'Doragala'),
(1500, 'Dunukedeniya'),
(1501, 'Egodawela'),
(1502, 'Ekiriya'),
(1503, 'Elamulla'),
(1504, 'Ginigathena'),
(1505, 'Gonakele'),
(1506, 'Haggala'),
(1507, 'Halgranoya'),
(1508, 'Hangarapitiya'),
(1509, 'Hapugasthalawa'),
(1510, 'Harasbedda'),
(1511, 'Hatton'),
(1512, 'Hewaheta'),
(1513, 'Hitigegama'),
(1514, 'Jangulla'),
(1515, 'Kalaganwatta'),
(1516, 'Kandapola'),
(1517, 'Karandagolla'),
(1518, 'Keerthi Bandarapura'),
(1519, 'Kiribathkumbura'),
(1520, 'Kotiyagala'),
(1521, 'Kotmale'),
(1522, 'Kottellena'),
(1523, 'Kumbalgamuwa'),
(1524, 'Kumbukwela'),
(1525, 'Kurupanawela'),
(1526, 'Labukele'),
(1527, 'Laxapana'),
(1528, 'Lindula'),
(1529, 'Madulla'),
(1530, 'Mandaram Nuwara'),
(1531, 'Maskeliya'),
(1532, 'Maswela'),
(1533, 'Maturata'),
(1534, 'Mipanawa'),
(1535, 'Mipilimana'),
(1536, 'Morahenagama'),
(1537, 'Munwatta'),
(1538, 'Nayapana Janapadaya'),
(1539, 'Nildandahinna'),
(1540, 'Nissanka Uyana'),
(1541, 'Norwood'),
(1542, 'Nuwara Eliya'),
(1543, 'Padiyapelella'),
(1544, 'Pallebowala'),
(1545, 'Panvila'),
(1546, 'Pitawala'),
(1547, 'Pundaluoya'),
(1548, 'Ramboda'),
(1549, 'Rikillagaskada'),
(1550, 'Rozella'),
(1551, 'Rupaha'),
(1552, 'Ruwaneliya'),
(1553, 'Santhipura'),
(1554, 'Talawakele'),
(1555, 'Tawalantenna'),
(1556, 'Teripeha'),
(1557, 'Udamadura'),
(1558, 'Udapussallawa'),
(1559, 'Uva Deegalla'),
(1560, 'Uva Uduwara'),
(1561, 'Uvaparanagama'),
(1562, 'Walapane'),
(1563, 'Watawala'),
(1564, 'Widulipura'),
(1565, 'Wijebahukanda'),
(1566, 'Attanakadawala'),
(1567, 'Bakamuna'),
(1568, 'Diyabeduma'),
(1569, 'Elahera'),
(1570, 'Giritale'),
(1571, 'Hingurakdamana'),
(1572, 'Hingurakgoda'),
(1573, 'Jayanthipura'),
(1574, 'Kalingaela'),
(1575, 'Lakshauyana'),
(1576, 'Mankemi'),
(1577, 'Minneriya'),
(1578, 'Onegama'),
(1579, 'Orubendi Siyambalawa'),
(1580, 'Palugasdamana'),
(1581, 'Panichankemi'),
(1582, 'Polonnaruwa'),
(1583, 'Talpotha'),
(1584, 'Tambala'),
(1585, 'Unagalavehera'),
(1586, 'Wijayabapura'),
(1587, 'Adippala'),
(1588, 'Alutgama'),
(1589, 'Alutwewa'),
(1590, 'Ambakandawila'),
(1591, 'Anamaduwa'),
(1592, 'Andigama'),
(1593, 'Angunawila'),
(1594, 'Attawilluwa'),
(1595, 'Bangadeniya'),
(1596, 'Baranankattuwa'),
(1597, 'Battuluoya'),
(1598, 'Bujjampola'),
(1599, 'Chilaw'),
(1600, 'Dalukana'),
(1601, 'Dankotuwa'),
(1602, 'Dewagala'),
(1603, 'Dummalasuriya'),
(1604, 'Dunkannawa'),
(1605, 'Eluwankulama'),
(1606, 'Ettale'),
(1607, 'Galamuna'),
(1608, 'Galmuruwa'),
(1609, 'Hansayapalama'),
(1610, 'Ihala Kottaramulla'),
(1611, 'Ilippadeniya'),
(1612, 'Inginimitiya'),
(1613, 'Ismailpuram'),
(1614, 'Jayasiripura'),
(1615, 'Kakkapalliya'),
(1616, 'Kalkudah'),
(1617, 'Kalladiya'),
(1618, 'Kandakuliya'),
(1619, 'Karathivu'),
(1620, 'Karawitagara'),
(1621, 'Karuwalagaswewa'),
(1622, 'Katuneriya'),
(1623, 'Koswatta'),
(1624, 'Kottantivu'),
(1625, 'Kottapitiya'),
(1626, 'Kottukachchiya'),
(1627, 'Kumarakattuwa'),
(1628, 'Kurinjanpitiya'),
(1629, 'Kuruketiyawa'),
(1630, 'Lunuwila'),
(1631, 'Madampe'),
(1632, 'Madurankuliya'),
(1633, 'Mahakumbukkadawala'),
(1634, 'Mahauswewa'),
(1635, 'Mampitiya'),
(1636, 'Mampuri'),
(1637, 'Mangalaeliya'),
(1638, 'Marawila'),
(1639, 'Mudalakkuliya'),
(1640, 'Mugunuwatawana'),
(1641, 'Mukkutoduwawa'),
(1642, 'Mundel'),
(1643, 'Muttibendiwila'),
(1644, 'Nainamadama'),
(1645, 'Nalladarankattuwa'),
(1646, 'Nattandiya'),
(1647, 'Nawagattegama'),
(1648, 'Nelumwewa'),
(1649, 'Norachcholai'),
(1650, 'Pallama'),
(1651, 'Palliwasalturai'),
(1652, 'Panirendawa'),
(1653, 'Parakramasamudraya'),
(1654, 'Pothuwatawana'),
(1655, 'Puttalam'),
(1656, 'Puttalam Cement Factory'),
(1657, 'Rajakadaluwa'),
(1658, 'Saliyawewa Junction'),
(1659, 'Serukele'),
(1660, 'Siyambalagashene'),
(1661, 'Tabbowa'),
(1662, 'Talawila Church'),
(1663, 'Toduwawa'),
(1664, 'Udappuwa'),
(1665, 'Uridyawa'),
(1666, 'Vanathawilluwa'),
(1667, 'Waikkal'),
(1668, 'Watugahamulla'),
(1669, 'Wennappuwa'),
(1670, 'Wijeyakatupotha'),
(1671, 'Wilpotha'),
(1672, 'Yodaela'),
(1673, 'Yogiyana'),
(1674, 'Akarella'),
(1675, 'Amunumulla'),
(1676, 'Atakalanpanna'),
(1677, 'Ayagama'),
(1678, 'Balangoda'),
(1679, 'Batatota'),
(1680, 'Beralapanathara'),
(1681, 'Bogahakumbura'),
(1682, 'Bolthumbe'),
(1683, 'Bomluwageaina'),
(1684, 'Bowalagama'),
(1685, 'Bulutota'),
(1686, 'Dambuluwana'),
(1687, 'Daugala'),
(1688, 'Dela'),
(1689, 'Delwala'),
(1690, 'Dodampe'),
(1691, 'Doloswalakanda'),
(1692, 'Dumbara Manana'),
(1693, 'Eheliyagoda'),
(1694, 'Ekamutugama'),
(1695, 'Elapatha'),
(1696, 'Ellagawa'),
(1697, 'Ellaulla'),
(1698, 'Ellawala'),
(1699, 'Embilipitiya'),
(1700, 'Eratna'),
(1701, 'Erepola'),
(1702, 'Gabbela'),
(1703, 'Gangeyaya'),
(1704, 'Gawaragiriya'),
(1705, 'Gillimale'),
(1706, 'Godakawela'),
(1707, 'Gurubewilagama'),
(1708, 'Halwinna'),
(1709, 'Handagiriya'),
(1710, 'Hatangala'),
(1711, 'Hatarabage'),
(1712, 'Hewanakumbura'),
(1713, 'Hidellana'),
(1714, 'Hiramadagama'),
(1715, 'Horewelagoda'),
(1716, 'Ittakanda'),
(1717, 'Kahangama'),
(1718, 'Kahawatta'),
(1719, 'Kalawana'),
(1720, 'Kaltota'),
(1721, 'Kalubululanda'),
(1722, 'Kananke Bazaar'),
(1723, 'Kandepuhulpola'),
(1724, 'Karandana'),
(1725, 'Karangoda'),
(1726, 'Kella Junction'),
(1727, 'Keppetipola'),
(1728, 'Kiriella'),
(1729, 'Kiriibbanwewa'),
(1730, 'Kolambage Ara'),
(1731, 'Kolombugama'),
(1732, 'Kolonna'),
(1733, 'Kudawa'),
(1734, 'Kuruwita'),
(1735, 'Lellopitiya'),
(1736, 'Imaduwa'),
(1737, 'Imbulpe'),
(1738, 'Mahagama Colony'),
(1739, 'Mahawalatenna'),
(1740, 'Makandura'),
(1741, 'Malwala Junction'),
(1742, 'Malwatta'),
(1743, 'Matuwagalagama'),
(1744, 'Medagalature'),
(1745, 'Meddekanda'),
(1746, 'Minipura Dumbara'),
(1747, 'Mitipola'),
(1748, 'Moragala Kirillapone'),
(1749, 'Morahela'),
(1750, 'Mulendiyawala'),
(1751, 'Mulgama'),
(1752, 'Nawalakanda'),
(1753, 'Nawinnapinnakanda'),
(1754, 'Niralagama'),
(1755, 'Nivitigala'),
(1756, 'Omalpe'),
(1757, 'Opanayaka'),
(1758, 'Padalangala'),
(1759, 'Pallebedda'),
(1760, 'Pallekanda'),
(1761, 'Pambagolla'),
(1762, 'Panamura'),
(1763, 'Panapola'),
(1764, 'Paragala'),
(1765, 'Parakaduwa'),
(1766, 'Pebotuwa'),
(1767, 'Pelmadulla'),
(1768, 'Pinnawala'),
(1769, 'Pothdeniya'),
(1770, 'Rajawaka'),
(1771, 'Ranwala'),
(1772, 'Rassagala'),
(1773, 'Rathgama'),
(1774, 'Ratna Hangamuwa'),
(1775, 'Ratnapura'),
(1776, 'Sewanagala'),
(1777, 'Sri Palabaddala'),
(1778, 'Sudagala'),
(1779, 'Thalakolahinna'),
(1780, 'Thanjantenna'),
(1781, 'Theppanawa'),
(1782, 'Thunkama'),
(1783, 'Udakarawita'),
(1784, 'Udaniriella'),
(1785, 'Udawalawe'),
(1786, 'Ullinduwawa'),
(1787, 'Veddagala'),
(1788, 'Vijeriya'),
(1789, 'Waleboda'),
(1790, 'Watapotha'),
(1791, 'Waturawa'),
(1792, 'Weligepola'),
(1793, 'Welipathayaya'),
(1794, 'Wikiliya'),
(1795, 'Agbopura'),
(1796, 'Buckmigama'),
(1797, 'China Bay'),
(1798, 'Dehiwatte'),
(1799, 'Echchilampattai'),
(1800, 'Galmetiyawa'),
(1801, 'Gomarankadawala'),
(1802, 'Kaddaiparichchan'),
(1803, 'Kallar'),
(1804, 'Kanniya'),
(1805, 'Kantalai'),
(1806, 'Kantalai Sugar Factory'),
(1807, 'Kiliveddy'),
(1808, 'Kinniya'),
(1809, 'Kuchchaveli'),
(1810, 'Kumburupiddy'),
(1811, 'Kurinchakemy'),
(1812, 'Lankapatuna'),
(1813, 'Mahadivulwewa'),
(1814, 'Maharugiramam'),
(1815, 'Mallikativu'),
(1816, 'Mawadichenai'),
(1817, 'Mullipothana'),
(1818, 'Mutur'),
(1819, 'Neelapola'),
(1820, 'Nilaveli'),
(1821, 'Pankulam'),
(1822, 'Pulmoddai'),
(1823, 'Rottawewa'),
(1824, 'Sampaltivu'),
(1825, 'Sampoor'),
(1826, 'Serunuwara'),
(1827, 'Seruwila'),
(1828, 'Sirajnagar'),
(1829, 'Somapura'),
(1830, 'Tampalakamam'),
(1831, 'Thuraineelavanai'),
(1832, 'Tiriyayi'),
(1833, 'Toppur'),
(1834, 'Trincomalee'),
(1835, 'Wanela'),
(1836, 'Vavuniya'),
(1837, 'Colombo 1'),
(1838, 'Colombo 3'),
(1839, 'Colombo 4'),
(1840, 'Colombo 5'),
(1841, 'Colombo 7'),
(1842, 'Colombo 9'),
(1843, 'Colombo 10'),
(1844, 'Colombo 11'),
(1845, 'Colombo 12'),
(1846, 'Colombo 14'),
(1847, 'Kottawa'),
(1848, 'Rajagiriya'),
(1849, 'Nawala'),
(1850, 'International'),
(1851, 'Wellawatta'),
(1852, 'Colombo');

-- --------------------------------------------------------

--
-- Table structure for table `hotel`
--

DROP TABLE IF EXISTS `hotel`;
CREATE TABLE IF NOT EXISTS `hotel` (
  `id` int(11) NOT NULL AUTO_INCREMENT,
  `city_id` int(11) NOT NULL,
  `hotel_name` varchar(100) NOT NULL,
  `hotel_price` varchar(1000) NOT NULL,
  `hotel_review_count` varchar(1000) NOT NULL,
  `hotel_address` varchar(1000) NOT NULL,
  `hotel_contact` varchar(100) NOT NULL,
  `hotel_description` varchar(1000) NOT NULL,
  `hotel_website` varchar(1000) NOT NULL,
  `hotel_class` varchar(100) NOT NULL,
  `hotel_geocode_lat` varchar(1000) NOT NULL,
  `hotel_geocode_lon` varchar(1000) NOT NULL,
  PRIMARY KEY (`id`),
  KEY `city_id` (`city_id`)
) ENGINE=InnoDB AUTO_INCREMENT=23 DEFAULT CHARSET=utf8;

--
-- Dumping data for table `hotel`
--

INSERT INTO `hotel` (`id`, `city_id`, `hotel_name`, `hotel_price`, `hotel_review_count`, `hotel_address`, `hotel_contact`, `hotel_description`, `hotel_website`, `hotel_class`, `hotel_geocode_lat`, `hotel_geocode_lon`) VALUES
(1, 1, 'Beach Guest House Addalaichenai', '3,892', '0', 'Beach Road, Addalaichenai 32000 Sri Lanka', '-', '-', '-', '-', '7.250977', '81.863663'),
(2, 1, 'Thompukandam Village Resort', '47,891', '20', 'No. 72 Addapalam, Ninthavur, Ampara 32000 Sri Lanka', '-', '-', '-', '3.0', '7.321017', '81.857758'),
(3, 1, 'Quench Inn', '1,968', '1', 'C/279/5, Senanayakapura, Ampara 32000 Sri Lanka', '-', '-', '-', '-', '7.285041', '81.686760'),
(4, 1, 'Light House Beach Hut', '720', '5', 'Lighthouse Road, Komari 32500 Sri Lanka', '-', '-', '-', '-', '7.025424', '81.876991'),
(5, 1, 'Aprota Villas Arugambay', '72,046', '47', 'Aprota Villas Arugambay Sedo Vadakku Veethy, Urani Sedo Vadakku Veethy, Urani, Pottuvil, Arugam Bay 32500 Sri Lanka', '-', 'Aprota Villas Arugambay, A beachfront luxury boutique property with chalets and villas, situated in the unspoilt eastern shores of Sri Lanka. We are few minutes\' drive away from the famous Arugam Bay surfing point and walking distance to famous Whiskey Point.Read more', '-', '-', '6.917270', '81.845444'),
(6, 1, 'Rathnapriya Safari Guest Galoya', '6,498', '6', '2/A, Rathnapriya Dam Road Near The National Park Entrance, Inginiyagala, Inginiyagala 91040 Sri Lanka', '-', 'Rathnapriya Safari Guest Galoya set in Ampara.Amoung the various facilities & various activities of this property are free bikes,free wi-fi, a terrace & jeep & boat safari,hicking, & fishing guests can enjoy near the accomadation.The guest house features are mountain view,children\'s play ground & 24 hour front desk.With a privert bathroom,rooms at also offer garden view.Read more', '-', '-', '7.219532', '81.543320'),
(7, 1, 'Whisky Point Surf Cabana', '7,205', '4', 'Arugam Bay 32500 Sri Lanka', '-', '5 Mitutes walk to whisky pointRead more', '-', '-', '6.913230', '81.845848'),
(8, 1, 'Exotic Beach Hotel', '7,581', '0', 'Kanthaiya St Whisky Point, Pottuvil, Arugam Bay 32500 Sri Lanka', '-', '-', '-', '-', '6.911572', '81.844162'),
(9, 1, 'Eco Aloevera Garden', '3,249', '0', 'Whisky point Urani, Pottuvil, Arugam Bay 32500 Sri Lanka', '-', '-', '-', '-', '6.908028', '81.843323'),
(10, 1, 'Paper Moon Kudils', '34,644', '113', 'Whisky Point Arugambay, Pottuvil, Arugam Bay 32500 Sri Lanka', '-', 'Overlooking the Whisky Point surfing spot in Arugam Bay, Paper Moon Kudils of Whisky Point Resorts is a beachside getaway made up of a cluster of rustic ‘kudils’ that offer a charmed way of life. Whisky Point is a popular spot for novice surfers with slow rolling waves. Combined with the laidback beach expanse the ‘Kudils’ offer a potent setting for letting loose and embracing a simple beach lifestyle. Things are run in an unconventional way at Paper Moon Kudils, which is very much a part of the locality. Expect some warm hospitality and your input and encouragement are highly valued at any time. While you ease into your home away from home, there are a few DIYs to keep in mind during your stay to encourage energy efficiency and environmentally friendly ways of holidaying to your heart’s content. Read on and find out more. Arugambay Roccos, our sister property, is located along Main Street, Arugambay.Read more', '-', '3.0', '6.908012', '81.842560'),
(11, 1, 'Riva Del Sole', ' 12,274', '11', 'Kanagar Village Urani, Pottuvil, Arugam Bay 32500 Sri Lanka', '-', 'Featuring a garden, Riva del Sole is located in Arugam Bay and is 8 km from Muhudu Maha Viharaya. Providing a restaurant, the property also features a terrace. Magul Maha Viharaya is 19.3 km from the resort. All guest rooms at the resort come with a seating area. Every room is equipped with a private bathroom and a bath, and certain units at Riva del Sole have a balcony.Read more', '-', '-', '6.907790', '81.841431'),
(12, 1, 'Aliya Village', '23,415', '0', 'Whisky Point, Kurangumadu Urani, Pudududiyiruppu 32500 Sri Lanka', '-', '-', '-', '-', '6.907193', '81.840904'),
(13, 1, 'De Perla Resort', '11,790', '10', 'Whisky Point, Arugam Bay 32500 Sri Lanka', '-', 'There are 2 no of separate rooms available with bathroom. This property is located from 3 min walking distance to main surf point whiskey point.Read more', '-', '-', '6.906835', '81.842117'),
(14, 1, 'Reddalf\'s Holiday Resort', '16,210', '2', '292 Kottukal Central Road Wiskey Point, Arugam Bay 32500 Sri Lanka', '-', '-', '-', '-', '6.905880', '81.843262'),
(15, 1, 'Whisky Point Resort', ' 5,764', '51', 'Whisky Point Road, Pottuvil, Arugam Bay 32500 Sri Lanka', '-', 'Choose between a Wooden Cabana with a Balcony or Patio and a Private Bathroom or an Open Air Pagoda with a shared bathroom. All our rooms offer ocean views. We provide unlimited drinking water to avoid plastic, daily refreshment of the room, fine bed linens and towels, WiFi, room Service – everything for you to enjoy a tropical life with a touch of luxury!Read more', '-', '-', '6.905878', '81.843300'),
(16, 1, 'Prime Surfers Bungalow', '15,884', '0', 'Surfers Street, Whiskey Point, Pottuvil, Arugam Bay 32500 Sri Lanka', '-', '-', '-', '-', '6.905534', '81.841125'),
(17, 1, 'The Coconut Homestay, Bar & Restaurant', '5,054', '1', 'Whiskey Point, Urani Arugam Bay, Batticaloa 32500 Sri Lanka', '-', '-', '-', '-', '6.903448', '81.840706'),
(18, 1, 'Dream Garden Resort', '26,185', '49', 'Whiskey Point Road Koddukal, Urani, Pottuvil, Arugam Bay 32500 Sri Lanka', '-', 'Dream Garden Resort is a tropical oasis, located at Whisky Point on Sri Lanka’s east coast, near Arugam Bay. Our resort with restaurant, bar and swimming pool is nested between two world famous surf breaks at walking distance, Whisky (200m) and Pottuvil Point (500m) and offer 10 spacious AC accommodations from Deluxe single and double rooms to studios and family bungalow with kitchen. At Dream Garden, you will enjoy quiet nights, relax in our lushy tropical garden, enjoy our restaurant and pool just 15 minutes away (10km) from the hustle and bustle of Arugam Bay. Our restaurant serves authentic italian specialities (pizza, homemade pasta, prosciutto...), seafood dishes, but also the main \"must try\" Sri Lankan specialities. Our bar has the full liquor license and offers cocktails, beers and imported wines and liquors. Beside surfing, we can easily organise some boat safaris on the nearby lagoon or half day package to Kumana National Park.Read more', '-', '3.0', '6.901990', '81.842850'),
(19, 1, 'Ecoland Resort', '8,285', '0', 'Whisky Point Pudududiyiruppu, Pottuvil, Arugam Bay 32500 Sri Lanka', '-', 'Ecoland resort is nested on a large and wild piece of land, walking distance from whisky surfing point (one of the best surf break in Arugam Bay)Read more', '-', '-', '6.900155', '81.841599'),
(20, 3, '1. Thompukandam Village Resort', '47,891', '20', 'No. 72 Addapalam, Ninthavur, Ampara 32000 Sri Lanka', '-', '-', '-', '3.0', '7.321017', '81.857758'),
(21, 3, '2. GreenBees Nature Farm', '15,932', '1', 'Dumana Wewa, Pollebedda, Maha Oya, Ampara 32000 Sri Lanka', '-', 'Farm house and camping site.Read more', '-', '-', '7.458399', '81.364899'),
(22, 3, '3. Explorer by Mahoora - Maduru Oya', '568,890', '1', 'Maduru Oya National Park, Ampara 51108 Sri Lanka', '-', 'Explorer by Mahoora is a highly unique and immersive experience of living with untamed Sri Lankan wildlife inside National Parks and Nature Reserves across the country. Our Private Tented Safari Camp Experience in Maduru Oya National Park is on the banks of Maduru Oya Reservoir. The property features mountain and lake views.Read more', '-', '-', '7.647636', '81.186821');

-- --------------------------------------------------------

--
-- Table structure for table `hotel_feature`
--

DROP TABLE IF EXISTS `hotel_feature`;
CREATE TABLE IF NOT EXISTS `hotel_feature` (
  `id` int(11) NOT NULL AUTO_INCREMENT,
  `hotel_id` int(11) NOT NULL,
  `feature_type` varchar(1000) NOT NULL,
  PRIMARY KEY (`id`),
  KEY `FK_HOTEL_ID_FEATURE` (`hotel_id`)
) ENGINE=InnoDB AUTO_INCREMENT=294 DEFAULT CHARSET=utf8;

--
-- Dumping data for table `hotel_feature`
--

INSERT INTO `hotel_feature` (`id`, `hotel_id`, `feature_type`) VALUES
(1, 1, 'Children Activities (Kid / Family Friendly)'),
(2, 2, 'Free parking'),
(3, 2, 'Free High Speed Internet (WiFi)'),
(4, 2, 'Pool'),
(5, 2, 'Restaurant'),
(6, 2, 'Airport transportation'),
(7, 2, 'Business Center with Internet Access'),
(8, 2, 'Meeting rooms'),
(9, 2, 'BBQ facilities'),
(10, 2, 'Secured parking'),
(11, 2, 'Wifi'),
(12, 2, 'Outdoor pool'),
(13, 2, 'Newspaper'),
(14, 2, '24-hour front desk'),
(15, 2, 'Laundry service'),
(16, 2, 'Air conditioning'),
(17, 2, 'Desk'),
(18, 2, 'Room service'),
(19, 2, 'Seating area'),
(20, 2, 'Coffee / tea maker'),
(21, 2, 'Minibar'),
(22, 2, 'Bath / shower'),
(23, 2, 'Complimentary toiletries'),
(24, 2, 'Telephone'),
(25, 2, 'Bottled water'),
(26, 2, 'Refrigerator'),
(27, 2, 'Suites'),
(28, 3, 'Restaurant'),
(29, 3, 'Children Activities (Kid / Family Friendly)'),
(30, 4, 'Free parking'),
(31, 4, 'Restaurant'),
(32, 4, 'Beach'),
(33, 4, 'Bicycle rental'),
(34, 4, 'Airport transportation'),
(35, 4, 'BBQ facilities'),
(36, 4, 'Outdoor furniture'),
(37, 4, '24-hour front desk'),
(38, 4, 'Secured parking'),
(39, 4, 'Sun terrace'),
(40, 4, 'Laundry service'),
(41, 4, 'Soundproof rooms'),
(42, 4, 'Private beach'),
(43, 4, 'Family rooms'),
(44, 5, 'Free parking'),
(45, 5, 'Free High Speed Internet (WiFi)'),
(46, 5, 'Pool'),
(47, 5, 'Fitness Center with Gym / Workout Room'),
(48, 5, 'Free breakfast'),
(49, 5, 'Beach'),
(50, 5, 'Bicycle rental'),
(51, 5, 'Kids stay free'),
(52, 5, 'Electric vehicle charging station'),
(53, 5, 'Valet parking'),
(54, 5, 'Wifi'),
(55, 5, 'Pool / beach towels'),
(56, 5, 'Swimming pool toys'),
(57, 5, 'Infinity pool'),
(58, 5, 'Pool with view'),
(59, 5, 'Adult pool'),
(60, 5, 'Outdoor pool'),
(61, 5, 'Private pool'),
(62, 5, 'Plunge pool'),
(63, 5, 'Shallow end in pool'),
(64, 5, 'Bar / lounge'),
(65, 5, 'Coffee shop'),
(66, 5, 'Restaurant'),
(67, 5, 'Breakfast available'),
(68, 5, 'Breakfast in the room'),
(69, 5, 'Complimentary Instant Coffee'),
(70, 5, 'Complimentary tea'),
(71, 5, 'Complimentary welcome drink'),
(72, 5, 'Kids\' meals'),
(73, 5, 'Outdoor dining area'),
(74, 5, 'Snack bar'),
(75, 5, 'Special diet menus'),
(76, 5, 'Wine / champagne'),
(77, 5, 'Swimup bar'),
(78, 5, 'Poolside bar'),
(79, 5, 'Bicycles available'),
(80, 5, 'Canoeing'),
(81, 5, 'Water sport equipment rentals'),
(82, 5, 'Walking tours'),
(83, 5, 'Board games / puzzles'),
(84, 5, 'Nightclub / DJ'),
(85, 5, 'Children\'s television networks'),
(86, 5, 'Kids pool'),
(87, 5, 'Highchairs available'),
(88, 5, 'Airport transportation'),
(89, 5, 'Business Center with Internet Access'),
(90, 5, 'Conference facilities'),
(91, 5, 'Meeting rooms'),
(92, 5, 'Photo copier / fax In business center'),
(93, 5, 'Spa'),
(94, 5, '24-hour security'),
(95, 5, 'BBQ facilities'),
(96, 5, 'Baggage storage'),
(97, 5, 'Concierge'),
(98, 5, 'Non-smoking hotel'),
(99, 5, 'Outdoor furniture'),
(100, 5, 'Picnic area'),
(101, 5, 'Sun deck'),
(102, 5, 'Sun loungers / beach chairs'),
(103, 5, 'Sun terrace'),
(104, 5, 'Sun umbrellas'),
(105, 5, 'Butler service'),
(106, 5, 'Doorperson'),
(107, 5, 'First aid kit'),
(108, 5, 'Umbrella'),
(109, 5, '24-hour front desk'),
(110, 5, 'Private check-in / check-out'),
(111, 5, 'Dry cleaning'),
(112, 5, 'Laundry service'),
(113, 5, 'Ironing service'),
(114, 5, 'Blackout curtains'),
(115, 5, 'Bathrobes'),
(116, 5, 'Air conditioning'),
(117, 5, 'Desk'),
(118, 5, 'Housekeeping'),
(119, 5, 'Coffee / tea maker'),
(120, 5, 'Cable / satellite TV'),
(121, 5, 'Bidet'),
(122, 5, 'Interconnected rooms available'),
(123, 5, 'Private balcony'),
(124, 5, 'Room service'),
(125, 5, 'Safe'),
(126, 5, 'Seating area'),
(127, 5, 'Sofa'),
(128, 5, 'Telephone'),
(129, 5, 'Wardrobe / closet'),
(130, 5, 'Bottled water'),
(131, 5, 'Minibar'),
(132, 5, 'Refrigerator'),
(133, 5, 'Electric kettle'),
(134, 5, 'Flatscreen TV'),
(135, 5, 'On-demand movies'),
(136, 5, 'Bath / shower'),
(137, 5, 'Complimentary toiletries'),
(138, 5, 'Hair dryer'),
(139, 5, 'Ocean view'),
(140, 5, 'Non-smoking rooms'),
(141, 5, 'Suites'),
(142, 5, 'Family rooms'),
(143, 6, 'Free parking'),
(144, 6, 'Free High Speed Internet (WiFi)'),
(145, 6, 'Wifi'),
(146, 6, 'Free breakfast'),
(147, 6, 'Pets Allowed ( Dog / Pet Friendly )'),
(148, 6, 'Airport transportation'),
(149, 6, 'Shuttle bus service'),
(150, 6, 'Room service'),
(151, 7, 'Free parking'),
(152, 7, 'Free High Speed Internet (WiFi)'),
(153, 7, 'Wifi'),
(154, 7, 'Free breakfast'),
(155, 7, 'Restaurant'),
(156, 7, 'Beach'),
(157, 7, 'Pets Allowed ( Dog / Pet Friendly )'),
(158, 7, 'Airport transportation'),
(159, 10, 'Free parking'),
(160, 10, 'Free internet'),
(161, 10, 'Pool'),
(162, 10, 'Fitness Center with Gym / Workout Room'),
(163, 10, 'Free breakfast'),
(164, 10, 'Beach'),
(165, 10, 'Fishing'),
(166, 10, 'Children Activities (Kid / Family Friendly)'),
(167, 10, 'Secured parking'),
(168, 10, 'Internet'),
(169, 10, 'Pool / beach towels'),
(170, 10, 'Outdoor pool'),
(171, 10, 'Restaurant'),
(172, 10, 'Breakfast available'),
(173, 10, 'Complimentary welcome drink'),
(174, 10, 'Airport transportation'),
(175, 10, 'Car hire'),
(176, 10, '24-hour security'),
(177, 10, 'Outdoor furniture'),
(178, 10, 'Shared lounge / TV area'),
(179, 10, 'Sun loungers / beach chairs'),
(180, 10, 'Sun terrace'),
(181, 10, '24-hour front desk'),
(182, 10, 'Express check-in / check-out'),
(183, 10, 'Laundry service'),
(184, 10, 'Ironing service'),
(185, 10, 'Blackout curtains'),
(186, 10, 'Private beach'),
(187, 10, 'Desk'),
(188, 10, 'Seating area'),
(189, 10, 'Bottled water'),
(190, 10, 'Wake-up service / alarm clock'),
(191, 10, 'Bath / shower'),
(192, 10, 'Non-smoking rooms'),
(193, 11, 'Free parking'),
(194, 11, 'Free internet'),
(195, 11, 'Free breakfast'),
(196, 11, 'Beach'),
(197, 11, 'Children Activities (Kid / Family Friendly)'),
(198, 11, 'Airport transportation'),
(199, 11, 'Business Center with Internet Access'),
(200, 11, 'Spa'),
(201, 11, 'Secured parking'),
(202, 11, 'Restaurant'),
(203, 11, 'Room service'),
(204, 13, 'Free parking'),
(205, 13, 'Free High Speed Internet (WiFi)'),
(206, 13, 'Wifi'),
(207, 13, 'Free breakfast'),
(208, 13, 'Restaurant'),
(209, 13, 'Beach'),
(210, 13, 'Pets Allowed ( Dog / Pet Friendly )'),
(211, 13, 'Airport transportation'),
(212, 13, 'Family rooms'),
(213, 13, 'Smoking rooms available'),
(214, 15, 'Free parking'),
(215, 15, 'Free High Speed Internet (WiFi)'),
(216, 15, 'Yoga classes'),
(217, 15, 'Free breakfast'),
(218, 15, 'Beach'),
(219, 15, 'Snorkeling'),
(220, 15, 'Pets Allowed ( Dog / Pet Friendly )'),
(221, 15, 'Airport transportation'),
(222, 15, 'Secured parking'),
(223, 15, 'Wifi'),
(224, 15, 'Yoga room'),
(225, 15, 'Bar / lounge'),
(226, 15, 'Restaurant'),
(227, 15, 'Bicycle tours'),
(228, 15, 'Fishing'),
(229, 15, 'Nightclub / DJ'),
(230, 15, 'Shuttle bus service'),
(231, 15, 'Car hire'),
(232, 15, 'Taxi service'),
(233, 15, 'Spa'),
(234, 15, 'Massage'),
(235, 15, 'Neck massage'),
(236, 15, 'Concierge'),
(237, 15, 'Currency exchange'),
(238, 15, 'Mosquito net'),
(239, 15, 'Outdoor fireplace'),
(240, 15, 'Outdoor furniture'),
(241, 15, 'Picnic area'),
(242, 15, 'Sun loungers / beach chairs'),
(243, 15, 'Laundry service'),
(244, 15, 'Housekeeping'),
(245, 15, 'Room service'),
(246, 15, 'Bath / shower'),
(247, 15, 'Ocean view'),
(248, 15, 'Landmark view'),
(249, 15, 'Non-smoking rooms'),
(250, 18, 'Free parking'),
(251, 18, 'Free High Speed Internet (WiFi)'),
(252, 18, 'Pool'),
(253, 18, 'Bar / lounge'),
(254, 18, 'Beach'),
(255, 18, 'Bicycle rental'),
(256, 18, 'Children Activities (Kid / Family Friendly)'),
(257, 18, 'Pets Allowed ( Dog / Pet Friendly )'),
(258, 18, 'Parking'),
(259, 18, 'Wifi'),
(260, 18, 'Pool / beach towels'),
(261, 18, 'Outdoor pool'),
(262, 18, 'Restaurant'),
(263, 18, 'Breakfast available'),
(264, 18, 'Water sport equipment rentals'),
(265, 18, 'Airport transportation'),
(266, 18, 'Non-smoking hotel'),
(267, 18, 'Sun umbrellas'),
(268, 18, 'Laundry service'),
(269, 18, 'Air conditioning'),
(270, 18, 'Desk'),
(271, 18, 'Housekeeping'),
(272, 18, 'Room service'),
(273, 18, 'Electric kettle'),
(274, 18, 'Cable / satellite TV'),
(275, 18, 'Flatscreen TV'),
(276, 18, 'Bath / shower'),
(277, 18, 'Safe'),
(278, 18, 'Seating area'),
(279, 18, 'Telephone'),
(280, 18, 'Wardrobe / closet'),
(281, 18, 'Clothes rack'),
(282, 18, 'Private bathrooms'),
(283, 18, 'Wake-up service / alarm clock'),
(284, 18, 'Complimentary toiletries'),
(285, 18, 'Hair dryer'),
(286, 18, 'Non-smoking rooms'),
(287, 18, 'Suites'),
(288, 18, 'Family rooms'),
(289, 19, 'Free parking'),
(290, 19, 'Restaurant'),
(291, 19, 'Children Activities (Kid / Family Friendly)'),
(292, 19, 'Airport transportation'),
(293, 19, 'Room service');

-- --------------------------------------------------------

--
-- Table structure for table `hotel_image`
--

DROP TABLE IF EXISTS `hotel_image`;
CREATE TABLE IF NOT EXISTS `hotel_image` (
  `id` int(11) NOT NULL AUTO_INCREMENT,
  `hotel_id` int(11) NOT NULL,
  `image` varchar(10000) NOT NULL,
  PRIMARY KEY (`id`),
  KEY `hotel_id` (`hotel_id`)
) ENGINE=InnoDB AUTO_INCREMENT=79 DEFAULT CHARSET=utf8;

--
-- Dumping data for table `hotel_image`
--

INSERT INTO `hotel_image` (`id`, `hotel_id`, `image`) VALUES
(1, 1, '\"https://media-cdn.tripadvisor.com/media/partner/bookingcom/photo-s/24/f1/26/65/caption.jpg\"'),
(2, 1, '\"https://media-cdn.tripadvisor.com/media/partner/bookingcom/photo-s/24/de/f4/50/caption.jpg\"'),
(3, 1, '\"https://media-cdn.tripadvisor.com/media/partner/bookingcom/photo-s/24/de/f4/4f/caption.jpg\"'),
(4, 1, '\"https://media-cdn.tripadvisor.com/media/partner/bookingcom/photo-s/24/de/f4/4d/caption.jpg\"'),
(5, 1, '\"https://media-cdn.tripadvisor.com/media/partner/bookingcom/photo-s/24/d1/d7/c4/caption.jpg\"'),
(6, 3, '\"https://media-cdn.tripadvisor.com/media/partner/bookingcom/photo-s/24/da/0b/c1/caption.jpg\"'),
(7, 3, '\"https://media-cdn.tripadvisor.com/media/partner/bookingcom/photo-s/1c/03/5d/53/4190637.jpg\"'),
(8, 3, '\"https://media-cdn.tripadvisor.com/media/partner/bookingcom/photo-s/1c/03/5d/52/4190637.jpg\"'),
(9, 3, '\"https://media-cdn.tripadvisor.com/media/partner/bookingcom/photo-s/1b/ac/58/04/4190637.jpg\"'),
(10, 3, '\"https://media-cdn.tripadvisor.com/media/partner/bookingcom/photo-s/1b/ac/58/03/4190637.jpg\"'),
(11, 4, '\"https://media-cdn.tripadvisor.com/media/photo-s/1a/40/3d/92/photo4jpg.jpg\"'),
(12, 4, '\"https://media-cdn.tripadvisor.com/media/photo-s/23/fd/a6/4f/caption.jpg\"'),
(13, 4, '\"https://media-cdn.tripadvisor.com/media/photo-s/23/fd/a6/4e/caption.jpg\"'),
(14, 4, '\"https://media-cdn.tripadvisor.com/media/photo-s/23/fd/a6/4d/caption.jpg\"'),
(15, 4, '\"https://media-cdn.tripadvisor.com/media/photo-s/1a/40/3d/91/photo3jpg.jpg\"'),
(16, 4, '\"https://media-cdn.tripadvisor.com/media/photo-s/1a/40/3d/90/photo2jpg.jpg\"'),
(17, 4, '\"https://media-cdn.tripadvisor.com/media/photo-s/1a/40/3d/8f/photo1jpg.jpg\"'),
(18, 4, '\"https://media-cdn.tripadvisor.com/media/photo-s/1a/40/3d/8e/photo0jpg.jpg\"'),
(19, 5, '\"https://media-cdn.tripadvisor.com/media/photo-s/1c/f0/14/ba/main-pool-and-pool-bar.jpg\"'),
(20, 5, '\"https://media-cdn.tripadvisor.com/media/photo-s/1c/f1/2d/e0/aprota-villas-arugambay.jpg\"'),
(21, 5, '\"https://media-cdn.tripadvisor.com/media/photo-s/1c/f1/2d/c3/aprota-villas-arugambay.jpg\"'),
(22, 5, '\"https://media-cdn.tripadvisor.com/media/photo-s/1c/f1/2d/c2/aprota-villas-arugambay.jpg\"'),
(23, 5, '\"https://media-cdn.tripadvisor.com/media/photo-s/1c/f1/2d/c1/aprota-villas-arugambay.jpg\"'),
(24, 5, '\"https://media-cdn.tripadvisor.com/media/photo-s/1c/f1/2d/bd/aprota-villas-arugambay.jpg\"'),
(25, 5, '\"https://media-cdn.tripadvisor.com/media/photo-s/1c/f1/2d/b9/aprota-villas-arugambay.jpg\"'),
(26, 5, '\"https://media-cdn.tripadvisor.com/media/photo-s/1c/f1/2d/b6/aprota-villas-arugambay.jpg\"'),
(27, 5, '\"https://media-cdn.tripadvisor.com/media/photo-w/1c/f1/2d/b3/aprota-villas-arugambay.jpg\"'),
(28, 5, '\"https://media-cdn.tripadvisor.com/media/photo-s/1c/f1/2d/af/aprota-villas-arugambay.jpg\"'),
(29, 5, '\"https://media-cdn.tripadvisor.com/media/photo-s/1c/f1/2d/aa/aprota-villas-arugambay.jpg\"'),
(30, 5, '\"https://media-cdn.tripadvisor.com/media/photo-s/1c/f1/2d/8d/aprota-villas-arugambay.jpg\"'),
(31, 5, '\"https://media-cdn.tripadvisor.com/media/photo-s/1c/f1/2d/8c/aprota-villas-arugambay.jpg\"'),
(32, 5, '\"https://media-cdn.tripadvisor.com/media/photo-s/1c/f1/2d/8b/aprota-villas-arugambay.jpg\"'),
(33, 5, '\"https://media-cdn.tripadvisor.com/media/photo-s/1c/f1/2d/80/aprota-villas-arugambay.jpg\"'),
(34, 5, '\"https://media-cdn.tripadvisor.com/media/photo-s/1c/f1/2d/7d/aprota-villas-arugambay.jpg\"'),
(35, 5, '\"https://media-cdn.tripadvisor.com/media/photo-s/1c/f1/2d/7a/aprota-villas-arugambay.jpg\"'),
(36, 5, '\"https://media-cdn.tripadvisor.com/media/photo-s/1c/f1/2d/75/reception.jpg\"'),
(37, 5, '\"https://media-cdn.tripadvisor.com/media/photo-s/1c/f0/34/92/pool-bar.jpg\"'),
(38, 5, '\"https://media-cdn.tripadvisor.com/media/photo-s/1c/f0/34/90/main-bar.jpg\"'),
(39, 5, '\"https://media-cdn.tripadvisor.com/media/photo-s/1c/f0/34/8e/main-resturent.jpg\"'),
(40, 5, '\"https://media-cdn.tripadvisor.com/media/photo-s/1c/f0/34/8c/main-pool-sun-deck.jpg\"'),
(41, 5, '\"https://media-cdn.tripadvisor.com/media/photo-s/1c/f0/34/89/main-resturent.jpg\"'),
(42, 5, '\"https://media-cdn.tripadvisor.com/media/photo-s/1c/f0/34/85/swim-in-pool-bar.jpg\"'),
(43, 7, '\"https://media-cdn.tripadvisor.com/media/photo-s/14/21/4e/fa/getlstd-property-photo.jpg\"'),
(44, 7, '\"https://media-cdn.tripadvisor.com/media/photo-s/14/3c/6a/68/photo8jpg.jpg\"'),
(45, 7, '\"https://media-cdn.tripadvisor.com/media/photo-s/14/3c/6a/67/photo7jpg.jpg\"'),
(46, 7, '\"https://media-cdn.tripadvisor.com/media/photo-s/14/3c/6a/66/photo6jpg.jpg\"'),
(47, 7, '\"https://media-cdn.tripadvisor.com/media/photo-s/14/3c/6a/63/photo3jpg.jpg\"'),
(48, 7, '\"https://media-cdn.tripadvisor.com/media/photo-s/14/3c/6a/61/photo1jpg.jpg\"'),
(49, 7, '\"https://media-cdn.tripadvisor.com/media/photo-s/14/3c/6a/64/photo4jpg.jpg\"'),
(50, 7, '\"https://media-cdn.tripadvisor.com/media/photo-s/14/3c/6a/60/photo0jpg.jpg\"'),
(51, 7, '\"https://media-cdn.tripadvisor.com/media/photo-s/14/3c/6a/62/photo2jpg.jpg\"'),
(52, 7, '\"https://media-cdn.tripadvisor.com/media/photo-s/14/3c/6a/65/photo5jpg.jpg\"'),
(53, 9, '\"https://media-cdn.tripadvisor.com/media/partner/bookingcom/photo-o/1c/b7/3b/13/4627975.jpg\"'),
(54, 9, '\"https://media-cdn.tripadvisor.com/media/partner/bookingcom/photo-s/1c/b7/3b/12/restaurantplacestoeat.jpg\"'),
(55, 9, '\"https://media-cdn.tripadvisor.com/media/partner/bookingcom/photo-o/1c/b7/3b/11/breakfast.jpg\"'),
(56, 9, '\"https://media-cdn.tripadvisor.com/media/partner/bookingcom/photo-s/1c/b7/3b/10/beach.jpg\"'),
(57, 9, '\"https://media-cdn.tripadvisor.com/media/partner/bookingcom/photo-s/1c/b7/3b/0f/4627975.jpg\"'),
(58, 12, '\"https://media-cdn.tripadvisor.com/media/partner/bookingcom/photo-s/25/0d/6f/b8/caption.jpg\"'),
(59, 12, '\"https://media-cdn.tripadvisor.com/media/partner/bookingcom/photo-s/24/f8/62/28/caption.jpg\"'),
(60, 12, '\"https://media-cdn.tripadvisor.com/media/partner/bookingcom/photo-s/24/f4/04/9d/caption.jpg\"'),
(61, 12, '\"https://media-cdn.tripadvisor.com/media/partner/bookingcom/photo-s/24/f1/20/e6/caption.jpg\"'),
(62, 12, '\"https://media-cdn.tripadvisor.com/media/partner/bookingcom/photo-s/24/b7/74/4b/caption.jpg\"'),
(63, 14, '\"https://media-cdn.tripadvisor.com/media/photo-s/22/97/2e/7d/reddalf-s-holiday-resort.jpg\"'),
(64, 14, '\"https://media-cdn.tripadvisor.com/media/photo-s/22/97/2d/e5/reddalf-s-holiday-resort.jpg\"'),
(65, 14, '\"https://media-cdn.tripadvisor.com/media/photo-s/22/97/2d/7a/reddalf-s-holiday-resort.jpg\"'),
(66, 14, '\"https://media-cdn.tripadvisor.com/media/photo-s/22/97/2d/24/reddalf-s-holiday-resort.jpg\"'),
(67, 14, '\"https://media-cdn.tripadvisor.com/media/photo-p/22/97/27/c8/reddalf-s-holiday-resort.jpg\"'),
(68, 14, '\"https://media-cdn.tripadvisor.com/media/photo-s/22/7b/1f/83/reddalf-s-holiday-resort.jpg\"'),
(69, 16, '\"https://media-cdn.tripadvisor.com/media/partner/bookingcom/photo-s/25/12/dc/a4/caption.jpg\"'),
(70, 16, '\"https://media-cdn.tripadvisor.com/media/partner/bookingcom/photo-s/25/0d/39/8d/caption.jpg\"'),
(71, 16, '\"https://media-cdn.tripadvisor.com/media/partner/bookingcom/photo-s/25/04/ff/6e/caption.jpg\"'),
(72, 16, '\"https://media-cdn.tripadvisor.com/media/partner/bookingcom/photo-s/25/02/cb/90/caption.jpg\"'),
(73, 16, '\"https://media-cdn.tripadvisor.com/media/partner/bookingcom/photo-s/24/aa/1c/b0/caption.jpg\"'),
(74, 17, '\"https://media-cdn.tripadvisor.com/media/partner/bookingcom/photo-s/25/13/81/2b/caption.jpg\"'),
(75, 17, '\"https://media-cdn.tripadvisor.com/media/partner/bookingcom/photo-s/24/f4/dc/0c/caption.jpg\"'),
(76, 17, '\"https://media-cdn.tripadvisor.com/media/partner/bookingcom/photo-s/24/eb/08/5f/caption.jpg\"'),
(77, 17, '\"https://media-cdn.tripadvisor.com/media/partner/bookingcom/photo-s/24/eb/08/5e/caption.jpg\"'),
(78, 17, '\"https://media-cdn.tripadvisor.com/media/partner/bookingcom/photo-s/24/e6/42/fc/caption.jpg\"');

-- --------------------------------------------------------

--
-- Table structure for table `restaurant`
--

DROP TABLE IF EXISTS `restaurant`;
CREATE TABLE IF NOT EXISTS `restaurant` (
  `id` int(11) NOT NULL AUTO_INCREMENT,
  `city_id` int(11) NOT NULL,
  `restaurant_name` varchar(1000) NOT NULL,
  `restaurant_review_count` varchar(1000) NOT NULL,
  `restaurant_address` varchar(1000) NOT NULL,
  `restaurant_contact` varchar(1000) NOT NULL,
  `restaurant_email` varchar(1000) NOT NULL,
  `restaurant_description` varchar(10000) NOT NULL,
  `restaurant_website` varchar(1000) NOT NULL,
  `restaurant_price_range` varchar(1000) NOT NULL,
  `restaurant_geocode_lan` varchar(1000) NOT NULL,
  `restaurant_geocode_lon` varchar(1000) NOT NULL,
  PRIMARY KEY (`id`),
  KEY `FK_CITY_ID_RESTAURANT` (`city_id`)
) ENGINE=InnoDB AUTO_INCREMENT=3 DEFAULT CHARSET=utf8;

--
-- Dumping data for table `restaurant`
--

INSERT INTO `restaurant` (`id`, `city_id`, `restaurant_name`, `restaurant_review_count`, `restaurant_address`, `restaurant_contact`, `restaurant_email`, `restaurant_description`, `restaurant_website`, `restaurant_price_range`, `restaurant_geocode_lan`, `restaurant_geocode_lon`) VALUES
(1, 1, 'Kings', '0', '292, Pottuvil Road,, Akkaraipattu 32400 Sri Lanka', '+94 67 2 052787', 'mailto:info@kingsasiachef.com?subject=?', 'We have just change the name to create brand awareness from KINGS Asia Chef to KINGS, but the company name is Asia Chef (Pvt) Ltd. We are more than 8 years old, serving multi cuisines; specializing in Asian varieties with some western dishes. The environment is very clean with nature and trees are part of it. Its place to relax & have food and have food & relax; really, \"WHERE COOL PEOPLE MEET\". Courteous and service-minded staff always waiting to serve better. Our motto is \'TO SERVE YOU BETTER\'. We got the capacity to serve more than 300 peoples at a time with short notice. Open everyday 24X7 from 09:00 to 23:00 but serve LUNCH & DINNER, also, serve breakfast with prior request one day in advance. Located in A4 highway; on the route to Arugambay you can just drop in at least to use our facility such as restrooms. we have just launched a campaign called \'TO SERVE YOU BETTER\' to improve our service for customers.', 'http://business.facebook.com/kingsakkaraipattu', '-', '7.214608', '81.855247'),
(2, 804, 'Vito Wood Fired Pizza', '403', 'No 56, Saranankara Road, Kandy 20000 Sri Lanka', '+94 77 454 9000', 'mailto:vitowoodfiredpizza@gmail.com?subject=?', 'Pizza is a savory dish of Italian origin, consisting of a usually round, flattened base of leavened wheat-based dough topped with tomatoes, cheese, and various other ingredients (anchovies, olives, meat, etc.) baked at a high temperature, traditionally in a wood-fired oven. In our \" Vito Wood fired Pizza\" any one can taste these authentic Italian Pizza, baked in wood fired oven. Our specialty is we are the pioneers in kandy - Sri Lanka, among who doing this. we invite you to taste the real Italian pizza.', 'http://vitowoodfiredpizza.business.site/', 'LKR 720 - LKR 3,960', '7.287843', '80.642342');

-- --------------------------------------------------------

--
-- Table structure for table `scraped_hotel_log`
--

DROP TABLE IF EXISTS `scraped_hotel_log`;
CREATE TABLE IF NOT EXISTS `scraped_hotel_log` (
  `id` int(11) NOT NULL AUTO_INCREMENT,
  `city_id` int(11) NOT NULL,
  `no_of_hotels_scraped` varchar(1000) NOT NULL,
  PRIMARY KEY (`id`),
  KEY `FK_CITY_ID_LOG` (`city_id`)
) ENGINE=InnoDB DEFAULT CHARSET=utf8;

--
-- Constraints for dumped tables
--

--
-- Constraints for table `hotel`
--
ALTER TABLE `hotel`
  ADD CONSTRAINT `FK_CITY_ID` FOREIGN KEY (`city_id`) REFERENCES `city` (`id`);

--
-- Constraints for table `hotel_feature`
--
ALTER TABLE `hotel_feature`
  ADD CONSTRAINT `FK_HOTEL_ID_FEATURE` FOREIGN KEY (`hotel_id`) REFERENCES `hotel` (`id`);

--
-- Constraints for table `hotel_image`
--
ALTER TABLE `hotel_image`
  ADD CONSTRAINT `FK_hotel_id` FOREIGN KEY (`hotel_id`) REFERENCES `hotel` (`id`);

--
-- Constraints for table `restaurant`
--
ALTER TABLE `restaurant`
  ADD CONSTRAINT `FK_CITY_ID_RESTAURANT` FOREIGN KEY (`city_id`) REFERENCES `city` (`id`);

--
-- Constraints for table `scraped_hotel_log`
--
ALTER TABLE `scraped_hotel_log`
  ADD CONSTRAINT `FK_CITY_ID_LOG` FOREIGN KEY (`city_id`) REFERENCES `city` (`id`);
COMMIT;

/*!40101 SET CHARACTER_SET_CLIENT=@OLD_CHARACTER_SET_CLIENT */;
/*!40101 SET CHARACTER_SET_RESULTS=@OLD_CHARACTER_SET_RESULTS */;
/*!40101 SET COLLATION_CONNECTION=@OLD_COLLATION_CONNECTION */;
