-- MySQL dump 10.13  Distrib 8.0.30, for Linux (x86_64)
--
-- Host: localhost    Database: trip_advisor_scraped
-- ------------------------------------------------------
-- Server version	8.0.30-0ubuntu0.20.04.2

/*!40101 SET @OLD_CHARACTER_SET_CLIENT=@@CHARACTER_SET_CLIENT */;
/*!40101 SET @OLD_CHARACTER_SET_RESULTS=@@CHARACTER_SET_RESULTS */;
/*!40101 SET @OLD_COLLATION_CONNECTION=@@COLLATION_CONNECTION */;
/*!50503 SET NAMES utf8mb4 */;
/*!40103 SET @OLD_TIME_ZONE=@@TIME_ZONE */;
/*!40103 SET TIME_ZONE='+00:00' */;
/*!40014 SET @OLD_UNIQUE_CHECKS=@@UNIQUE_CHECKS, UNIQUE_CHECKS=0 */;
/*!40014 SET @OLD_FOREIGN_KEY_CHECKS=@@FOREIGN_KEY_CHECKS, FOREIGN_KEY_CHECKS=0 */;
/*!40101 SET @OLD_SQL_MODE=@@SQL_MODE, SQL_MODE='NO_AUTO_VALUE_ON_ZERO' */;
/*!40111 SET @OLD_SQL_NOTES=@@SQL_NOTES, SQL_NOTES=0 */;

--
-- Table structure for table `attraction`
--

DROP TABLE IF EXISTS `attraction`;
/*!40101 SET @saved_cs_client     = @@character_set_client */;
/*!50503 SET character_set_client = utf8mb4 */;
CREATE TABLE `attraction` (
  `id` int NOT NULL AUTO_INCREMENT,
  `city_id` int NOT NULL,
  `attraction_name` varchar(1000) NOT NULL,
  `attraction_review_count` varchar(1000) NOT NULL,
  `attraction_address` varchar(1000) NOT NULL,
  `attraction_contact` varchar(1000) NOT NULL,
  `attraction_email` varchar(1000) NOT NULL,
  `attraction_description` varchar(10000) NOT NULL,
  `attraction_website` varchar(1000) NOT NULL,
  `attraction_geocode_lan` varchar(1000) CHARACTER SET utf8mb3 COLLATE utf8mb3_general_ci NOT NULL,
  `attraction_geocode_lon` varchar(1000) CHARACTER SET utf8mb3 COLLATE utf8mb3_general_ci NOT NULL,
  `source` varchar(1000) NOT NULL,
  PRIMARY KEY (`id`),
  KEY `FK_CITY_ID_ATTRACTION` (`city_id`),
  CONSTRAINT `FK_CITY_ID_ATTRACTION` FOREIGN KEY (`city_id`) REFERENCES `city` (`id`)
) ENGINE=InnoDB AUTO_INCREMENT=22 DEFAULT CHARSET=utf8mb3;
/*!40101 SET character_set_client = @saved_cs_client */;

--
-- Dumping data for table `attraction`
--

LOCK TABLES `attraction` WRITE;
/*!40000 ALTER TABLE `attraction` DISABLE KEYS */;
INSERT INTO `attraction` VALUES (1,1852,'Gangaramaya (Vihara) Buddhist Temple','3,096','-','+94112435169','-','-','http://gangaramaya.com/','6.917910','79.857872','https://www.tripadvisor.com//Attraction_Review-g293962-d552525-Reviews-Gangaramaya_Vihara_Buddhist_Temple-Colombo_Western_Province.html'),(2,804,'Temple of the Sacred Tooth Relic','12,004','Sri Dalada Veediya, Kandy 20000 Sri Lanka','+94812234226','mailto:info@sridaladamaligawa.lk','Sri Dalada Maligawa (Sinhala: ශ්‍රී දළදා මාළිගාව) or The Temple of the Sacred Tooth Relic is a Buddhist temple in the city of Kandy, Sri Lanka. It is located in the royal palace complex which houses the Relic of the tooth of Buddha. Since ancient times, the relic has played an important role in local politics because it is believed that whoever holds the relic holds the governance of the country. Kandy was the last capital of the Sinhalese kings and is a UNESCO world heritage site partly due to the temple. The temple which houses the Sacred Tooth Relic of the Buddha is one of the holiest shrines in the entire Buddhist world.','http://www.sridaladamaligawa.lk/','7.293626','80.641335','https://www.tripadvisor.com//Attraction_Review-g304138-d317476-Reviews-Temple_of_the_Sacred_Tooth_Relic-Kandy_Kandy_District_Central_Province.html'),(3,548,'Main Fish Market','267','-','+94728634177','-','-','-','7.210529','79.831238','https://www.tripadvisor.com//Attraction_Review-g297897-d10038168-Reviews-Main_Fish_Market-Negombo_Western_Province.html'),(4,400,'Galle Fort','3,445','Church Street, Galle 80000 Sri Lanka','-','-','Galle is located in the south of Sri Lanka. A journey to the past sees the remnants of a Dutch past at a World Heritage Site. Galle has been the emporium of foreign trade since the dawn of commerce. The Dutch Fort, which has been declared a World Heritage Site, surrounds the older part of the town and is situated on a headland of which three sides overlook the sea. The ramparts of the Fort are over 2.5 km in circumference and provide a pleasant and interesting walk. The historian Sir Emerson Tennant claimed that Galle was the ancient biblical city of Tarshish. This city is said to have traded with King Solomon, the Persians and the Egyptians. In 1505 a Portuguese fleet led by Lorenzo de Almeida heading for the Maldives drifted accidentally into Galle. On hearing a cock crowing (cock means ”Galo” in Portuguese), it is said that they gave the town its name. Another explanation for the name is from the Sinhala name for rock ‘Gala’, plenty of which are found in the harbour area.','-','6.029550','80.216110','https://www.tripadvisor.com//Attraction_Review-g297896-d3617497-Reviews-Galle_Fort-Galle_Galle_District_Southern_Province.html'),(5,204,'Little Adam\'s Peak','5,510','Passara Road, Ella 90090 Sri Lanka','-','-','-','-','6.865063','81.063072','https://www.tripadvisor.com//Attraction_Review-g616035-d2478367-Reviews-Little_Adam_s_Peak-Ella_Uva_Province.html'),(6,1542,'Horton Plains National Park','2,563','-','-','-','-','-','6.780406','80.794334','https://www.tripadvisor.com//Attraction_Review-g608524-d2486502-Reviews-Horton_Plains_National_Park-Nuwara_Eliya_Central_Province.html'),(7,548,'Negombo Lagoon','39','-','+94777108200','-','-','http://www.rlholidays.com/','-','-','https://www.tripadvisor.com//Attraction_Review-g297897-d13965940-Reviews-Negombo_Lagoon-Negombo_Western_Province.html'),(8,1404,'Mirissa Beach','3,057','-','-','-','-','-','5.944756','80.459114','https://www.tripadvisor.com//Attraction_Review-g1407334-d6104104-Reviews-Mirissa_Beach-Mirissa_Southern_Province.html'),(9,1852,'Kelaniya Raja Maha Vihara','621','-','+94112911505','mailto:info@weclanka.com','-','http://www.kelaniyatemple.org/','6.951638','79.918678','https://www.tripadvisor.com//Attraction_Review-g293962-d4689644-Reviews-Kelaniya_Raja_Maha_Vihara-Colombo_Western_Province.html'),(10,408,'Hikkaduwa Beach','2,347','7585995399 Sweetcash //Customer //Care// Number 7585995399 //sweetcash //customer //care// Number, Hikkaduwa 80240 Sri Lanka','-','-','-','-','6.132499','80.100281','https://www.tripadvisor.com//Attraction_Review-g304134-d7034305-Reviews-Hikkaduwa_Beach-Hikkaduwa_Galle_District_Southern_Province.html'),(11,548,'Muthurajawela Marsh','306','-','+94770500352','-','-','http://www.rlholidays.com/','7.197580','79.832428','https://www.tripadvisor.com//Attraction_Review-g297897-d2236748-Reviews-Muthurajawela_Marsh-Negombo_Western_Province.html'),(12,548,'St. Mary\'s Church','445','Main Street, Negombo 22100 Sri Lanka','+94312222128','-','-','-','7.212280','79.842979','https://www.tripadvisor.com//Attraction_Review-g297897-d3388871-Reviews-St_Mary_s_Church-Negombo_Western_Province.html'),(13,548,'Negombo Beach','2,872','-','+94719706408','-','-','-','7.241216','79.840355','https://www.tripadvisor.com//Attraction_Review-g297897-d1655656-Reviews-Negombo_Beach-Negombo_Western_Province.html'),(14,1852,'Mount Lavinia Beach','1,509','-','+94776700439','-','Mount Lavinia Beach is located just out of the Colombo city. This beach strip has a lot to offer for the locals as well as the tourists visiting Colombo. Along the beach there are many nice restaurants pubs as well as relaxing areas. As a tourist who is visiting Colombo, Mount Lavinia Beach is a must visit. The weekends could be crowded with locals though, during the week it is relaxing and peaceful. If you would relax at a pool overlooking the ocean or the sunset, The Mount Lavinia Hotel terrace is recommended. You can use the Mount Lavinia Hotel pool for an affordable fee.','http://www.plantationhotels.com/','6.842927','79.862381','https://www.tripadvisor.com//Attraction_Review-g293962-d554029-Reviews-Mount_Lavinia_Beach-Colombo_Western_Province.html'),(15,548,'Negombo Fish Market','354','-','-','-','-','-','7.210470','79.831360','https://www.tripadvisor.com//Attraction_Review-g297897-d552524-Reviews-Negombo_Fish_Market-Negombo_Western_Province.html'),(16,1852,'Colombo National Museum','1,326','-','+94778383798','-','This museum of Asian civilizations is one of the oldest in Sri Lanka.','http://www.museum.gov.lk/','6.910000','79.860542','https://www.tripadvisor.com//Attraction_Review-g293962-d447450-Reviews-Colombo_National_Museum-Colombo_Western_Province.html'),(17,393,'Bentota Beach','2,273','-','-','-','-','-','6.420675','79.996124','https://www.tripadvisor.com//Attraction_Review-g297895-d7029063-Reviews-Bentota_Beach-Bentota_Galle_District_Southern_Province.html'),(18,1349,'Sigiriya The Ancient Rock Fortress','11,424','-','-','-','-','-','7.956884','80.760460','https://www.tripadvisor.com//Attraction_Review-g304141-d4782530-Reviews-Sigiriya_The_Ancient_Rock_Fortress-Sigiriya_Central_Province.html'),(19,449,'Japanese Peace Pagoda','912','Rumassala, Unawatuna 80600 Sri Lanka','-','-','-','-','6.015965','80.238068','https://www.tripadvisor.com//Attraction_Review-g644047-d6848583-Reviews-Japanese_Peace_Pagoda-Unawatuna_Galle_District_Southern_Province.html'),(20,548,'Dutch Canal','863','Custom House Road, Negombo 22100 Sri Lanka','+94112693748','-','-','-','7.208340','79.834671','https://www.tripadvisor.com//Attraction_Review-g297897-d3388894-Reviews-Dutch_Canal-Negombo_Western_Province.html'),(21,548,'St. Sebastian’s Church','34','Sea St, Negombo 22100 Sri Lanka','-','-','-','-','7.220700','79.840843','https://www.tripadvisor.com//Attraction_Review-g297897-d12688157-Reviews-St_Sebastian_s_Church-Negombo_Western_Province.html');
/*!40000 ALTER TABLE `attraction` ENABLE KEYS */;
UNLOCK TABLES;

--
-- Table structure for table `attraction_feature`
--

DROP TABLE IF EXISTS `attraction_feature`;
/*!40101 SET @saved_cs_client     = @@character_set_client */;
/*!50503 SET character_set_client = utf8mb4 */;
CREATE TABLE `attraction_feature` (
  `id` int NOT NULL AUTO_INCREMENT,
  `attraction_id` int NOT NULL,
  `attraction_type_id` int NOT NULL,
  PRIMARY KEY (`id`),
  KEY `FK_ATTRACTION_ID_FEA` (`attraction_id`),
  KEY `FK_FEATURE_TYPE_ID` (`attraction_type_id`),
  CONSTRAINT `FK_ATTRACTION_ID_FEA` FOREIGN KEY (`attraction_id`) REFERENCES `attraction` (`id`),
  CONSTRAINT `FK_FEATURE_TYPE_ID` FOREIGN KEY (`attraction_type_id`) REFERENCES `attraction_feature_type` (`id`)
) ENGINE=InnoDB AUTO_INCREMENT=26 DEFAULT CHARSET=utf8mb3;
/*!40101 SET character_set_client = @saved_cs_client */;

--
-- Dumping data for table `attraction_feature`
--

LOCK TABLES `attraction_feature` WRITE;
/*!40000 ALTER TABLE `attraction_feature` DISABLE KEYS */;
INSERT INTO `attraction_feature` VALUES (1,1,13),(2,2,2),(3,2,13),(4,3,14),(5,4,9),(6,5,3),(7,6,1),(8,6,15),(9,7,16),(10,8,5),(11,9,2),(12,10,5),(13,11,15),(14,12,17),(15,13,5),(16,14,5),(17,15,14),(18,16,18),(19,16,19),(20,17,5),(21,18,10),(22,18,2),(23,19,2),(24,20,16),(25,21,17);
/*!40000 ALTER TABLE `attraction_feature` ENABLE KEYS */;
UNLOCK TABLES;

--
-- Table structure for table `attraction_feature_type`
--

DROP TABLE IF EXISTS `attraction_feature_type`;
/*!40101 SET @saved_cs_client     = @@character_set_client */;
/*!50503 SET character_set_client = utf8mb4 */;
CREATE TABLE `attraction_feature_type` (
  `id` int NOT NULL AUTO_INCREMENT,
  `feature_type` varchar(1000) CHARACTER SET utf8mb3 COLLATE utf8mb3_general_ci NOT NULL,
  PRIMARY KEY (`id`)
) ENGINE=InnoDB AUTO_INCREMENT=20 DEFAULT CHARSET=utf8mb3;
/*!40101 SET character_set_client = @saved_cs_client */;

--
-- Dumping data for table `attraction_feature_type`
--

LOCK TABLES `attraction_feature_type` WRITE;
/*!40000 ALTER TABLE `attraction_feature_type` DISABLE KEYS */;
INSERT INTO `attraction_feature_type` VALUES (1,'National Parks'),(2,'Points of Interest & Landmarks'),(3,'Mountains'),(4,'Parks'),(5,'Beaches'),(6,'Historic Walking Areas'),(7,'Cemeteries'),(8,'Monuments & Statues'),(9,'Historic Sites'),(10,'Ancient Ruins'),(11,'Beach & Pool Clubs'),(12,'State Parks'),(13,'Religious Sites'),(14,'Flea & Street Markets'),(15,'Nature & Wildlife Areas'),(16,'Bodies of Water'),(17,'Churches & Cathedrals'),(18,'Speciality Museums'),(19,'History Museums');
/*!40000 ALTER TABLE `attraction_feature_type` ENABLE KEYS */;
UNLOCK TABLES;

--
-- Table structure for table `attraction_image`
--

DROP TABLE IF EXISTS `attraction_image`;
/*!40101 SET @saved_cs_client     = @@character_set_client */;
/*!50503 SET character_set_client = utf8mb4 */;
CREATE TABLE `attraction_image` (
  `id` int NOT NULL AUTO_INCREMENT,
  `attraction_id` int NOT NULL,
  `image` varchar(10000) NOT NULL,
  PRIMARY KEY (`id`),
  KEY `attraction_id` (`attraction_id`),
  CONSTRAINT `FK_attraction_id` FOREIGN KEY (`attraction_id`) REFERENCES `attraction` (`id`)
) ENGINE=InnoDB AUTO_INCREMENT=316 DEFAULT CHARSET=utf8mb3;
/*!40101 SET character_set_client = @saved_cs_client */;

--
-- Dumping data for table `attraction_image`
--

LOCK TABLES `attraction_image` WRITE;
/*!40000 ALTER TABLE `attraction_image` DISABLE KEYS */;
INSERT INTO `attraction_image` VALUES (1,1,'\"https://media-cdn.tripadvisor.com/media/photo-s/15/b3/12/94/designed-by-the-country.jpg\"'),(2,1,'\"https://media-cdn.tripadvisor.com/media/photo-s/1a/29/fa/0f/gangarama-temple.jpg\"'),(3,1,'\"https://media-cdn.tripadvisor.com/media/photo-s/17/f0/e8/20/gangaramaya-temple-in.jpg\"'),(4,1,'\"https://media-cdn.tripadvisor.com/media/photo-s/0d/97/84/0e/photo1jpg.jpg\"'),(5,1,'\"https://media-cdn.tripadvisor.com/media/photo-s/0d/8b/e2/d9/temple-from-outside.jpg\"'),(6,1,'\"https://media-cdn.tripadvisor.com/media/photo-s/02/73/ec/bf/filename-statuary-jpg.jpg\"'),(7,1,'\"https://media-cdn.tripadvisor.com/media/photo-s/02/34/87/8b/the-status-of-lord-buddha.jpg\"'),(8,1,'\"https://media-cdn.tripadvisor.com/media/photo-s/01/ed/3f/4e/gangaramaya-vihara-buddhist.jpg\"'),(9,1,'\"https://media-cdn.tripadvisor.com/media/photo-s/01/7f/80/65/sri-lanka-colombo-gangaramaya.jpg\"'),(10,1,'\"https://media-cdn.tripadvisor.com/media/photo-s/01/7f/80/63/sri-lanka-colombo-gangaramaya.jpg\"'),(11,1,'\"https://media-cdn.tripadvisor.com/media/photo-s/01/d3/71/f5/buddas.jpg\"'),(12,1,'\"https://media-cdn.tripadvisor.com/media/photo-s/01/d3/71/f1/temple-statue.jpg\"'),(13,1,'\"https://media-cdn.tripadvisor.com/media/photo-s/01/d3/71/e3/buddas.jpg\"'),(14,1,'\"https://media-cdn.tripadvisor.com/media/photo-s/01/d3/71/e7/temple-elephant.jpg\"'),(15,1,'\"https://media-cdn.tripadvisor.com/media/photo-s/01/6c/1a/e1/bismillahirahmanirahim.jpg\"'),(16,2,'\"https://media-cdn.tripadvisor.com/media/photo-s/12/31/67/5d/kandy-lake-and-the-temple.jpg\"'),(17,2,'\"https://media-cdn.tripadvisor.com/media/photo-s/19/08/03/9a/reshantours-email-reshantourss.jpg\"'),(18,2,'\"https://media-cdn.tripadvisor.com/media/photo-s/14/26/97/4f/official-kandy-esala.jpg\"'),(19,2,'\"https://media-cdn.tripadvisor.com/media/photo-s/14/02/fa/25/esalaperahara2018-esalaperahar.jpg\"'),(20,2,'\"https://media-cdn.tripadvisor.com/media/photo-s/0f/9d/30/55/sri-dalada-maligawa.jpg\"'),(21,2,'\"https://media-cdn.tripadvisor.com/media/photo-s/0f/9d/30/46/sri-dalada-maligawa-view.jpg\"'),(22,2,'\"https://media-cdn.tripadvisor.com/media/photo-s/0f/9d/30/40/sri-dalada-maligawa-night.jpg\"'),(23,2,'\"https://media-cdn.tripadvisor.com/media/photo-s/0e/08/6a/c5/sri-dalada-maligawa-won.jpg\"'),(24,2,'\"https://media-cdn.tripadvisor.com/media/photo-s/0e/08/68/ec/sri-dalada-maligawa-won.jpg\"'),(25,2,'\"https://media-cdn.tripadvisor.com/media/photo-s/0e/08/68/e1/sri-dalada-maligawa-won.jpg\"'),(26,2,'\"https://media-cdn.tripadvisor.com/media/photo-s/0c/86/19/73/esala-perahara-2016-4th.jpg\"'),(27,2,'\"https://media-cdn.tripadvisor.com/media/photo-s/07/b6/ae/20/photo0jpg.jpg\"'),(28,2,'\"https://media-cdn.tripadvisor.com/media/photo-s/06/ab/0d/3f/temple-of-the-tooth-sri.jpg\"'),(29,2,'\"https://media-cdn.tripadvisor.com/media/photo-s/06/ab/0c/ce/temple-of-the-tooth-sri.jpg\"'),(30,2,'\"https://media-cdn.tripadvisor.com/media/photo-s/06/ab/0c/88/temple-of-the-tooth-sri.jpg\"'),(31,3,'\"https://media-cdn.tripadvisor.com/media/photo-s/10/fc/e6/7e/negombo-main-fish-market.jpg\"'),(32,3,'\"https://media-cdn.tripadvisor.com/media/photo-s/0a/92/c8/39/poranna-wizyta-na-targu.jpg\"'),(33,3,'\"https://media-cdn.tripadvisor.com/media/photo-s/0a/92/c8/04/poranna-wizyta-na-targu.jpg\"'),(34,3,'\"https://media-cdn.tripadvisor.com/media/photo-s/0a/92/c8/11/poranna-wizyta-na-targu.jpg\"'),(35,3,'\"https://media-cdn.tripadvisor.com/media/photo-s/17/3f/04/fb/frenetic-work-environment.jpg\"'),(36,3,'\"https://media-cdn.tripadvisor.com/media/photo-s/13/f6/55/b8/main-fish-market.jpg\"'),(37,3,'\"https://media-cdn.tripadvisor.com/media/photo-s/13/f6/55/87/main-fish-market.jpg\"'),(38,3,'\"https://media-cdn.tripadvisor.com/media/photo-s/12/52/83/85/photo4jpg.jpg\"'),(39,3,'\"https://media-cdn.tripadvisor.com/media/photo-s/12/4a/df/a9/vismarkt-negombo.jpg\"'),(40,3,'\"https://media-cdn.tripadvisor.com/media/photo-s/0a/92/c8/08/poranna-wizyta-na-targu.jpg\"'),(41,3,'\"https://media-cdn.tripadvisor.com/media/photo-s/23/2a/9c/62/caption.jpg\"'),(42,3,'\"https://media-cdn.tripadvisor.com/media/photo-s/23/2a/9c/61/caption.jpg\"'),(43,3,'\"https://media-cdn.tripadvisor.com/media/photo-s/23/2a/9c/60/caption.jpg\"'),(44,3,'\"https://media-cdn.tripadvisor.com/media/photo-s/23/2a/9c/5f/caption.jpg\"'),(45,3,'\"https://media-cdn.tripadvisor.com/media/photo-s/22/ad/1f/c5/caption.jpg\"'),(46,4,'\"https://media-cdn.tripadvisor.com/media/photo-s/15/24/05/e0/galle-fort.jpg\"'),(47,4,'\"https://media-cdn.tripadvisor.com/media/photo-s/05/d7/29/53/galle-fort.jpg\"'),(48,4,'\"https://media-cdn.tripadvisor.com/media/photo-s/05/d7/29/51/galle-fort.jpg\"'),(49,4,'\"https://media-cdn.tripadvisor.com/media/photo-s/25/2e/ff/5c/tour-with-spain-guest.jpg\"'),(50,4,'\"https://media-cdn.tripadvisor.com/media/photo-s/25/24/fc/9b/galle-fort.jpg\"'),(51,4,'\"https://media-cdn.tripadvisor.com/media/photo-s/10/fc/c7/b0/attractions-in-galle.jpg\"'),(52,4,'\"https://media-cdn.tripadvisor.com/media/photo-s/03/83/4e/f4/galle-fort.jpg\"'),(53,4,'\"https://media-cdn.tripadvisor.com/media/photo-s/0e/be/64/6a/photo1jpg.jpg\"'),(54,4,'\"https://media-cdn.tripadvisor.com/media/photo-s/1b/d3/7d/43/photo5jpg.jpg\"'),(55,4,'\"https://media-cdn.tripadvisor.com/media/photo-s/1b/d3/7d/42/photo4jpg.jpg\"'),(56,4,'\"https://media-cdn.tripadvisor.com/media/photo-s/1b/d3/7d/41/photo3jpg.jpg\"'),(57,4,'\"https://media-cdn.tripadvisor.com/media/photo-s/1b/d3/7d/40/photo2jpg.jpg\"'),(58,4,'\"https://media-cdn.tripadvisor.com/media/photo-s/1b/d3/7d/3f/photo1jpg.jpg\"'),(59,4,'\"https://media-cdn.tripadvisor.com/media/photo-s/1b/d3/7d/3e/photo0jpg.jpg\"'),(60,4,'\"https://media-cdn.tripadvisor.com/media/photo-s/1a/98/bf/f8/galle-light-house.jpg\"'),(61,5,'\"https://media-cdn.tripadvisor.com/media/photo-s/0c/3a/63/e6/viewpoint-photography.jpg\"'),(62,5,'\"https://media-cdn.tripadvisor.com/media/photo-s/25/36/42/93/at-the-little-adam-s.jpg\"'),(63,5,'\"https://media-cdn.tripadvisor.com/media/photo-s/25/36/42/8f/at-the-little-adam-s.jpg\"'),(64,5,'\"https://media-cdn.tripadvisor.com/media/photo-s/25/36/42/8e/the-sunrise-at-little.jpg\"'),(65,5,'\"https://media-cdn.tripadvisor.com/media/photo-s/02/5b/e6/a9/little-adam-s-peak.jpg\"'),(66,5,'\"https://media-cdn.tripadvisor.com/media/photo-s/1b/3d/55/14/i-hope-everyone-s-enjoying.jpg\"'),(67,5,'\"https://media-cdn.tripadvisor.com/media/photo-m/1280/1a/e9/6b/95/20200210-100504-largejpg.jpg\"'),(68,5,'\"https://media-cdn.tripadvisor.com/media/photo-s/1a/a4/36/d1/10-month-mark-of-the.jpg\"'),(69,5,'\"https://media-cdn.tripadvisor.com/media/photo-s/1a/94/03/2e/early-morning-strolls.jpg\"'),(70,5,'\"https://media-cdn.tripadvisor.com/media/photo-s/1a/56/f6/d1/mystisches-sri-lanka.jpg\"'),(71,5,'\"https://media-cdn.tripadvisor.com/media/photo-s/1a/31/d1/2c/little-adam-s-peak-ella.jpg\"'),(72,5,'\"https://media-cdn.tripadvisor.com/media/photo-s/1a/2b/91/39/little-adam-speak-ella.jpg\"'),(73,5,'\"https://media-cdn.tripadvisor.com/media/photo-s/19/c0/44/8f/little-adams-pick-sri.jpg\"'),(74,5,'\"https://media-cdn.tripadvisor.com/media/photo-s/19/1c/05/c7/little-adam-s-peak.jpg\"'),(75,5,'\"https://media-cdn.tripadvisor.com/media/photo-s/18/01/6b/aa/haputale-to-visit-ella.jpg\"'),(76,6,'\"https://media-cdn.tripadvisor.com/media/photo-s/12/46/1e/13/img-20180227-161024-707.jpg\"'),(77,6,'\"https://media-cdn.tripadvisor.com/media/photo-s/25/1f/0a/24/horton-plains-national.jpg\"'),(78,6,'\"https://media-cdn.tripadvisor.com/media/photo-s/25/1f/09/2a/horton-plains-national.jpg\"'),(79,6,'\"https://media-cdn.tripadvisor.com/media/photo-s/25/1f/09/15/horton-plains-national.jpg\"'),(80,6,'\"https://media-cdn.tripadvisor.com/media/photo-s/25/1f/09/0a/horton-plains-national.jpg\"'),(81,6,'\"https://media-cdn.tripadvisor.com/media/photo-s/25/1f/08/e5/horton-plains-national.jpg\"'),(82,6,'\"https://media-cdn.tripadvisor.com/media/photo-s/25/1f/08/d5/horton-plains-national.jpg\"'),(83,6,'\"https://media-cdn.tripadvisor.com/media/photo-s/25/1f/08/d4/horton-plains-national.jpg\"'),(84,6,'\"https://media-cdn.tripadvisor.com/media/photo-s/25/1f/08/c8/horton-plains-national.jpg\"'),(85,6,'\"https://media-cdn.tripadvisor.com/media/photo-s/25/1f/08/be/horton-plains-national.jpg\"'),(86,6,'\"https://media-cdn.tripadvisor.com/media/photo-s/25/1f/08/b7/horton-plains-national.jpg\"'),(87,6,'\"https://media-cdn.tripadvisor.com/media/photo-s/02/60/33/d7/a-long-way-down.jpg\"'),(88,6,'\"https://media-cdn.tripadvisor.com/media/photo-s/1b/4e/40/22/on-the-way-to-horton.jpg\"'),(89,6,'\"https://media-cdn.tripadvisor.com/media/photo-s/18/d4/b3/4b/sambar-deer-horton-plains.jpg\"'),(90,6,'\"https://media-cdn.tripadvisor.com/media/photo-s/18/27/80/4a/bakers-falls-nuwara-eliya.jpg\"'),(91,7,'\"https://media-cdn.tripadvisor.com/media/photo-s/12/95/4c/f1/boats-by-the-lagoon.jpg\"'),(92,7,'\"https://media-cdn.tripadvisor.com/media/photo-s/17/ed/cf/40/negombo-lagoon-sri-lanka.jpg\"'),(93,7,'\"https://media-cdn.tripadvisor.com/media/photo-s/17/ed/cf/31/negombo-lagoon-sri-lanka.jpg\"'),(94,7,'\"https://media-cdn.tripadvisor.com/media/photo-s/14/d1/f5/6f/pelikane-im-baum.jpg\"'),(95,7,'\"https://media-cdn.tripadvisor.com/media/photo-s/22/a0/10/f6/dr-ravindra-ayurvedischer.jpg\"'),(96,7,'\"https://media-cdn.tripadvisor.com/media/photo-s/22/36/ed/04/caption.jpg\"'),(97,7,'\"https://media-cdn.tripadvisor.com/media/photo-s/22/36/ed/03/caption.jpg\"'),(98,7,'\"https://media-cdn.tripadvisor.com/media/photo-s/1c/91/0a/44/weekend-ride.jpg\"'),(99,7,'\"https://media-cdn.tripadvisor.com/media/photo-s/1c/91/0a/43/weekend-ride.jpg\"'),(100,7,'\"https://media-cdn.tripadvisor.com/media/photo-s/1c/91/0a/42/weekend-ride.jpg\"'),(101,7,'\"https://media-cdn.tripadvisor.com/media/photo-s/1c/91/0a/41/weekend-ride.jpg\"'),(102,7,'\"https://media-cdn.tripadvisor.com/media/photo-s/1c/91/0a/40/weekend-ride.jpg\"'),(103,7,'\"https://media-cdn.tripadvisor.com/media/photo-s/1c/91/0a/3f/weekend-ride.jpg\"'),(104,7,'\"https://media-cdn.tripadvisor.com/media/photo-s/1c/91/0a/3e/weekend-ride.jpg\"'),(105,7,'\"https://media-cdn.tripadvisor.com/media/photo-s/1c/91/0a/3d/weekend-ride.jpg\"'),(106,8,'\"https://media-cdn.tripadvisor.com/media/photo-s/10/96/58/df/plaz-z-jizniho-vybezku.jpg\"'),(107,8,'\"https://media-cdn.tripadvisor.com/media/photo-s/05/58/ab/5f/port.jpg\"'),(108,8,'\"https://media-cdn.tripadvisor.com/media/photo-o/1c/49/55/36/mirissa-154-km-95-miles.jpg\"'),(109,8,'\"https://media-cdn.tripadvisor.com/media/photo-o/1c/3c/9f/4b/mirissa-beach-29.jpg\"'),(110,8,'\"https://media-cdn.tripadvisor.com/media/photo-s/1b/d6/09/c2/srilanka-chamitours-chami.jpg\"'),(111,8,'\"https://media-cdn.tripadvisor.com/media/photo-s/1a/44/55/88/srilanka-all-traveling.jpg\"'),(112,8,'\"https://media-cdn.tripadvisor.com/media/photo-s/1a/22/c7/76/wonder-of-srilanka.jpg\"'),(113,8,'\"https://media-cdn.tripadvisor.com/media/photo-w/17/bf/bf/c4/mirissa-beach.jpg\"'),(114,8,'\"https://media-cdn.tripadvisor.com/media/photo-s/17/7f/cd/4a/photo1jpg.jpg\"'),(115,8,'\"https://media-cdn.tripadvisor.com/media/photo-s/17/7d/26/34/photo0jpg.jpg\"'),(116,8,'\"https://media-cdn.tripadvisor.com/media/photo-s/17/16/40/49/photo7jpg.jpg\"'),(117,8,'\"https://media-cdn.tripadvisor.com/media/photo-s/16/b2/23/9e/crack-open-a-coconut.jpg\"'),(118,8,'\"https://media-cdn.tripadvisor.com/media/photo-s/16/99/c4/46/crack-open-a-coconut.jpg\"'),(119,8,'\"https://media-cdn.tripadvisor.com/media/photo-s/16/8a/ab/b3/the-coastline-of-sri.jpg\"'),(120,8,'\"https://media-cdn.tripadvisor.com/media/photo-s/16/51/e7/14/whale-watching.jpg\"'),(121,9,'\"https://media-cdn.tripadvisor.com/media/photo-s/08/56/a8/17/kelaniya-raja-maha-vihara.jpg\"'),(122,9,'\"https://media-cdn.tripadvisor.com/media/photo-s/25/14/8f/a6/caption.jpg\"'),(123,9,'\"https://media-cdn.tripadvisor.com/media/photo-s/04/b0/3e/17/shrine.jpg\"'),(124,9,'\"https://media-cdn.tripadvisor.com/media/photo-s/1b/4c/e3/f5/kelaniya-raja-maha-vihara.jpg\"'),(125,9,'\"https://media-cdn.tripadvisor.com/media/photo-s/19/26/56/6e/img-20190907-wa0038-largejpg.jpg\"'),(126,9,'\"https://media-cdn.tripadvisor.com/media/photo-s/19/26/56/6b/img-20190907-wa0044-largejpg.jpg\"'),(127,9,'\"https://media-cdn.tripadvisor.com/media/photo-s/19/26/56/6a/img-20190907-wa0041-largejpg.jpg\"'),(128,9,'\"https://media-cdn.tripadvisor.com/media/photo-s/16/15/76/d7/inside.jpg\"'),(129,9,'\"https://media-cdn.tripadvisor.com/media/photo-s/14/c9/aa/f0/img20180924135547-largejpg.jpg\"'),(130,9,'\"https://media-cdn.tripadvisor.com/media/photo-s/12/99/d0/cb/fb-img-1523386467607.jpg\"'),(131,9,'\"https://media-cdn.tripadvisor.com/media/photo-s/11/c2/f9/d7/kelaniya-raja-maha-vihara.jpg\"'),(132,9,'\"https://media-cdn.tripadvisor.com/media/photo-s/08/56/a8/17/kelaniya-raja-maha-vihara.jpg\"'),(133,9,'\"https://media-cdn.tripadvisor.com/media/photo-s/23/2a/97/13/caption.jpg\"'),(134,9,'\"https://media-cdn.tripadvisor.com/media/photo-s/23/2a/97/12/caption.jpg\"'),(135,9,'\"https://media-cdn.tripadvisor.com/media/photo-s/23/2a/97/11/caption.jpg\"'),(136,10,'\"https://media-cdn.tripadvisor.com/media/photo-s/1a/fb/0e/76/getlstd-property-photo.jpg\"'),(137,10,'\"https://media-cdn.tripadvisor.com/media/photo-s/25/25/dd/d4/hikkaduwa-beach.jpg\"'),(138,10,'\"https://media-cdn.tripadvisor.com/media/photo-s/25/25/dd/ba/hikkaduwa-beach.jpg\"'),(139,10,'\"https://media-cdn.tripadvisor.com/media/photo-s/25/25/dd/6a/hikkaduwa-beach.jpg\"'),(140,10,'\"https://media-cdn.tripadvisor.com/media/photo-s/06/9e/ff/0a/hikkaduwa-beach.jpg\"'),(141,10,'\"https://media-cdn.tripadvisor.com/media/photo-s/1b/2b/9a/ae/hikkaduwa-beach.jpg\"'),(142,10,'\"https://media-cdn.tripadvisor.com/media/photo-s/1b/2b/9a/ac/hikkaduwa-beach.jpg\"'),(143,10,'\"https://media-cdn.tripadvisor.com/media/photo-s/1a/ec/4a/ca/attraction-review-d16852892.jpg\"'),(144,10,'\"https://media-cdn.tripadvisor.com/media/photo-s/1a/d7/c6/58/great.jpg\"'),(145,10,'\"https://media-cdn.tripadvisor.com/media/photo-s/1a/a7/21/62/lovely-sunset-lovely.jpg\"'),(146,10,'\"https://media-cdn.tripadvisor.com/media/photo-s/1a/96/a4/8b/hikkaduwa-has-something.jpg\"'),(147,10,'\"https://media-cdn.tripadvisor.com/media/photo-s/1a/8f/49/d8/caption.jpg\"'),(148,10,'\"https://media-cdn.tripadvisor.com/media/photo-s/1a/67/5d/5d/photo4jpg.jpg\"'),(149,10,'\"https://media-cdn.tripadvisor.com/media/photo-s/1a/32/58/73/any-day-tours-excursion.jpg\"'),(150,10,'\"https://media-cdn.tripadvisor.com/media/photo-s/1a/19/8f/de/photo8jpg.jpg\"'),(151,11,'\"https://media-cdn.tripadvisor.com/media/photo-s/12/7e/51/a6/hamilton-canal.jpg\"'),(152,11,'\"https://media-cdn.tripadvisor.com/media/photo-s/16/3b/32/7c/redefining-eco-tourism.jpg\"'),(153,11,'\"https://media-cdn.tripadvisor.com/media/photo-s/16/2d/68/18/caption.jpg\"'),(154,11,'\"https://media-cdn.tripadvisor.com/media/photo-s/15/ec/76/d7/img-20190101-193845-largejpg.jpg\"'),(155,11,'\"https://media-cdn.tripadvisor.com/media/photo-s/14/26/3a/23/20180813-170835-largejpg.jpg\"'),(156,11,'\"https://media-cdn.tripadvisor.com/media/photo-w/12/7e/51/e0/negombo-lagoon.jpg\"'),(157,11,'\"https://media-cdn.tripadvisor.com/media/photo-s/12/7e/51/c9/negombo-lagoon-bird-spotting.jpg\"'),(158,11,'\"https://media-cdn.tripadvisor.com/media/photo-s/12/7e/51/a6/hamilton-canal.jpg\"'),(159,11,'\"https://media-cdn.tripadvisor.com/media/photo-s/02/2a/26/15/macaque.jpg\"'),(160,11,'\"https://media-cdn.tripadvisor.com/media/photo-s/02/2a/26/12/water-fowl.jpg\"'),(161,11,'\"https://media-cdn.tripadvisor.com/media/photo-s/02/2a/26/0f/water-monitor.jpg\"'),(162,11,'\"https://media-cdn.tripadvisor.com/media/photo-s/23/42/ba/01/muthurajawela-marsh.jpg\"'),(163,11,'\"https://media-cdn.tripadvisor.com/media/photo-s/23/42/ba/00/muthurajawela-marsh.jpg\"'),(164,11,'\"https://media-cdn.tripadvisor.com/media/photo-s/23/42/b9/fd/muthurajawela-marsh.jpg\"'),(165,11,'\"https://media-cdn.tripadvisor.com/media/photo-s/21/da/8e/db/landfill.jpg\"'),(166,12,'\"https://media-cdn.tripadvisor.com/media/photo-s/02/f4/9d/7f/st-mary-s-church-grand.jpg\"'),(167,12,'\"https://media-cdn.tripadvisor.com/media/photo-s/02/f4/9d/7f/st-mary-s-church-grand.jpg\"'),(168,12,'\"https://media-cdn.tripadvisor.com/media/photo-s/03/74/5e/61/st-mary-s-church.jpg\"'),(169,12,'\"https://media-cdn.tripadvisor.com/media/photo-s/1c/da/65/c3/st-mary-s-church.jpg\"'),(170,12,'\"https://media-cdn.tripadvisor.com/media/photo-s/1c/da/65/c0/st-mary-s-church.jpg\"'),(171,12,'\"https://media-cdn.tripadvisor.com/media/photo-s/1c/6d/0b/2e/st-mary-s-church.jpg\"'),(172,12,'\"https://media-cdn.tripadvisor.com/media/photo-s/1b/3e/26/bb/great-statue-of-our-lady.jpg\"'),(173,12,'\"https://media-cdn.tripadvisor.com/media/photo-s/1b/3e/26/76/st-mary-s-church-negombo.jpg\"'),(174,12,'\"https://media-cdn.tripadvisor.com/media/photo-s/1a/f6/3e/64/st-mary-s-church.jpg\"'),(175,12,'\"https://media-cdn.tripadvisor.com/media/photo-s/1a/f6/3e/46/st-mary-s-church.jpg\"'),(176,12,'\"https://media-cdn.tripadvisor.com/media/photo-s/1a/f6/3e/41/st-mary-s-church.jpg\"'),(177,12,'\"https://media-cdn.tripadvisor.com/media/photo-s/1a/f6/3e/2e/st-mary-s-church.jpg\"'),(178,12,'\"https://media-cdn.tripadvisor.com/media/photo-s/1a/f6/32/8f/st-mary-s-church.jpg\"'),(179,12,'\"https://media-cdn.tripadvisor.com/media/photo-s/1a/f6/32/8e/st-mary-s-church.jpg\"'),(180,12,'\"https://media-cdn.tripadvisor.com/media/photo-s/1a/f6/32/8d/st-mary-s-church.jpg\"'),(181,13,'\"https://media-cdn.tripadvisor.com/media/photo-s/0f/ba/1b/4e/magnificent-sunset.jpg\"'),(182,13,'\"https://media-cdn.tripadvisor.com/media/photo-s/02/50/52/01/negombo.jpg\"'),(183,13,'\"https://media-cdn.tripadvisor.com/media/photo-s/1b/5f/8d/3e/caption.jpg\"'),(184,13,'\"https://media-cdn.tripadvisor.com/media/photo-s/1b/13/27/48/dsc-0016-largejpg.jpg\"'),(185,13,'\"https://media-cdn.tripadvisor.com/media/photo-s/1a/2e/47/36/negombo-beach.jpg\"'),(186,13,'\"https://media-cdn.tripadvisor.com/media/photo-s/19/fe/fb/c0/photo4jpg.jpg\"'),(187,13,'\"https://media-cdn.tripadvisor.com/media/photo-s/17/a1/e9/79/sri-lanka-015-largejpg.jpg\"'),(188,13,'\"https://media-cdn.tripadvisor.com/media/photo-s/17/a1/e9/78/sri-lanka-069-largejpg.jpg\"'),(189,13,'\"https://media-cdn.tripadvisor.com/media/photo-s/17/a1/e9/77/sri-lanka-026-largejpg.jpg\"'),(190,13,'\"https://media-cdn.tripadvisor.com/media/photo-s/17/65/75/d5/photo0jpg.jpg\"'),(191,13,'\"https://media-cdn.tripadvisor.com/media/photo-s/14/74/61/7f/dsc-0272-1-largejpg.jpg\"'),(192,13,'\"https://media-cdn.tripadvisor.com/media/photo-s/14/74/61/7e/dsc-0274-largejpg.jpg\"'),(193,13,'\"https://media-cdn.tripadvisor.com/media/photo-s/14/06/7b/f7/20180726-182934-largejpg.jpg\"'),(194,13,'\"https://media-cdn.tripadvisor.com/media/photo-s/13/59/9c/eb/nice-time-on-negombo.jpg\"'),(195,13,'\"https://media-cdn.tripadvisor.com/media/photo-w/0e/0b/5e/c9/photo0jpg.jpg\"'),(196,14,'\"https://media-cdn.tripadvisor.com/media/photo-s/0d/c4/5c/4d/beach-view.jpg\"'),(197,14,'\"https://media-cdn.tripadvisor.com/media/photo-s/1a/f8/0f/e6/mount-lavinia-beach.jpg\"'),(198,14,'\"https://media-cdn.tripadvisor.com/media/photo-p/17/50/af/63/photo1jpg.jpg\"'),(199,14,'\"https://media-cdn.tripadvisor.com/media/photo-s/16/fc/1d/0b/me-and-my-beloved-dad.jpg\"'),(200,14,'\"https://media-cdn.tripadvisor.com/media/photo-s/0a/95/20/6b/caption.jpg\"'),(201,14,'\"https://media-cdn.tripadvisor.com/media/photo-s/0a/0e/3c/11/mount-lavinia.jpg\"'),(202,14,'\"https://media-cdn.tripadvisor.com/media/photo-s/08/fe/33/40/mount-lavinia.jpg\"'),(203,14,'\"https://media-cdn.tripadvisor.com/media/photo-s/06/f1/bb/80/mount-lavinia.jpg\"'),(204,14,'\"https://media-cdn.tripadvisor.com/media/photo-s/03/ae/41/0b/view-of-beach-at-sunset.jpg\"'),(205,14,'\"https://media-cdn.tripadvisor.com/media/photo-s/03/58/82/bb/mount-lavinia.jpg\"'),(206,14,'\"https://media-cdn.tripadvisor.com/media/photo-s/03/3e/6f/94/mount-lavinia.jpg\"'),(207,14,'\"https://media-cdn.tripadvisor.com/media/photo-s/03/3e/6f/8d/mount-lavinia.jpg\"'),(208,14,'\"https://media-cdn.tripadvisor.com/media/photo-s/02/75/4e/b4/filename-mt-lavinia-dsc.jpg\"'),(209,14,'\"https://media-cdn.tripadvisor.com/media/photo-s/02/75/4e/ae/filename-mt-lavinia-dsc.jpg\"'),(210,14,'\"https://media-cdn.tripadvisor.com/media/photo-s/01/c3/69/0f/mount-breeze-in-the-beach.jpg\"'),(211,15,'\"https://media-cdn.tripadvisor.com/media/photo-s/17/c2/4a/ac/negombo-fish-market-tour.jpg\"'),(212,15,'\"https://media-cdn.tripadvisor.com/media/photo-s/10/a7/43/35/tour-srilanka.jpg\"'),(213,15,'\"https://media-cdn.tripadvisor.com/media/photo-s/11/83/f2/66/tour-srilanka.jpg\"'),(214,15,'\"https://media-cdn.tripadvisor.com/media/photo-s/11/2f/60/cf/indigo-ocean-travels.jpg\"'),(215,15,'\"https://media-cdn.tripadvisor.com/media/photo-s/10/b4/e8/d0/indigo-ocean-travels.jpg\"'),(216,15,'\"https://media-cdn.tripadvisor.com/media/photo-s/10/b0/b1/8b/tour-srilanka.jpg\"'),(217,15,'\"https://media-cdn.tripadvisor.com/media/photo-s/10/ae/dd/90/tour-srilanka.jpg\"'),(218,15,'\"https://media-cdn.tripadvisor.com/media/photo-s/10/ae/dd/88/tour-srilanka.jpg\"'),(219,15,'\"https://media-cdn.tripadvisor.com/media/photo-s/10/a8/32/54/tour-srilanka.jpg\"'),(220,15,'\"https://media-cdn.tripadvisor.com/media/photo-s/10/a7/42/fa/tour-srilanka.jpg\"'),(221,15,'\"https://media-cdn.tripadvisor.com/media/photo-s/10/a7/3e/b2/tour-srilanka.jpg\"'),(222,15,'\"https://media-cdn.tripadvisor.com/media/photo-s/0b/02/e0/a7/indigo-ocean-travels.jpg\"'),(223,15,'\"https://media-cdn.tripadvisor.com/media/photo-s/0b/02/e0/a6/indigo-ocean-travels.jpg\"'),(224,15,'\"https://media-cdn.tripadvisor.com/media/photo-s/0b/02/e0/a3/indigo-ocean-travels.jpg\"'),(225,15,'\"https://media-cdn.tripadvisor.com/media/photo-s/0a/f6/be/c1/indigo-ocean-travels.jpg\"'),(226,16,'\"https://media-cdn.tripadvisor.com/media/photo-s/03/7c/8a/e0/colombo-national-museum.jpg\"'),(227,16,'\"https://media-cdn.tripadvisor.com/media/photo-s/14/71/66/ac/detailed-descriptions.jpg\"'),(228,16,'\"https://media-cdn.tripadvisor.com/media/photo-s/10/89/9d/8f/view.jpg\"'),(229,16,'\"https://media-cdn.tripadvisor.com/media/photo-s/09/1e/25/bb/colombo-national-museum.jpg\"'),(230,16,'\"https://media-cdn.tripadvisor.com/media/photo-s/09/1c/0f/b8/colombo-national-museum.jpg\"'),(231,16,'\"https://media-cdn.tripadvisor.com/media/photo-s/06/3f/5e/b2/buddha-in-samadhi-pose.jpg\"'),(232,16,'\"https://media-cdn.tripadvisor.com/media/photo-s/01/e1/67/13/part-of-kandyan-throne.jpg\"'),(233,16,'\"https://media-cdn.tripadvisor.com/media/photo-s/01/44/ea/b3/the-neoclassic-colombo.jpg\"'),(234,16,'\"https://media-cdn.tripadvisor.com/media/daodao/photo-s/01/e6/d0/58/caption.jpg\"'),(235,16,'\"https://media-cdn.tripadvisor.com/media/photo-s/01/35/ff/cc/colombo-national-museum.jpg\"'),(236,16,'\"https://media-cdn.tripadvisor.com/media/photo-s/02/33/de/34/hundreds-of-years-old.jpg\"'),(237,16,'\"https://media-cdn.tripadvisor.com/media/photo-s/24/a5/7e/75/caption.jpg\"'),(238,16,'\"https://media-cdn.tripadvisor.com/media/photo-s/22/0a/1a/2b/caption.jpg\"'),(239,16,'\"https://media-cdn.tripadvisor.com/media/photo-s/22/0a/1a/2a/caption.jpg\"'),(240,16,'\"https://media-cdn.tripadvisor.com/media/photo-s/22/0a/1a/29/caption.jpg\"'),(241,17,'\"https://media-cdn.tripadvisor.com/media/photo-s/10/4e/dc/bc/beach.jpg\"'),(242,17,'\"https://media-cdn.tripadvisor.com/media/photo-s/06/cb/6a/d2/bentota-beach.jpg\"'),(243,17,'\"https://media-cdn.tripadvisor.com/media/photo-s/1b/dc/4d/89/assistance-for-holidays.jpg\"'),(244,17,'\"https://media-cdn.tripadvisor.com/media/photo-s/1b/1f/49/ef/bentota-beach.jpg\"'),(245,17,'\"https://media-cdn.tripadvisor.com/media/photo-s/1a/95/34/f8/bentota-beach.jpg\"'),(246,17,'\"https://media-cdn.tripadvisor.com/media/photo-s/19/43/b4/bd/img20190916170535-largejpg.jpg\"'),(247,17,'\"https://media-cdn.tripadvisor.com/media/photo-s/19/43/b4/b4/img-20190916-wa0031-largejpg.jpg\"'),(248,17,'\"https://media-cdn.tripadvisor.com/media/photo-s/18/e4/e6/4f/best-water-sports-in.jpg\"'),(249,17,'\"https://media-cdn.tripadvisor.com/media/photo-s/17/67/17/6a/sri-lanka-van-rentals.jpg\"'),(250,17,'\"https://media-cdn.tripadvisor.com/media/photo-s/16/ef/54/44/41ct.jpg\"'),(251,17,'\"https://media-cdn.tripadvisor.com/media/photo-s/16/ce/0b/43/bentota-beach.jpg\"'),(252,17,'\"https://media-cdn.tripadvisor.com/media/photo-w/16/ce/0b/3b/bentota-beach.jpg\"'),(253,17,'\"https://media-cdn.tripadvisor.com/media/photo-w/16/ce/0a/e5/bentota-beach.jpg\"'),(254,17,'\"https://media-cdn.tripadvisor.com/media/photo-s/16/7d/65/bc/menschenleerer-strand.jpg\"'),(255,17,'\"https://media-cdn.tripadvisor.com/media/photo-s/16/7d/65/82/hier-kann-man-preiswert.jpg\"'),(256,18,'\"https://media-cdn.tripadvisor.com/media/photo-b/768x250/0f/ed/85/6b/um-palacio-no-topo-da.jpg\"'),(257,18,'\"https://media-cdn.tripadvisor.com/media/photo-s/25/5b/6f/a1/sigiriya-the-ancient.jpg\"'),(258,18,'\"https://media-cdn.tripadvisor.com/media/photo-s/25/5b/6f/89/sigiriya-the-ancient.jpg\"'),(259,18,'\"https://media-cdn.tripadvisor.com/media/photo-s/25/5b/6f/77/on-ne-dirait-pas-qu-elles.jpg\"'),(260,18,'\"https://media-cdn.tripadvisor.com/media/photo-s/25/5b/6f/6d/les-belles-du-coin.jpg\"'),(261,18,'\"https://media-cdn.tripadvisor.com/media/photo-s/25/5b/6f/66/sigiriya-the-ancient.jpg\"'),(262,18,'\"https://media-cdn.tripadvisor.com/media/photo-s/25/5b/6f/57/et-c-est-reparti.jpg\"'),(263,18,'\"https://media-cdn.tripadvisor.com/media/photo-s/25/5b/6f/31/le-trone-de-monsieur.jpg\"'),(264,18,'\"https://media-cdn.tripadvisor.com/media/photo-s/25/5b/6f/15/sigiriya-the-ancient.jpg\"'),(265,18,'\"https://media-cdn.tripadvisor.com/media/photo-s/25/5b/6f/07/juste-magnifique-ou-que.jpg\"'),(266,18,'\"https://media-cdn.tripadvisor.com/media/photo-s/25/5b/6e/db/la-victoire.jpg\"'),(267,18,'\"https://media-cdn.tripadvisor.com/media/photo-s/25/5b/6e/b6/et-toujours.jpg\"'),(268,18,'\"https://media-cdn.tripadvisor.com/media/photo-s/25/5b/6e/9f/et-encore.jpg\"'),(269,18,'\"https://media-cdn.tripadvisor.com/media/photo-s/25/5b/6e/7e/c-est-parti.jpg\"'),(270,18,'\"https://media-cdn.tripadvisor.com/media/photo-s/25/5b/6e/74/on-rentre-dans-le-dur.jpg\"'),(271,19,'\"https://media-cdn.tripadvisor.com/media/photo-s/10/fc/fe/ed/japanese-peace-pagoda.jpg\"'),(272,19,'\"https://media-cdn.tripadvisor.com/media/photo-c/320x120/15/d1/ed/5c/if-you-stay-in-galle.jpg\"'),(273,19,'\"https://media-cdn.tripadvisor.com/media/photo-s/0e/c6/0e/12/caption.jpg\"'),(274,19,'\"https://media-cdn.tripadvisor.com/media/photo-s/22/1c/61/1f/memorial.jpg\"'),(275,19,'\"https://media-cdn.tripadvisor.com/media/photo-s/22/1c/61/1a/temple.jpg\"'),(276,19,'\"https://media-cdn.tripadvisor.com/media/photo-s/22/1c/61/13/pagoda.jpg\"'),(277,19,'\"https://media-cdn.tripadvisor.com/media/photo-s/22/1c/61/0d/pagoda-entrance.jpg\"'),(278,19,'\"https://media-cdn.tripadvisor.com/media/photo-s/22/1c/60/fd/pagoda.jpg\"'),(279,19,'\"https://media-cdn.tripadvisor.com/media/photo-s/21/ec/32/2a/japanese-peace-pagoda.jpg\"'),(280,19,'\"https://media-cdn.tripadvisor.com/media/photo-s/21/e6/9e/4a/japanese-peace-pagoda.jpg\"'),(281,19,'\"https://media-cdn.tripadvisor.com/media/photo-s/21/e6/9e/43/japanese-peace-pagoda.jpg\"'),(282,19,'\"https://media-cdn.tripadvisor.com/media/photo-s/21/e6/9e/3e/japanese-peace-pagoda.jpg\"'),(283,19,'\"https://media-cdn.tripadvisor.com/media/photo-s/21/e6/9e/3a/japanese-peace-pagoda.jpg\"'),(284,19,'\"https://media-cdn.tripadvisor.com/media/photo-s/21/e6/9e/34/japanese-peace-pagoda.jpg\"'),(285,19,'\"https://media-cdn.tripadvisor.com/media/photo-s/21/e6/9e/31/japanese-peace-pagoda.jpg\"'),(286,20,'\"https://media-cdn.tripadvisor.com/media/photo-s/0f/05/81/be/photo6jpg.jpg\"'),(287,20,'\"https://media-cdn.tripadvisor.com/media/photo-s/14/b6/95/de/photo0jpg.jpg\"'),(288,20,'\"https://media-cdn.tripadvisor.com/media/photo-s/12/5f/66/d6/photo0jpg.jpg\"'),(289,20,'\"https://media-cdn.tripadvisor.com/media/photo-s/06/42/fc/11/dutch-canal.jpg\"'),(290,20,'\"https://media-cdn.tripadvisor.com/media/photo-s/03/7b/4d/44/dutch-canal.jpg\"'),(291,20,'\"https://media-cdn.tripadvisor.com/media/photo-s/23/3d/34/21/visiting-the-dutch-canal.jpg\"'),(292,20,'\"https://media-cdn.tripadvisor.com/media/photo-s/1b/2d/2f/e1/photo0jpg.jpg\"'),(293,20,'\"https://media-cdn.tripadvisor.com/media/photo-s/1b/1f/29/3a/photo1jpg.jpg\"'),(294,20,'\"https://media-cdn.tripadvisor.com/media/photo-s/1b/1f/29/39/photo0jpg.jpg\"'),(295,20,'\"https://media-cdn.tripadvisor.com/media/photo-s/1b/1a/85/e9/photo0jpg.jpg\"'),(296,20,'\"https://media-cdn.tripadvisor.com/media/photo-s/1a/f6/38/92/dutch-canal.jpg\"'),(297,20,'\"https://media-cdn.tripadvisor.com/media/photo-s/1a/f6/38/91/dutch-canal.jpg\"'),(298,20,'\"https://media-cdn.tripadvisor.com/media/photo-s/1a/f6/38/90/dutch-canal.jpg\"'),(299,20,'\"https://media-cdn.tripadvisor.com/media/photo-s/1a/f6/38/8f/dutch-canal.jpg\"'),(300,20,'\"https://media-cdn.tripadvisor.com/media/photo-s/1a/f6/38/8e/dutch-canal.jpg\"'),(301,21,'\"https://media-cdn.tripadvisor.com/media/photo-s/12/3b/5a/85/view.jpg\"'),(302,21,'\"https://media-cdn.tripadvisor.com/media/photo-s/1b/35/f1/50/photo3jpg.jpg\"'),(303,21,'\"https://media-cdn.tripadvisor.com/media/photo-s/1b/35/f1/4f/photo2jpg.jpg\"'),(304,21,'\"https://media-cdn.tripadvisor.com/media/photo-s/1b/35/f1/4e/photo1jpg.jpg\"'),(305,21,'\"https://media-cdn.tripadvisor.com/media/photo-s/1b/35/f1/4d/photo0jpg.jpg\"'),(306,21,'\"https://media-cdn.tripadvisor.com/media/photo-s/1c/6d/0e/fb/st-sebastian-s-church.jpg\"'),(307,21,'\"https://media-cdn.tripadvisor.com/media/photo-s/1a/a4/8f/e2/a-wedding-arch-at-the.jpg\"'),(308,21,'\"https://media-cdn.tripadvisor.com/media/photo-s/1a/a4/8f/c4/decorative-work-on-a.jpg\"'),(309,21,'\"https://media-cdn.tripadvisor.com/media/photo-s/19/e9/f9/4e/photo5jpg.jpg\"'),(310,21,'\"https://media-cdn.tripadvisor.com/media/photo-s/19/e9/f9/4d/photo4jpg.jpg\"'),(311,21,'\"https://media-cdn.tripadvisor.com/media/photo-s/19/e9/f9/4c/photo3jpg.jpg\"'),(312,21,'\"https://media-cdn.tripadvisor.com/media/photo-s/19/e9/f9/4b/photo2jpg.jpg\"'),(313,21,'\"https://media-cdn.tripadvisor.com/media/photo-s/19/e9/f9/4a/photo1jpg.jpg\"'),(314,21,'\"https://media-cdn.tripadvisor.com/media/photo-s/19/e9/f9/49/photo0jpg.jpg\"'),(315,21,'\"https://media-cdn.tripadvisor.com/media/photo-s/19/2d/1c/d2/photo0jpg.jpg\"');
/*!40000 ALTER TABLE `attraction_image` ENABLE KEYS */;
UNLOCK TABLES;

--
-- Table structure for table `city`
--

DROP TABLE IF EXISTS `city`;
/*!40101 SET @saved_cs_client     = @@character_set_client */;
/*!50503 SET character_set_client = utf8mb4 */;
CREATE TABLE `city` (
  `id` int NOT NULL,
  `city_name` varchar(500) NOT NULL,
  PRIMARY KEY (`id`)
) ENGINE=InnoDB DEFAULT CHARSET=utf8mb3;
/*!40101 SET character_set_client = @saved_cs_client */;

--
-- Dumping data for table `city`
--

LOCK TABLES `city` WRITE;
/*!40000 ALTER TABLE `city` DISABLE KEYS */;
INSERT INTO `city` VALUES (1,'Akkaraipattu'),(2,'Ambagahawatta'),(3,'Ampara'),(4,'Bakmitiyawa'),(5,'Deegawapiya'),(6,'Devalahinda'),(7,'Digamadulla Weeragoda'),(8,'Dorakumbura'),(9,'Gonagolla'),(10,'Hulannuge'),(11,'Kalmunai'),(12,'Kannakipuram'),(13,'Karativu'),(14,'Kekirihena'),(15,'Koknahara'),(16,'Kolamanthalawa'),(17,'Komari'),(18,'Lahugala'),(19,'lmkkamam'),(20,'Mahaoya'),(21,'Marathamune'),(22,'Namaloya'),(23,'Navithanveli'),(24,'Nintavur'),(25,'Oluvil'),(26,'Padiyatalawa'),(27,'Pahalalanda'),(28,'Panama'),(29,'Pannalagama'),(30,'Paragahakele'),(31,'Periyaneelavanai'),(32,'Polwaga Janapadaya'),(33,'Pottuvil'),(34,'Sainthamaruthu'),(35,'Samanthurai'),(36,'Serankada'),(37,'Tempitiya'),(38,'Thambiluvil'),(39,'Tirukovil'),(40,'Uhana'),(41,'Wadinagala'),(42,'Wanagamuwa'),(43,'Angamuwa'),(44,'Anuradhapura'),(45,'Awukana'),(46,'Bogahawewa'),(47,'Dematawewa'),(48,'Dimbulagala'),(49,'Dutuwewa'),(50,'Elayapattuwa'),(51,'Ellewewa'),(52,'Eppawala'),(53,'Etawatunuwewa'),(54,'Etaweeragollewa'),(55,'Galapitagala'),(56,'Galenbindunuwewa'),(57,'Galkadawala'),(58,'Galkiriyagama'),(59,'Galkulama'),(60,'Galnewa'),(61,'Gambirigaswewa'),(62,'Ganewalpola'),(63,'Gemunupura'),(64,'Getalawa'),(65,'Gnanikulama'),(66,'Gonahaddenawa'),(67,'Habarana'),(68,'Halmillawa Dambulla'),(69,'Halmillawetiya'),(70,'Hidogama'),(71,'Horawpatana'),(72,'Horiwila'),(73,'Hurigaswewa'),(74,'Hurulunikawewa'),(75,'Ihala Puliyankulama'),(76,'Kagama'),(77,'Kahatagasdigiliya'),(78,'Kahatagollewa'),(79,'Kalakarambewa'),(80,'Kalaoya'),(81,'Kalawedi Ulpotha'),(82,'Kallanchiya'),(83,'Kalpitiya'),(84,'Kalukele Badanagala'),(85,'Kapugallawa'),(86,'Karagahawewa'),(87,'Kashyapapura'),(88,'Kebithigollewa'),(89,'Kekirawa'),(90,'Kendewa'),(91,'Kiralogama'),(92,'Kirigalwewa'),(93,'Kirimundalama'),(94,'Kitulhitiyawa'),(95,'Kurundankulama'),(96,'Labunoruwa'),(97,'Ihalagama'),(98,'Ipologama'),(99,'Madatugama'),(100,'Maha Elagamuwa'),(101,'Mahabulankulama'),(102,'Mahailluppallama'),(103,'Mahakanadarawa'),(104,'Mahapothana'),(105,'Mahasenpura'),(106,'Mahawilachchiya'),(107,'Mailagaswewa'),(108,'Malwanagama'),(109,'Maneruwa'),(110,'Maradankadawala'),(111,'Maradankalla'),(112,'Medawachchiya'),(113,'Megodawewa'),(114,'Mihintale'),(115,'Morakewa'),(116,'Mulkiriyawa'),(117,'Muriyakadawala'),(118,'Colombo 15'),(119,'Nachchaduwa'),(120,'Namalpura'),(121,'Negampaha'),(122,'Nochchiyagama'),(123,'Nuwaragala'),(124,'Padavi Maithripura'),(125,'Padavi Parakramapura'),(126,'Padavi Sripura'),(127,'Padavi Sritissapura'),(128,'Padaviya'),(129,'Padikaramaduwa'),(130,'Pahala Halmillewa'),(131,'Pahala Maragahawe'),(132,'Pahalagama'),(133,'Palugaswewa'),(134,'Pandukabayapura'),(135,'Pandulagama'),(136,'Parakumpura'),(137,'Parangiyawadiya'),(138,'Parasangahawewa'),(139,'Pelatiyawa'),(140,'Pemaduwa'),(141,'Perimiyankulama'),(142,'Pihimbiyagolewa'),(143,'Pubbogama'),(144,'Punewa'),(145,'Rajanganaya'),(146,'Rambewa'),(147,'Rampathwila'),(148,'Rathmalgahawewa'),(149,'Saliyapura'),(150,'Seeppukulama'),(151,'Senapura'),(152,'Sivalakulama'),(153,'Siyambalewa'),(154,'Sravasthipura'),(155,'Talawa'),(156,'Tambuttegama'),(157,'Tammennawa'),(158,'Tantirimale'),(159,'Telhiriyawa'),(160,'Tirappane'),(161,'Tittagonewa'),(162,'Udunuwara Colony'),(163,'Upuldeniya'),(164,'Uttimaduwa'),(165,'Vellamanal'),(166,'Viharapalugama'),(167,'Wahalkada'),(168,'Wahamalgollewa'),(169,'Walagambahuwa'),(170,'Walahaviddawewa'),(171,'Welimuwapotana'),(172,'Welioya Project'),(173,'Akkarasiyaya'),(174,'Aluketiyawa'),(175,'Aluttaramma'),(176,'Ambadandegama'),(177,'Ambagasdowa'),(178,'Arawa'),(179,'Arawakumbura'),(180,'Arawatta'),(181,'Atakiriya'),(182,'Badulla'),(183,'Baduluoya'),(184,'Ballaketuwa'),(185,'Bambarapana'),(186,'Bandarawela'),(187,'Beramada'),(188,'Bibilegama'),(189,'Boragas'),(190,'Boralanda'),(191,'Bowela'),(192,'Central Camp'),(193,'Damanewela'),(194,'Dambana'),(195,'Dehiattakandiya'),(196,'Demodara'),(197,'Diganatenna'),(198,'Dikkapitiya'),(199,'Dimbulana'),(200,'Divulapelessa'),(201,'Diyatalawa'),(202,'Dulgolla'),(203,'Ekiriyankumbura'),(204,'Ella'),(205,'Ettampitiya'),(206,'Galauda'),(207,'Galporuyaya'),(208,'Gawarawela'),(209,'Girandurukotte'),(210,'Godunna'),(211,'Gurutalawa'),(212,'Haldummulla'),(213,'Hali Ela'),(214,'Hangunnawa'),(215,'Haputale'),(216,'Hebarawa'),(217,'Heeloya'),(218,'Helahalpe'),(219,'Helapupula'),(220,'Hopton'),(221,'Idalgashinna'),(222,'Kahataruppa'),(223,'Kalugahakandura'),(224,'Kalupahana'),(225,'Kebillawela'),(226,'Kendagolla'),(227,'Keselpotha'),(228,'Ketawatta'),(229,'Kiriwanagama'),(230,'Koslanda'),(231,'Kuruwitenna'),(232,'Kuttiyagolla'),(233,'Landewela'),(234,'Liyangahawela'),(235,'Lunugala'),(236,'Lunuwatta'),(237,'Madulsima'),(238,'Mahiyanganaya'),(239,'Makulella'),(240,'Malgoda'),(241,'Mapakadawewa'),(242,'Maspanna'),(243,'Maussagolla'),(244,'Mawanagama'),(245,'Medawela Udukinda'),(246,'Meegahakiula'),(247,'Metigahatenna'),(248,'Mirahawatta'),(249,'Miriyabedda'),(250,'Nawamedagama'),(251,'Nelumgama'),(252,'Nikapotha'),(253,'Nugatalawa'),(254,'Ohiya'),(255,'Pahalarathkinda'),(256,'Pallekiruwa'),(257,'Passara'),(258,'Pattiyagedara'),(259,'Pelagahatenna'),(260,'Perawella'),(261,'Pitamaruwa'),(262,'Pitapola'),(263,'Puhulpola'),(264,'Rajagalatenna'),(265,'Rathkarawwa'),(266,'Ridimaliyadda'),(267,'Silmiyapura'),(268,'Sirimalgoda'),(269,'Siripura'),(270,'Sorabora Colony'),(271,'Soragune'),(272,'Soranathota'),(273,'Taldena'),(274,'Timbirigaspitiya'),(275,'Uduhawara'),(276,'Uraniya'),(277,'Uva Karandagolla'),(278,'Uva Mawelagama'),(279,'Uva Tenna'),(280,'Uva Tissapura'),(281,'Welimada'),(282,'Weranketagoda'),(283,'Wewatta'),(284,'Wineethagama'),(285,'Yalagamuwa'),(286,'Yalwela'),(287,'Addalaichenai'),(288,'Ampilanthurai'),(289,'Araipattai'),(290,'Ayithiyamalai'),(291,'Bakiella'),(292,'Batticaloa'),(293,'Cheddipalayam'),(294,'Chenkaladi'),(295,'Eravur'),(296,'Kaluwanchikudi'),(297,'Kaluwankemy'),(298,'Kannankudah'),(299,'Karadiyanaru'),(300,'Kathiraveli'),(301,'Kattankudi'),(302,'Kiran'),(303,'Kirankulam'),(304,'Koddaikallar'),(305,'Kokkaddicholai'),(306,'Kurukkalmadam'),(307,'Mandur'),(308,'Miravodai'),(309,'Murakottanchanai'),(310,'Navagirinagar'),(311,'Navatkadu'),(312,'Oddamavadi'),(313,'Palamunai'),(314,'Pankudavely'),(315,'Periyaporativu'),(316,'Periyapullumalai'),(317,'Pillaiyaradi'),(318,'Punanai'),(319,'Thannamunai'),(320,'Thettativu'),(321,'Thikkodai'),(322,'Thirupalugamam'),(323,'Unnichchai'),(324,'Vakaneri'),(325,'Vakarai'),(326,'Valaichenai'),(327,'Vantharumoolai'),(328,'Vellavely'),(329,'Akarawita'),(330,'Ambalangoda'),(331,'Athurugiriya'),(332,'Avissawella'),(333,'Batawala'),(334,'Battaramulla'),(335,'Biyagama'),(336,'Bope'),(337,'Boralesgamuwa'),(338,'Colombo 8'),(339,'Dedigamuwa'),(340,'Dehiwala'),(341,'Deltara'),(342,'Habarakada'),(343,'Hanwella'),(344,'Hiripitya'),(345,'Hokandara'),(346,'Homagama'),(347,'Horagala'),(348,'Kaduwela'),(349,'Kaluaggala'),(350,'Kapugoda'),(351,'Kehelwatta'),(352,'Kiriwattuduwa'),(353,'Kolonnawa'),(354,'Kosgama'),(355,'Madapatha'),(356,'Maharagama'),(357,'Malabe'),(358,'Moratuwa'),(359,'Mount Lavinia'),(360,'Mullegama'),(361,'Napawela'),(362,'Nugegoda'),(363,'Padukka'),(364,'Pannipitiya'),(365,'Piliyandala'),(366,'Pitipana Homagama'),(367,'Polgasowita'),(368,'Pugoda'),(369,'Ranala'),(370,'Siddamulla'),(371,'Siyambalagoda'),(372,'Sri Jayawardenepura'),(373,'Talawatugoda'),(374,'Tummodara'),(375,'Waga'),(376,'Colombo 6'),(377,'Agaliya'),(378,'Ahangama'),(379,'Ahungalla'),(380,'Akmeemana'),(381,'Alawatugoda'),(382,'Aluthwala'),(383,'Ampegama'),(384,'Amugoda'),(385,'Anangoda'),(386,'Angulugaha'),(387,'Ankokkawala'),(388,'Aselapura'),(389,'Baddegama'),(390,'Balapitiya'),(391,'Banagala'),(392,'Batapola'),(393,'Bentota'),(394,'Boossa'),(395,'Dellawa'),(396,'Dikkumbura'),(397,'Dodanduwa'),(398,'Ella Tanabaddegama'),(399,'Elpitiya'),(400,'Galle'),(401,'Ginimellagaha'),(402,'Gintota'),(403,'Godahena'),(404,'Gonamulla Junction'),(405,'Gonapinuwala'),(406,'Habaraduwa'),(407,'Haburugala'),(408,'Hikkaduwa'),(409,'Hiniduma'),(410,'Hiyare'),(411,'Kahaduwa'),(412,'Kahawa'),(413,'Karagoda'),(414,'Karandeniya'),(415,'Kosgoda'),(416,'Kottawagama'),(417,'Kottegoda'),(418,'Kuleegoda'),(419,'Magedara'),(420,'Mahawela Sinhapura'),(421,'Mapalagama'),(422,'Mapalagama Central'),(423,'Mattaka'),(424,'Meda-Keembiya'),(425,'Meetiyagoda'),(426,'Nagoda'),(427,'Nakiyadeniya'),(428,'Nawandagala'),(429,'Neluwa'),(430,'Nindana'),(431,'Pahala Millawa'),(432,'Panangala'),(433,'Pannimulla Panagoda'),(434,'Parana Thanayamgoda'),(435,'Patana'),(436,'Pitigala'),(437,'Poddala'),(438,'Polgampola'),(439,'Porawagama'),(440,'Rantotuwila'),(441,'Talagampola'),(442,'Talgaspe'),(443,'Talpe'),(444,'Tawalama'),(445,'Tiranagama'),(446,'Udalamatta'),(447,'Udugama'),(448,'Uluvitike'),(449,'Unawatuna'),(450,'Unawitiya'),(451,'Uragaha'),(452,'Uragasmanhandiya'),(453,'Wakwella'),(454,'Walahanduwa'),(455,'Wanchawela'),(456,'Wanduramba'),(457,'Warukandeniya'),(458,'Watugedara'),(459,'Weihena'),(460,'Welikanda'),(461,'Wilanagama'),(462,'Yakkalamulla'),(463,'Yatalamatta'),(464,'Akaragama'),(465,'Ambagaspitiya'),(466,'Ambepussa'),(467,'Andiambalama'),(468,'Attanagalla'),(469,'Badalgama'),(470,'Banduragoda'),(471,'Batuwatta'),(472,'Bemmulla'),(473,'Biyagama IPZ'),(474,'Bokalagama'),(475,'Bollete (WP)'),(476,'Bopagama'),(477,'Buthpitiya'),(478,'Dagonna'),(479,'Danowita'),(480,'Debahera'),(481,'Dekatana'),(482,'Delgoda'),(483,'Delwagura'),(484,'Demalagama'),(485,'Demanhandiya'),(486,'Dewalapola'),(487,'Divulapitiya'),(488,'Divuldeniya'),(489,'Dompe'),(490,'Dunagaha'),(491,'Ekala'),(492,'Ellakkala'),(493,'Essella'),(494,'Galedanda'),(495,'Gampaha'),(496,'Ganemulla'),(497,'Giriulla'),(498,'Gonawala'),(499,'Halpe'),(500,'Hapugastenna'),(501,'Heiyanthuduwa'),(502,'Hinatiyana Madawala'),(503,'Hiswella'),(504,'Horampella'),(505,'Hunumulla'),(506,'Hunupola'),(507,'Ihala Madampella'),(508,'Imbulgoda'),(509,'Ja-Ela'),(510,'Kadawatha'),(511,'Kahatowita'),(512,'Kalagedihena'),(513,'Kaleliya'),(514,'Kandana'),(515,'Katana'),(516,'Katudeniya'),(517,'Katunayake'),(518,'Katunayake Air Force Camp'),(519,'Katunayake(FTZ)'),(520,'Katuwellegama'),(521,'Kelaniya'),(522,'Kimbulapitiya'),(523,'Kirindiwela'),(524,'Kitalawalana'),(525,'Kochchikade'),(526,'Kotadeniyawa'),(527,'Kotugoda'),(528,'Kumbaloluwa'),(529,'Loluwagoda'),(530,'Mabodale'),(531,'Madelgamuwa'),(532,'Makewita'),(533,'Makola'),(534,'Malwana'),(535,'Mandawala'),(536,'Marandagahamula'),(537,'Mellawagedara'),(538,'Minuwangoda'),(539,'Mirigama'),(540,'Miriswatta'),(541,'Mithirigala'),(542,'Muddaragama'),(543,'Mudungoda'),(544,'Mulleriyawa New Town'),(545,'Naranwala'),(546,'Nawana'),(547,'Nedungamuwa'),(548,'Negombo'),(549,'Nikadalupotha'),(550,'Nikahetikanda'),(551,'Nittambuwa'),(552,'Niwandama'),(553,'Opatha'),(554,'Pamunugama'),(555,'Pamunuwatta'),(556,'Panawala'),(557,'Pasyala'),(558,'Peliyagoda'),(559,'Pepiliyawala'),(560,'Pethiyagoda'),(561,'Polpithimukulana'),(562,'Puwakpitiya'),(563,'Radawadunna'),(564,'Radawana'),(565,'Raddolugama'),(566,'Ragama'),(567,'Ruggahawila'),(568,'Seeduwa'),(569,'Siyambalape'),(570,'Talahena'),(571,'Thambagalla'),(572,'Thimbirigaskatuwa'),(573,'Tittapattara'),(574,'Udathuthiripitiya'),(575,'Udugampola'),(576,'Uggalboda'),(577,'Urapola'),(578,'Uswetakeiyawa'),(579,'Veyangoda'),(580,'Walgammulla'),(581,'Walpita'),(582,'Walpola (WP)'),(583,'Wathurugama'),(584,'Watinapaha'),(585,'Wattala'),(586,'Weboda'),(587,'Wegowwa'),(588,'Weweldeniya'),(589,'Yakkala'),(590,'Yatiyana'),(591,'Ambalantota'),(592,'Angunakolapelessa'),(593,'Angunakolawewa'),(594,'Bandagiriya Colony'),(595,'Barawakumbuka'),(596,'Beliatta'),(597,'Beragama'),(598,'Beralihela'),(599,'Bundala'),(600,'Ellagala'),(601,'Gangulandeniya'),(602,'Getamanna'),(603,'Goda Koggalla'),(604,'Gonagamuwa Uduwila'),(605,'Gonnoruwa'),(606,'Hakuruwela'),(607,'Hambantota'),(608,'Handugala'),(609,'Hungama'),(610,'Ihala Beligalla'),(611,'Iththa Demaliya'),(612,'Julampitiya'),(613,'Kahandamodara'),(614,'Kariyamaditta'),(615,'Katuwana'),(616,'Kawantissapura'),(617,'Kirama'),(618,'Kirinda'),(619,'Lunama'),(620,'Lunugamwehera'),(621,'Magama'),(622,'Mahagalwewa'),(623,'Mamadala'),(624,'Medamulana'),(625,'Middeniya'),(626,'Meegahajandura'),(627,'Modarawana'),(628,'Mulkirigala'),(629,'Nakulugamuwa'),(630,'Netolpitiya'),(631,'Nihiluwa'),(632,'Padawkema'),(633,'Pahala Andarawewa'),(634,'Rammalawarapitiya'),(635,'Ranakeliya'),(636,'Ranmuduwewa'),(637,'Ranna'),(638,'Ratmalwala'),(639,'Ruhunu Ridiyagama'),(640,'Sooriyawewa Town'),(641,'Tangalla'),(642,'Tissamaharama'),(643,'Uda Gomadiya'),(644,'Udamattala'),(645,'Uswewa'),(646,'Vitharandeniya'),(647,'Walasmulla'),(648,'Weeraketiya'),(649,'Weerawila'),(650,'Weerawila NewTown'),(651,'Wekandawela'),(652,'Weligatta'),(653,'Yatigala'),(654,'Jaffna'),(655,'Agalawatta'),(656,'Alubomulla'),(657,'Anguruwatota'),(658,'Atale'),(659,'Baduraliya'),(660,'Bandaragama'),(661,'Batugampola'),(662,'Bellana'),(663,'Beruwala'),(664,'Bolossagama'),(665,'Bombuwala'),(666,'Boralugoda'),(667,'Bulathsinhala'),(668,'Danawala Thiniyawala'),(669,'Delmella'),(670,'Dharga Town'),(671,'Diwalakada'),(672,'Dodangoda'),(673,'Dombagoda'),(674,'Ethkandura'),(675,'Galpatha'),(676,'Gamagoda'),(677,'Gonagalpura'),(678,'Gonapola Junction'),(679,'Govinna'),(680,'Gurulubadda'),(681,'Halkandawila'),(682,'Haltota'),(683,'Halvitigala Colony'),(684,'Halwala'),(685,'Halwatura'),(686,'Handapangoda'),(687,'Hedigalla Colony'),(688,'Henegama'),(689,'Hettimulla'),(690,'Horana'),(691,'Ittapana'),(692,'Kahawala'),(693,'Kalawila Kiranthidiya'),(694,'Kalutara'),(695,'Kananwila'),(696,'Kandanagama'),(697,'Kelinkanda'),(698,'Kitulgoda'),(699,'Koholana'),(700,'Kuda Uduwa'),(701,'Labbala'),(702,'lhalahewessa'),(703,'lnduruwa'),(704,'lngiriya'),(705,'Maggona'),(706,'Mahagama'),(707,'Mahakalupahana'),(708,'Maharangalla'),(709,'Malgalla Talangalla'),(710,'Matugama'),(711,'Meegahatenna'),(712,'Meegama'),(713,'Meegoda'),(714,'Millaniya'),(715,'Millewa'),(716,'Miwanapalana'),(717,'Molkawa'),(718,'Morapitiya'),(719,'Morontuduwa'),(720,'Nawattuduwa'),(721,'Neboda'),(722,'Padagoda'),(723,'Pahalahewessa'),(724,'Paiyagala'),(725,'Panadura'),(726,'Pannala'),(727,'Paragastota'),(728,'Paragoda'),(729,'Paraigama'),(730,'Pelanda'),(731,'Pelawatta'),(732,'Pimbura'),(733,'Pitagaldeniya'),(734,'Pokunuwita'),(735,'Poruwedanda'),(736,'Ratmale'),(737,'Remunagoda'),(738,'Talgaswela'),(739,'Tebuwana'),(740,'Uduwara'),(741,'Utumgama'),(742,'Veyangalla'),(743,'Wadduwa'),(744,'Walagedara'),(745,'Walallawita'),(746,'Waskaduwa'),(747,'Welipenna'),(748,'Weliveriya'),(749,'Welmilla Junction'),(750,'Weragala'),(751,'Yagirala'),(752,'Yatadolawatta'),(753,'Yatawara Junction'),(754,'Aludeniya'),(755,'Ambagahapelessa'),(756,'Ambagamuwa Udabulathgama'),(757,'Ambatenna'),(758,'Ampitiya'),(759,'Ankumbura'),(760,'Atabage'),(761,'Balana'),(762,'Bambaragahaela'),(763,'Batagolladeniya'),(764,'Batugoda'),(765,'Batumulla'),(766,'Bawlana'),(767,'Bopana'),(768,'Danture'),(769,'Dedunupitiya'),(770,'Dekinda'),(771,'Deltota'),(772,'Divulankadawala'),(773,'Dolapihilla'),(774,'Dolosbage'),(775,'Dunuwila'),(776,'Etulgama'),(777,'Galaboda'),(778,'Galagedara'),(779,'Galaha'),(780,'Galhinna'),(781,'Gampola'),(782,'Gelioya'),(783,'Godamunna'),(784,'Gomagoda'),(785,'Gonagantenna'),(786,'Gonawalapatana'),(787,'Gunnepana'),(788,'Gurudeniya'),(789,'Hakmana'),(790,'Handaganawa'),(791,'Handawalapitiya'),(792,'Handessa'),(793,'Hanguranketha'),(794,'Harangalagama'),(795,'Hataraliyadda'),(796,'Hindagala'),(797,'Hondiyadeniya'),(798,'Hunnasgiriya'),(799,'Inguruwatta'),(800,'Jambugahapitiya'),(801,'Kadugannawa'),(802,'Kahataliyadda'),(803,'Kalugala'),(804,'Kandy'),(805,'Kapuliyadde'),(806,'Katugastota'),(807,'Katukitula'),(808,'Kelanigama'),(809,'Kengalla'),(810,'Ketaboola'),(811,'Ketakumbura'),(812,'Kobonila'),(813,'Kolabissa'),(814,'Kolongoda'),(815,'Kulugammana'),(816,'Kumbukkandura'),(817,'Kumburegama'),(818,'Kundasale'),(819,'Leemagahakotuwa'),(820,'lhala Kobbekaduwa'),(821,'Lunugama'),(822,'Lunuketiya Maditta'),(823,'Madawala Bazaar'),(824,'Madawalalanda'),(825,'Madugalla'),(826,'Madulkele'),(827,'Mahadoraliyadda'),(828,'Mahamedagama'),(829,'Mahanagapura'),(830,'Mailapitiya'),(831,'Makkanigama'),(832,'Makuldeniya'),(833,'Mangalagama'),(834,'Mapakanda'),(835,'Marassana'),(836,'Marymount Colony'),(837,'Mawatura'),(838,'Medamahanuwara'),(839,'Medawala Harispattuwa'),(840,'Meetalawa'),(841,'Megoda Kalugamuwa'),(842,'Menikdiwela'),(843,'Menikhinna'),(844,'Mimure'),(845,'Minigamuwa'),(846,'Minipe'),(847,'Moragahapallama'),(848,'Murutalawa'),(849,'Muruthagahamulla'),(850,'Nanuoya'),(851,'Naranpanawa'),(852,'Narawelpita'),(853,'Nawalapitiya'),(854,'Nawathispane'),(855,'Nillambe'),(856,'Nugaliyadda'),(857,'Ovilikanda'),(858,'Pallekotuwa'),(859,'Panwilatenna'),(860,'Paradeka'),(861,'Pasbage'),(862,'Pattitalawa'),(863,'Peradeniya'),(864,'Pilimatalawa'),(865,'Poholiyadda'),(866,'Pubbiliya'),(867,'Pupuressa'),(868,'Pussellawa'),(869,'Putuhapuwa'),(870,'Rajawella'),(871,'Rambukpitiya'),(872,'Rambukwella'),(873,'Rangala'),(874,'Rantembe'),(875,'Sangarajapura'),(876,'Senarathwela'),(877,'Talatuoya'),(878,'Teldeniya'),(879,'Tennekumbura'),(880,'Uda Peradeniya'),(881,'Udahentenna'),(882,'Udatalawinna'),(883,'Udispattuwa'),(884,'Ududumbara'),(885,'Uduwahinna'),(886,'Uduwela'),(887,'Ulapane'),(888,'Unuwinna'),(889,'Velamboda'),(890,'Watagoda'),(891,'Watagoda Harispattuwa'),(892,'Wattappola'),(893,'Weligampola'),(894,'Wendaruwa'),(895,'Weragantota'),(896,'Werapitya'),(897,'Werellagama'),(898,'Wettawa'),(899,'Yahalatenna'),(900,'Yatihalagala'),(901,'Alawala'),(902,'Alawatura'),(903,'Alawwa'),(904,'Algama'),(905,'Alutnuwara'),(906,'Ambalakanda'),(907,'Ambulugala'),(908,'Amitirigala'),(909,'Ampagala'),(910,'Anhandiya'),(911,'Anhettigama'),(912,'Aranayaka'),(913,'Aruggammana'),(914,'Batuwita'),(915,'Beligala(Sab)'),(916,'Belihuloya'),(917,'Berannawa'),(918,'Bopitiya'),(919,'Bopitiya (SAB)'),(920,'Boralankada'),(921,'Bossella'),(922,'Bulathkohupitiya'),(923,'Damunupola'),(924,'Debathgama'),(925,'Dedugala'),(926,'Deewala Pallegama'),(927,'Dehiowita'),(928,'Deldeniya'),(929,'Deloluwa'),(930,'Deraniyagala'),(931,'Dewalegama'),(932,'Dewanagala'),(933,'Dombemada'),(934,'Dorawaka'),(935,'Dunumala'),(936,'Galapitamada'),(937,'Galatara'),(938,'Galigamuwa Town'),(939,'Gallella'),(940,'Galpatha(Sab)'),(941,'Gantuna'),(942,'Getahetta'),(943,'Godagampola'),(944,'Gonagala'),(945,'Hakahinna'),(946,'Hakbellawaka'),(947,'Halloluwa'),(948,'Hedunuwewa'),(949,'Hemmatagama'),(950,'Hewadiwela'),(951,'Hingula'),(952,'Hinguralakanda'),(953,'Hingurana'),(954,'Hiriwadunna'),(955,'Ihala Walpola'),(956,'Ihalagama'),(957,'Imbulana'),(958,'Imbulgasdeniya'),(959,'Kabagamuwa'),(960,'Kahapathwala'),(961,'Kandaketya'),(962,'Kannattota'),(963,'Karagahinna'),(964,'Kegalle'),(965,'Kehelpannala'),(966,'Ketawala Leula'),(967,'Kitulgala'),(968,'Kondeniya'),(969,'Kotiyakumbura'),(970,'Lewangama'),(971,'Mahabage'),(972,'Makehelwala'),(973,'Malalpola'),(974,'Maldeniya'),(975,'Maliboda'),(976,'Maliyadda'),(977,'Malmaduwa'),(978,'Marapana'),(979,'Mawanella'),(980,'Meetanwala'),(981,'Migastenna Sabara'),(982,'Miyanawita'),(983,'Molagoda'),(984,'Morontota'),(985,'Narangala'),(986,'Narangoda'),(987,'Nattarampotha'),(988,'Nelundeniya'),(989,'Niyadurupola'),(990,'Noori'),(991,'Pannila'),(992,'Pattampitiya'),(993,'Pilawala'),(994,'Pothukoladeniya'),(995,'Puswelitenna'),(996,'Rambukkana'),(997,'Rilpola'),(998,'Rukmale'),(999,'Ruwanwella'),(1000,'Samanalawewa'),(1001,'Seaforth Colony'),(1002,'Colombo 2'),(1003,'Spring Valley'),(1004,'Talgaspitiya'),(1005,'Teligama'),(1006,'Tholangamuwa'),(1007,'Thotawella'),(1008,'Udaha Hawupe'),(1009,'Udapotha'),(1010,'Uduwa'),(1011,'Undugoda'),(1012,'Ussapitiya'),(1013,'Wahakula'),(1014,'Waharaka'),(1015,'Wanaluwewa'),(1016,'Warakapola'),(1017,'Watura'),(1018,'Weeoya'),(1019,'Wegalla'),(1020,'Weligalla'),(1021,'Welihelatenna'),(1022,'Wewelwatta'),(1023,'Yatagama'),(1024,'Yatapana'),(1025,'Yatiyantota'),(1026,'Yattogoda'),(1027,'Kandavalai'),(1028,'Karachchi'),(1029,'Kilinochchi'),(1030,'Pachchilaipalli'),(1031,'Poonakary'),(1032,'Akurana'),(1033,'Alahengama'),(1034,'Alahitiyawa'),(1035,'Ambakote'),(1036,'Ambanpola'),(1037,'Andiyagala'),(1038,'Anukkane'),(1039,'Aragoda'),(1040,'Ataragalla'),(1041,'Awulegama'),(1042,'Balalla'),(1043,'Bamunukotuwa'),(1044,'Bandara Koswatta'),(1045,'Bingiriya'),(1046,'Bogamulla'),(1047,'Boraluwewa'),(1048,'Boyagane'),(1049,'Bujjomuwa'),(1050,'Buluwala'),(1051,'Dadayamtalawa'),(1052,'Dambadeniya'),(1053,'Daraluwa'),(1054,'Deegalla'),(1055,'Demataluwa'),(1056,'Demuwatha'),(1057,'Diddeniya'),(1058,'Digannewa'),(1059,'Divullegoda'),(1060,'Diyasenpura'),(1061,'Dodangaslanda'),(1062,'Doluwa'),(1063,'Doragamuwa'),(1064,'Doratiyawa'),(1065,'Dunumadalawa'),(1066,'Dunuwilapitiya'),(1067,'Ehetuwewa'),(1068,'Elibichchiya'),(1069,'Embogama'),(1070,'Etungahakotuwa'),(1071,'Galadivulwewa'),(1072,'Galgamuwa'),(1073,'Gallellagama'),(1074,'Gallewa'),(1075,'Ganegoda'),(1076,'Girathalana'),(1077,'Gokaralla'),(1078,'Gonawila'),(1079,'Halmillawewa'),(1080,'Handungamuwa'),(1081,'Harankahawa'),(1082,'Helamada'),(1083,'Hengamuwa'),(1084,'Hettipola'),(1085,'Hewainna'),(1086,'Hilogama'),(1087,'Hindagolla'),(1088,'Hiriyala Lenawa'),(1089,'Hiruwalpola'),(1090,'Horambawa'),(1091,'Hulogedara'),(1092,'Hulugalla'),(1093,'Ihala Gomugomuwa'),(1094,'Ihala Katugampala'),(1095,'Indulgodakanda'),(1096,'Ithanawatta'),(1097,'Kadigawa'),(1098,'Kalankuttiya'),(1099,'Kalatuwawa'),(1100,'Kalugamuwa'),(1101,'Kanadeniyawala'),(1102,'Kanattewewa'),(1103,'Kandegedara'),(1104,'Karagahagedara'),(1105,'Karambe'),(1106,'Katiyawa'),(1107,'Katupota'),(1108,'Kawudulla'),(1109,'Kawuduluwewa Stagell'),(1110,'Kekunagolla'),(1111,'Keppitiwalana'),(1112,'Kimbulwanaoya'),(1113,'Kirimetiyawa'),(1114,'Kirindawa'),(1115,'Kirindigalla'),(1116,'Kithalawa'),(1117,'Kitulwala'),(1118,'Kobeigane'),(1119,'Kohilagedara'),(1120,'Konwewa'),(1121,'Kosdeniya'),(1122,'Kosgolla'),(1123,'Kotagala'),(1124,'Colombo 13'),(1125,'Kotawehera'),(1126,'Kudagalgamuwa'),(1127,'Kudakatnoruwa'),(1128,'Kuliyapitiya'),(1129,'Kumaragama'),(1130,'Kumbukgeta'),(1131,'Kumbukwewa'),(1132,'Kuratihena'),(1133,'Kurunegala'),(1134,'lbbagamuwa'),(1135,'lhala Kadigamuwa'),(1136,'Lihiriyagama'),(1137,'lllagolla'),(1138,'llukhena'),(1139,'Lonahettiya'),(1140,'Madahapola'),(1141,'Madakumburumulla'),(1142,'Madalagama'),(1143,'Madawala Ulpotha'),(1144,'Maduragoda'),(1145,'Maeliya'),(1146,'Magulagama'),(1147,'Maha Ambagaswewa'),(1148,'Mahagalkadawala'),(1149,'Mahagirilla'),(1150,'Mahamukalanyaya'),(1151,'Mahananneriya'),(1152,'Mahapallegama'),(1153,'Maharachchimulla'),(1154,'Mahatalakolawewa'),(1155,'Mahawewa'),(1156,'Maho'),(1157,'Makulewa'),(1158,'Makulpotha'),(1159,'Makulwewa'),(1160,'Malagane'),(1161,'Mandapola'),(1162,'Maspotha'),(1163,'Mawathagama'),(1164,'Medirigiriya'),(1165,'Medivawa'),(1166,'Meegalawa'),(1167,'Meegaswewa'),(1168,'Meewellawa'),(1169,'Melsiripura'),(1170,'Metikumbura'),(1171,'Metiyagane'),(1172,'Minhettiya'),(1173,'Minuwangete'),(1174,'Mirihanagama'),(1175,'Monnekulama'),(1176,'Moragane'),(1177,'Moragollagama'),(1178,'Morathiha'),(1179,'Munamaldeniya'),(1180,'Muruthenge'),(1181,'Mutugala'),(1182,'Nabadewa'),(1183,'Nagollagama'),(1184,'Nagollagoda'),(1185,'Nakkawatta'),(1186,'Narammala'),(1187,'Nawasenapura'),(1188,'Nawatalwatta'),(1189,'Nelliya'),(1190,'Nikaweratiya'),(1191,'Nugagolla'),(1192,'Nugawela'),(1193,'Padeniya'),(1194,'Padiwela'),(1195,'Pahalagiribawa'),(1196,'Pahamune'),(1197,'Palagala'),(1198,'Palapathwela'),(1199,'Palaviya'),(1200,'Pallewela'),(1201,'Palukadawala'),(1202,'Panadaragama'),(1203,'Panagamuwa'),(1204,'Panaliya'),(1205,'Panapitiya'),(1206,'Panliyadda'),(1207,'Pansiyagama'),(1208,'Parape'),(1209,'Pathanewatta'),(1210,'Pattiya Watta'),(1211,'Perakanatta'),(1212,'Periyakadneluwa'),(1213,'Pihimbiya Ratmale'),(1214,'Pihimbuwa'),(1215,'Pilessa'),(1216,'Polgahawela'),(1217,'Polgolla'),(1218,'Polpithigama'),(1219,'Pothuhera'),(1220,'Pothupitiya'),(1221,'Pujapitiya'),(1222,'Rakwana'),(1223,'Ranorawa'),(1224,'Rathukohodigala'),(1225,'Ridibendiella'),(1226,'Ridigama'),(1227,'Saliya Asokapura'),(1228,'Sandalankawa'),(1229,'Sevanapitiya'),(1230,'Sirambiadiya'),(1231,'Sirisetagama'),(1232,'Siyambalangamuwa'),(1233,'Siyambalawewa'),(1234,'Solepura'),(1235,'Solewewa'),(1236,'Sunandapura'),(1237,'Talawattegedara'),(1238,'Tambutta'),(1239,'Tennepanguwa'),(1240,'Thalahitimulla'),(1241,'Thalakolawewa'),(1242,'Thalwita'),(1243,'Tharana Udawela'),(1244,'Thimbiriyawa'),(1245,'Tisogama'),(1246,'Thorayaya'),(1247,'Tulhiriya'),(1248,'Tuntota'),(1249,'Tuttiripitigama'),(1250,'Udagaldeniya'),(1251,'Udahingulwala'),(1252,'Udawatta'),(1253,'Udubaddawa'),(1254,'Udumulla'),(1255,'Uhumiya'),(1256,'Ulpotha Pallekele'),(1257,'Ulpothagama'),(1258,'Usgala Siyabmalangamuwa'),(1259,'Vijithapura'),(1260,'Wadakada'),(1261,'Wadumunnegedara'),(1262,'Walakumburumulla'),(1263,'Wannigama'),(1264,'Wannikudawewa'),(1265,'Wannilhalagama'),(1266,'Wannirasnayakapura'),(1267,'Warawewa'),(1268,'Wariyapola'),(1269,'Watareka'),(1270,'Wattegama'),(1271,'Watuwatta'),(1272,'Weerapokuna'),(1273,'Welawa Juncton'),(1274,'Welipennagahamulla'),(1275,'Wellagala'),(1276,'Wellarawa'),(1277,'Wellawa'),(1278,'Welpalla'),(1279,'Wennoruwa'),(1280,'Weuda'),(1281,'Wewagama'),(1282,'Wilgamuwa'),(1283,'Yakwila'),(1284,'Yatigaloluwa'),(1285,'Mannar'),(1286,'Puthukudiyiruppu'),(1287,'Akuramboda'),(1288,'Alawatuwala'),(1289,'Alwatta'),(1290,'Ambana'),(1291,'Aralaganwila'),(1292,'Ataragallewa'),(1293,'Bambaragaswewa'),(1294,'Barawardhana Oya'),(1295,'Beligamuwa'),(1296,'Damana'),(1297,'Dambulla'),(1298,'Damminna'),(1299,'Dankanda'),(1300,'Delwite'),(1301,'Devagiriya'),(1302,'Dewahuwa'),(1303,'Divuldamana'),(1304,'Dullewa'),(1305,'Dunkolawatta'),(1306,'Elkaduwa'),(1307,'Erawula Junction'),(1308,'Etanawala'),(1309,'Galewela'),(1310,'Galoya Junction'),(1311,'Gammaduwa'),(1312,'Gangala Puwakpitiya'),(1313,'Hasalaka'),(1314,'Hattota Amuna'),(1315,'Imbulgolla'),(1316,'Inamaluwa'),(1317,'Iriyagolla'),(1318,'Kaikawala'),(1319,'Kalundawa'),(1320,'Kandalama'),(1321,'Kavudupelella'),(1322,'Kibissa'),(1323,'Kiwula'),(1324,'Kongahawela'),(1325,'Laggala Pallegama'),(1326,'Leliambe'),(1327,'Lenadora'),(1328,'lhala Halmillewa'),(1329,'lllukkumbura'),(1330,'Madipola'),(1332,'Mahawela'),(1333,'Mananwatta'),(1334,'Maraka'),(1335,'Matale'),(1336,'Melipitiya'),(1337,'Metihakka'),(1338,'Millawana'),(1339,'Muwandeniya'),(1340,'Nalanda'),(1341,'Naula'),(1342,'Opalgala'),(1343,'Pallepola'),(1344,'Pimburattewa'),(1345,'Pulastigama'),(1346,'Ranamuregama'),(1347,'Rattota'),(1348,'Selagama'),(1349,'Sigiriya'),(1350,'Sinhagama'),(1351,'Sungavila'),(1352,'Talagoda Junction'),(1353,'Talakiriyagama'),(1354,'Tamankaduwa'),(1355,'Udasgiriya'),(1356,'Udatenna'),(1357,'Ukuwela'),(1358,'Wahacotte'),(1359,'Walawela'),(1360,'Wehigala'),(1361,'Welangahawatte'),(1362,'Wewalawewa'),(1363,'Yatawatta'),(1364,'Akuressa'),(1365,'Alapaladeniya'),(1366,'Aparekka'),(1367,'Athuraliya'),(1368,'Bengamuwa'),(1369,'Bopagoda'),(1370,'Dampahala'),(1371,'Deegala Lenama'),(1372,'Deiyandara'),(1373,'Denagama'),(1374,'Denipitiya'),(1375,'Deniyaya'),(1376,'Derangala'),(1377,'Devinuwara (Dondra)'),(1378,'Dikwella'),(1379,'Diyagaha'),(1380,'Diyalape'),(1381,'Gandara'),(1382,'Godapitiya'),(1383,'Gomilamawarala'),(1384,'Hawpe'),(1385,'Horapawita'),(1386,'Kalubowitiyana'),(1387,'Kamburugamuwa'),(1388,'Kamburupitiya'),(1389,'Karagoda Uyangoda'),(1390,'Karaputugala'),(1391,'Karatota'),(1392,'Kekanadura'),(1393,'Kiriweldola'),(1394,'Kiriwelkele'),(1395,'Kolawenigama'),(1396,'Kotapola'),(1397,'Lankagama'),(1398,'Makandura'),(1399,'Maliduwa'),(1400,'Maramba'),(1401,'Matara'),(1402,'Mediripitiya'),(1403,'Miella'),(1404,'Mirissa'),(1405,'Morawaka'),(1406,'Mulatiyana Junction'),(1407,'Nadugala'),(1408,'Naimana'),(1409,'Palatuwa'),(1410,'Parapamulla'),(1411,'Pasgoda'),(1412,'Penetiyana'),(1413,'Pitabeddara'),(1414,'Puhulwella'),(1415,'Radawela'),(1416,'Ransegoda'),(1417,'Rotumba'),(1418,'Sultanagoda'),(1419,'Telijjawila'),(1420,'Thihagoda'),(1421,'Urubokka'),(1422,'Urugamuwa'),(1423,'Urumutta'),(1424,'Viharahena'),(1425,'Walakanda'),(1426,'Walasgala'),(1427,'Waralla'),(1428,'Weligama'),(1429,'Wilpita'),(1430,'Yatiyana'),(1431,'Ayiwela'),(1432,'Badalkumbura'),(1433,'Baduluwela'),(1434,'Bakinigahawela'),(1435,'Balaharuwa'),(1436,'Bibile'),(1437,'Buddama'),(1438,'Buttala'),(1439,'Dambagalla'),(1440,'Diyakobala'),(1441,'Dombagahawela'),(1442,'Ethimalewewa'),(1443,'Ettiliwewa'),(1444,'Galabedda'),(1445,'Gamewela'),(1446,'Hambegamuwa'),(1447,'Hingurukaduwa'),(1448,'Hulandawa'),(1449,'Inginiyagala'),(1450,'Kandaudapanguwa'),(1451,'Kandawinna'),(1452,'Kataragama'),(1453,'Kotagama'),(1454,'Kotamuduna'),(1455,'Kotawehera Mankada'),(1456,'Kudawewa'),(1457,'Kumbukkana'),(1458,'Marawa'),(1459,'Mariarawa'),(1460,'Medagana'),(1461,'Medawelagama'),(1462,'Miyanakandura'),(1463,'Monaragala'),(1464,'Moretuwegama'),(1465,'Nakkala'),(1466,'Namunukula'),(1467,'Nannapurawa'),(1468,'Nelliyadda'),(1469,'Nilgala'),(1470,'Obbegoda'),(1471,'Okkampitiya'),(1472,'Pangura'),(1473,'Pitakumbura'),(1474,'Randeniya'),(1475,'Ruwalwela'),(1476,'Sella Kataragama'),(1477,'Siyambalagune'),(1478,'Siyambalanduwa'),(1479,'Suriara'),(1480,'Thanamalwila'),(1481,'Uva Gangodagama'),(1482,'Uva Kudaoya'),(1483,'Uva Pelwatta'),(1484,'Warunagama'),(1485,'Wedikumbura'),(1486,'Weherayaya Handapanagala'),(1487,'Wellawaya'),(1488,'Wilaoya'),(1489,'Yudaganawa'),(1490,'Mullativu'),(1491,'Agarapathana'),(1492,'Ambatalawa'),(1493,'Ambewela'),(1494,'Bogawantalawa'),(1495,'Bopattalawa'),(1496,'Dagampitiya'),(1497,'Dayagama Bazaar'),(1498,'Dikoya'),(1499,'Doragala'),(1500,'Dunukedeniya'),(1501,'Egodawela'),(1502,'Ekiriya'),(1503,'Elamulla'),(1504,'Ginigathena'),(1505,'Gonakele'),(1506,'Haggala'),(1507,'Halgranoya'),(1508,'Hangarapitiya'),(1509,'Hapugasthalawa'),(1510,'Harasbedda'),(1511,'Hatton'),(1512,'Hewaheta'),(1513,'Hitigegama'),(1514,'Jangulla'),(1515,'Kalaganwatta'),(1516,'Kandapola'),(1517,'Karandagolla'),(1518,'Keerthi Bandarapura'),(1519,'Kiribathkumbura'),(1520,'Kotiyagala'),(1521,'Kotmale'),(1522,'Kottellena'),(1523,'Kumbalgamuwa'),(1524,'Kumbukwela'),(1525,'Kurupanawela'),(1526,'Labukele'),(1527,'Laxapana'),(1528,'Lindula'),(1529,'Madulla'),(1530,'Mandaram Nuwara'),(1531,'Maskeliya'),(1532,'Maswela'),(1533,'Maturata'),(1534,'Mipanawa'),(1535,'Mipilimana'),(1536,'Morahenagama'),(1537,'Munwatta'),(1538,'Nayapana Janapadaya'),(1539,'Nildandahinna'),(1540,'Nissanka Uyana'),(1541,'Norwood'),(1542,'Nuwara Eliya'),(1543,'Padiyapelella'),(1544,'Pallebowala'),(1545,'Panvila'),(1546,'Pitawala'),(1547,'Pundaluoya'),(1548,'Ramboda'),(1549,'Rikillagaskada'),(1550,'Rozella'),(1551,'Rupaha'),(1552,'Ruwaneliya'),(1553,'Santhipura'),(1554,'Talawakele'),(1555,'Tawalantenna'),(1556,'Teripeha'),(1557,'Udamadura'),(1558,'Udapussallawa'),(1559,'Uva Deegalla'),(1560,'Uva Uduwara'),(1561,'Uvaparanagama'),(1562,'Walapane'),(1563,'Watawala'),(1564,'Widulipura'),(1565,'Wijebahukanda'),(1566,'Attanakadawala'),(1567,'Bakamuna'),(1568,'Diyabeduma'),(1569,'Elahera'),(1570,'Giritale'),(1571,'Hingurakdamana'),(1572,'Hingurakgoda'),(1573,'Jayanthipura'),(1574,'Kalingaela'),(1575,'Lakshauyana'),(1576,'Mankemi'),(1577,'Minneriya'),(1578,'Onegama'),(1579,'Orubendi Siyambalawa'),(1580,'Palugasdamana'),(1581,'Panichankemi'),(1582,'Polonnaruwa'),(1583,'Talpotha'),(1584,'Tambala'),(1585,'Unagalavehera'),(1586,'Wijayabapura'),(1587,'Adippala'),(1588,'Alutgama'),(1589,'Alutwewa'),(1590,'Ambakandawila'),(1591,'Anamaduwa'),(1592,'Andigama'),(1593,'Angunawila'),(1594,'Attawilluwa'),(1595,'Bangadeniya'),(1596,'Baranankattuwa'),(1597,'Battuluoya'),(1598,'Bujjampola'),(1599,'Chilaw'),(1600,'Dalukana'),(1601,'Dankotuwa'),(1602,'Dewagala'),(1603,'Dummalasuriya'),(1604,'Dunkannawa'),(1605,'Eluwankulama'),(1606,'Ettale'),(1607,'Galamuna'),(1608,'Galmuruwa'),(1609,'Hansayapalama'),(1610,'Ihala Kottaramulla'),(1611,'Ilippadeniya'),(1612,'Inginimitiya'),(1613,'Ismailpuram'),(1614,'Jayasiripura'),(1615,'Kakkapalliya'),(1616,'Kalkudah'),(1617,'Kalladiya'),(1618,'Kandakuliya'),(1619,'Karathivu'),(1620,'Karawitagara'),(1621,'Karuwalagaswewa'),(1622,'Katuneriya'),(1623,'Koswatta'),(1624,'Kottantivu'),(1625,'Kottapitiya'),(1626,'Kottukachchiya'),(1627,'Kumarakattuwa'),(1628,'Kurinjanpitiya'),(1629,'Kuruketiyawa'),(1630,'Lunuwila'),(1631,'Madampe'),(1632,'Madurankuliya'),(1633,'Mahakumbukkadawala'),(1634,'Mahauswewa'),(1635,'Mampitiya'),(1636,'Mampuri'),(1637,'Mangalaeliya'),(1638,'Marawila'),(1639,'Mudalakkuliya'),(1640,'Mugunuwatawana'),(1641,'Mukkutoduwawa'),(1642,'Mundel'),(1643,'Muttibendiwila'),(1644,'Nainamadama'),(1645,'Nalladarankattuwa'),(1646,'Nattandiya'),(1647,'Nawagattegama'),(1648,'Nelumwewa'),(1649,'Norachcholai'),(1650,'Pallama'),(1651,'Palliwasalturai'),(1652,'Panirendawa'),(1653,'Parakramasamudraya'),(1654,'Pothuwatawana'),(1655,'Puttalam'),(1656,'Puttalam Cement Factory'),(1657,'Rajakadaluwa'),(1658,'Saliyawewa Junction'),(1659,'Serukele'),(1660,'Siyambalagashene'),(1661,'Tabbowa'),(1662,'Talawila Church'),(1663,'Toduwawa'),(1664,'Udappuwa'),(1665,'Uridyawa'),(1666,'Vanathawilluwa'),(1667,'Waikkal'),(1668,'Watugahamulla'),(1669,'Wennappuwa'),(1670,'Wijeyakatupotha'),(1671,'Wilpotha'),(1672,'Yodaela'),(1673,'Yogiyana'),(1674,'Akarella'),(1675,'Amunumulla'),(1676,'Atakalanpanna'),(1677,'Ayagama'),(1678,'Balangoda'),(1679,'Batatota'),(1680,'Beralapanathara'),(1681,'Bogahakumbura'),(1682,'Bolthumbe'),(1683,'Bomluwageaina'),(1684,'Bowalagama'),(1685,'Bulutota'),(1686,'Dambuluwana'),(1687,'Daugala'),(1688,'Dela'),(1689,'Delwala'),(1690,'Dodampe'),(1691,'Doloswalakanda'),(1692,'Dumbara Manana'),(1693,'Eheliyagoda'),(1694,'Ekamutugama'),(1695,'Elapatha'),(1696,'Ellagawa'),(1697,'Ellaulla'),(1698,'Ellawala'),(1699,'Embilipitiya'),(1700,'Eratna'),(1701,'Erepola'),(1702,'Gabbela'),(1703,'Gangeyaya'),(1704,'Gawaragiriya'),(1705,'Gillimale'),(1706,'Godakawela'),(1707,'Gurubewilagama'),(1708,'Halwinna'),(1709,'Handagiriya'),(1710,'Hatangala'),(1711,'Hatarabage'),(1712,'Hewanakumbura'),(1713,'Hidellana'),(1714,'Hiramadagama'),(1715,'Horewelagoda'),(1716,'Ittakanda'),(1717,'Kahangama'),(1718,'Kahawatta'),(1719,'Kalawana'),(1720,'Kaltota'),(1721,'Kalubululanda'),(1722,'Kananke Bazaar'),(1723,'Kandepuhulpola'),(1724,'Karandana'),(1725,'Karangoda'),(1726,'Kella Junction'),(1727,'Keppetipola'),(1728,'Kiriella'),(1729,'Kiriibbanwewa'),(1730,'Kolambage Ara'),(1731,'Kolombugama'),(1732,'Kolonna'),(1733,'Kudawa'),(1734,'Kuruwita'),(1735,'Lellopitiya'),(1736,'Imaduwa'),(1737,'Imbulpe'),(1738,'Mahagama Colony'),(1739,'Mahawalatenna'),(1740,'Makandura'),(1741,'Malwala Junction'),(1742,'Malwatta'),(1743,'Matuwagalagama'),(1744,'Medagalature'),(1745,'Meddekanda'),(1746,'Minipura Dumbara'),(1747,'Mitipola'),(1748,'Moragala Kirillapone'),(1749,'Morahela'),(1750,'Mulendiyawala'),(1751,'Mulgama'),(1752,'Nawalakanda'),(1753,'Nawinnapinnakanda'),(1754,'Niralagama'),(1755,'Nivitigala'),(1756,'Omalpe'),(1757,'Opanayaka'),(1758,'Padalangala'),(1759,'Pallebedda'),(1760,'Pallekanda'),(1761,'Pambagolla'),(1762,'Panamura'),(1763,'Panapola'),(1764,'Paragala'),(1765,'Parakaduwa'),(1766,'Pebotuwa'),(1767,'Pelmadulla'),(1768,'Pinnawala'),(1769,'Pothdeniya'),(1770,'Rajawaka'),(1771,'Ranwala'),(1772,'Rassagala'),(1773,'Rathgama'),(1774,'Ratna Hangamuwa'),(1775,'Ratnapura'),(1776,'Sewanagala'),(1777,'Sri Palabaddala'),(1778,'Sudagala'),(1779,'Thalakolahinna'),(1780,'Thanjantenna'),(1781,'Theppanawa'),(1782,'Thunkama'),(1783,'Udakarawita'),(1784,'Udaniriella'),(1785,'Udawalawe'),(1786,'Ullinduwawa'),(1787,'Veddagala'),(1788,'Vijeriya'),(1789,'Waleboda'),(1790,'Watapotha'),(1791,'Waturawa'),(1792,'Weligepola'),(1793,'Welipathayaya'),(1794,'Wikiliya'),(1795,'Agbopura'),(1796,'Buckmigama'),(1797,'China Bay'),(1798,'Dehiwatte'),(1799,'Echchilampattai'),(1800,'Galmetiyawa'),(1801,'Gomarankadawala'),(1802,'Kaddaiparichchan'),(1803,'Kallar'),(1804,'Kanniya'),(1805,'Kantalai'),(1806,'Kantalai Sugar Factory'),(1807,'Kiliveddy'),(1808,'Kinniya'),(1809,'Kuchchaveli'),(1810,'Kumburupiddy'),(1811,'Kurinchakemy'),(1812,'Lankapatuna'),(1813,'Mahadivulwewa'),(1814,'Maharugiramam'),(1815,'Mallikativu'),(1816,'Mawadichenai'),(1817,'Mullipothana'),(1818,'Mutur'),(1819,'Neelapola'),(1820,'Nilaveli'),(1821,'Pankulam'),(1822,'Pulmoddai'),(1823,'Rottawewa'),(1824,'Sampaltivu'),(1825,'Sampoor'),(1826,'Serunuwara'),(1827,'Seruwila'),(1828,'Sirajnagar'),(1829,'Somapura'),(1830,'Tampalakamam'),(1831,'Thuraineelavanai'),(1832,'Tiriyayi'),(1833,'Toppur'),(1834,'Trincomalee'),(1835,'Wanela'),(1836,'Vavuniya'),(1837,'Colombo 1'),(1838,'Colombo 3'),(1839,'Colombo 4'),(1840,'Colombo 5'),(1841,'Colombo 7'),(1842,'Colombo 9'),(1843,'Colombo 10'),(1844,'Colombo 11'),(1845,'Colombo 12'),(1846,'Colombo 14'),(1847,'Kottawa'),(1848,'Rajagiriya'),(1849,'Nawala'),(1850,'International'),(1851,'Wellawatta'),(1852,'Colombo'),(1853,'Etanwela'),(1854,'Tangalle');
/*!40000 ALTER TABLE `city` ENABLE KEYS */;
UNLOCK TABLES;

--
-- Table structure for table `hotel`
--

DROP TABLE IF EXISTS `hotel`;
/*!40101 SET @saved_cs_client     = @@character_set_client */;
/*!50503 SET character_set_client = utf8mb4 */;
CREATE TABLE `hotel` (
  `id` int NOT NULL AUTO_INCREMENT,
  `city_id` int NOT NULL,
  `hotel_name` varchar(100) NOT NULL,
  `hotel_price` varchar(1000) CHARACTER SET utf8mb3 COLLATE utf8mb3_general_ci DEFAULT NULL,
  `hotel_review_count` varchar(1000) CHARACTER SET utf8mb3 COLLATE utf8mb3_general_ci DEFAULT NULL,
  `hotel_address` varchar(1000) CHARACTER SET utf8mb3 COLLATE utf8mb3_general_ci DEFAULT NULL,
  `hotel_contact` varchar(100) CHARACTER SET utf8mb3 COLLATE utf8mb3_general_ci DEFAULT NULL,
  `hotel_description` varchar(10000) CHARACTER SET utf8mb3 COLLATE utf8mb3_general_ci DEFAULT NULL,
  `hotel_website` varchar(1000) CHARACTER SET utf8mb3 COLLATE utf8mb3_general_ci DEFAULT NULL,
  `hotel_class` varchar(100) CHARACTER SET utf8mb3 COLLATE utf8mb3_general_ci DEFAULT NULL,
  `hotel_geocode_lat` varchar(1000) NOT NULL,
  `hotel_geocode_lon` varchar(1000) NOT NULL,
  `source` varchar(1000) CHARACTER SET utf8mb3 COLLATE utf8mb3_general_ci NOT NULL,
  PRIMARY KEY (`id`),
  KEY `city_id` (`city_id`),
  CONSTRAINT `FK_CITY_ID` FOREIGN KEY (`city_id`) REFERENCES `city` (`id`)
) ENGINE=InnoDB AUTO_INCREMENT=21 DEFAULT CHARSET=utf8mb3;
/*!40101 SET character_set_client = @saved_cs_client */;

--
-- Dumping data for table `hotel`
--

LOCK TABLES `hotel` WRITE;
/*!40000 ALTER TABLE `hotel` DISABLE KEYS */;
INSERT INTO `hotel` VALUES (2,1852,'Cinnamon Grand Colombo','34,751','11,965','77 Galle Road, Colombo 00300 Sri Lanka',NULL,'Just 35 kilometers from the Bandaranaike International Airport (BIA), luxurious Cinnamon Grand Colombo is located in the heart of Colombo City’s business, shopping and entertainment center. Elegantly designed, spacious rooms at the Cinnamon Grand offer a wide range of in-room amenities, king size beds, and a pillow menu to ensure your comfort and pleasure. All rooms feature carefully attended-to bathrooms and toiletries, large flat screen TVs, a mini bar, and WiFi access. The hotel’s 14 restaurants provide an electric mix of international cuisines, including award-winning Sri Lankan seafood at the Lagoon Restaurant & Garden, and the best of European fine dining at the London Grill. To wind down, guests can patronize Cinnamon Grand’s poolside ‘Breeze Bar’ or typical British pub style ‘Cheers Pub,’ and enjoy a wide range of cocktails, beer and fresh juices. There are two gymnasiums, a spa retreat, a tennis court and two pools. Cinnamon Grand is also located right next to Colombo’s high end shopping mall, Crescat Boulevard. Cinnamon Grand Colombo is fully accessible and is an environmentally friendly property.Read more',NULL,'5.0','6.918336','79.848923','https://www.tripadvisor.com//Hotel_Review-g293962-d597086-Reviews-Cinnamon_Grand_Colombo-Colombo_Western_Province.html'),(3,548,'Hotel Goldi Sands','47,646','1,408','Lewis Place Ethukala, Negombo 11500 Sri Lanka',NULL,'Goldi Sands is a Tourist Hotel located right on the soft sandy beach amidst the swaying coconut palms of Negombo and only 15 minutes drive from the Bandaranaike International Airport.. Accommodation at Goldi Sands comprises a stunning array of 131 air-conditioned double rooms, which includes Deluxe Rooms, Standard rooms, Suites (Duplex), Junior Suites and Economy rooms. All rooms has a private balcony / terrace with a view of the Indian Ocean, except for the Economy rooms. Already a well known established property, Goldi Sands Hotel is famous for its constantly excellent service and attention to detail. What better to accompany our culinary delights than a bottle or two of the fine wine from our well-stocked wine cellar over a game of pool? Our cozy bar provides a wide variety from coolers and cocktails to lager and liquor. We warmly welcome you to Goldi Sands Hotel assuring you of our best services, personal attention and a memorable stay.Read more',NULL,'3.0','7.245350','79.841743','https://www.tripadvisor.com//Hotel_Review-g297897-d316666-Reviews-Hotel_Goldi_Sands-Negombo_Western_Province.html'),(4,408,'Hikka Tranz by Cinnamon','39,953','2,816','Galle Road, Hikkaduwa 80240 Sri Lanka',NULL,'112 Km away from the bustling city of Colombo and located on the Southern shoreline of Sri Lanka is the district which offers a 24-hour party on the beach. Hikka Tranz by Cinnamon Hikkaduwa, rated a four star is built along the golden sands, calls out to all those who enjoy island-life and beach-life with a promise to pamper its guests with the Southern Sri Lankan hospitality. In each room there is a spacious private balcony looking out to a view of the Golden Belt of the South Coast. 2 family suites, 4 corner suites, 4 deluxe rooms, 140 superior rooms. Air conditioned and equipped with a DVD player, 32\" LCD TV, WiFi, mini bar, safety deposit box, telephone with IDD, complimentary tea and coffee making facility, hair dryer and complimentary toiletries. Hotel facilities and services: a selection of dining venues, the main restaurant, specialty crab restaurant, pool restaurant and coffee shop. A lounge and pool bar that offers a wide array of local and international spirits, a roof-top spa facility, banquet hall and conference facility (300 to 500 pax). Moreover the hotel houses a freshwater swimming pool, PADI certified dive center and an excursion counter.Read more',NULL,'4.0','6.131358','80.100456','https://www.tripadvisor.com//Hotel_Review-g304134-d579245-Reviews-Hikka_Tranz_by_Cinnamon-Hikkaduwa_Galle_District_Southern_Province.html'),(5,1852,'The Kingsbury Hotel','32,573','3,709','48 Janadhipathi Mawatha Colombo 1, Colombo 00100 Sri Lanka',NULL,'Located in the capital city of Colombo, just 35 km away from the Bandaranaike International Airport, The Kingsbury Hotel is the most sought-after five-star hotel, ideal for both business and leisure travelers. With easy access to One Galle Face shopping mall, Colombo City Centre and walking distance to Galle Face Green, World Trade Centre and the Dutch Hospital Precinct, The Kingsbury Hotel in Colombo guarantees a luxurious and comfortable stay. The hotel boasts 229 spacious rooms and suites with panoramic ocean views and a host of restaurants and bars. The Honey Beach Club features the best DJ’s in town, the Tavern provides local favourites and Sky Lounge is the perfect rooftop bar for sundowners with friends. Dining options are endless as the Harbour Court features a range of international and local cuisine with one of the best buffets in town, The Ocean serves up the freshest platters of seafood, The Kings Steakbar offers rare curated boards of prime steak fit for royalty, Tenku serves the most genuine Japanese cuisine and sake while the resident Chinese Chefs at Yue Chuan showcase a range of Cantonese and Szechuan fare. Churros boasts mouth-watering pastries, desserts and high tea and The Kingsbury Indulgence portal delivers five-star cuisine to your doorstep.Read more',NULL,'5.0','6.932482','79.842201','https://www.tripadvisor.com//Hotel_Review-g293962-d3801214-Reviews-The_Kingsbury_Hotel-Colombo_Western_Province.html'),(6,1852,'ME Colombo','21,781','679','16 Park Road, Colombo 5 Sri Lanka',NULL,'ME Colombo is a design hotel in the heart of Colombo provides individual hotel experience with genuine Sri Lankan hospitality. Hotel is featuring 22 exquisite, modern guest rooms with timeless modern style, an ideal choice when looking for accommodation options with sumptuous comfort and spectacular views in Colombo city. Chic and stylish rooms are well-appointed with subtle elegance with an emphasis on comfort and great nights sleep. Each room has impeccably with every luxury and amenity in mind to ensure that every stay is a pure delight with Modern-day amenities. Complimentary Wi-Fi, LCD TV with satellite channels, tea/coffee making facilities, in-room safe and much more to ensure convenience and ease. The hotel’s hallmark is its groundbreaking décor, the work of acclaimed designer Mr Vinod Jayasinghe, a student of renowned legendary architect Late Geoffrey Bawa, who regarded as one of the most important and influential Asian architects of the twentieth century. He became the third architect to receive the chairman’s award in the eighth cycle of the Aga Khan Award for Architecture since the award inception. Come and see it for yourself: enjoy a welcoming and sophisticated setting, through various spaces representing a range of cultures to create a rapport with guests through the journey and experience of discovery. The 07-storey ME Colombo stands proudly on the border of Colombo city, offering breath-taking views of the Colombo skyline. Centrally located in Havelock city, the hotel is adjacent to baseline road and is just 10 minutes from the beach, with easy access to international Airport via the ExpressWay. For business travellers; Colombo’s city centre is just a 20-minutes taxi ride away. ME Colombo also offers meeting room facilities with modern facilities and a gym only for in-house guests. We have an excellent range of facilities for every type of traveller, and we’re always on hand to help. The award-winning restaurant and Bar onsite; MY Dining restaurant serving traditional and authentic cuisine and offering sustainable international dishes. The effortlessly stylish rooftop lounge MY Bar with swimming pool is perfect for coffee or cocktail and a heart-warming menu full of modern classics. The beautiful MY Dining Restaurant, with extensive architectural designs, serves one of Colombo’s most extensive breakfasts and an exquisite Afternoon Tea with a delightful MY Dining menu. ME Colombo is the place for a stylish dining experience, special occasion, a leisurely lunch, a fine high tea in Sri Lankan style or freshly ground coffee with croissant in comfort. We offer the tone, atmosphere and specially designed menus by our talented chefs to delight every appetite. We enjoy the liberty of being independent as it allows us to express our unique and genuine personality. Our well experienced and highly professional staff ensures to deliver an outstanding service to make every guest experience a delightfully memorable stay. At ME Colombo, every guest is a VIP.Read more',NULL,'3.5','6.885678','79.868233','https://www.tripadvisor.com//Hotel_Review-g293962-d13160059-Reviews-ME_Colombo-Colombo_Western_Province.html'),(7,1428,'Weligama Bay Marriott Resort & Spa','50,208','1,755','700 Matara Road Pelana, Matara 81700 Sri Lanka','0018446310595','Located on a beautiful beach front in Weligama, Sri Lanka, Weligama Bay Marriott Resort & Spa is a luxurious 5-star resort with direct beach access, 3 outdoor swimming pools and a premier spa. All rooms and suites come with stunning sea views, spacious balconies and luxurious amenities, along with high speed internet access across the hotel and a fun-filled and action packed Kids Club. For the fitness conscious we offer a state of the art, fully equipped Fitness Centre with personalized trainers. The property offers large indoor and outdoor event space of 4396 Sq. Meters which includes a pillar less grand Ballroom and a pre-function area. The resort makes for the perfect family get away and is also the ideal destination for a romantic weekend planned with loved ones. 5 specialty outlets, famous for authentic flavours and genuine Sri Lankan hospitality. The renowned Galle Fort and Mirissa are a 30-minute drive away from the property.Read more','/Commerce?p=Marriott_BA&src=183958917&geo=12553294&from=Hotel_Review&area=&slot=1&matchID=1&oos=0&cnt=1&silo=38059&bucket=934872&nrank=1&crank=1&clt=CLD&ttype=ContactLinkDesktop&tm=241331748&managed=false&capped=false&gosox=g3xMt9YCHBy3ZUg-YypssegjQviHlJQg6b-lnBPg98x_z9Z0XP9pjcZi3RyRnEOZhVOA0S4KA68pdG0JAAY6tsYYT9PtalOATXj4eSaKDvo&adults=2&child_rm_ages=&inDay=4&outDay=5&rooms=1&dated=true&inMonth=9&inYear=2022&outMonth=9&outYear=2022&def_d=true&bapid=1&cs=11141afe8465e8585f42b7f17a1bf6460&ba_uid=06189e7d-a5db-4692-96b3-cb7d52b00e36','5.0','5.973207','80.439598','https://www.tripadvisor.com//Hotel_Review-g612380-d12553294-Reviews-Weligama_Bay_Marriott_Resort_Spa-Weligama_Matara_Southern_Province.html'),(8,1852,'Marino Beach Colombo','23,525','1,108','590 Marine Drive Colombo 03, Colombo 00300 Sri Lanka',NULL,'Marino Beach Colombo, star classed hotel is located between the Galle Road and Colombo Plan Road more commonly known as Marine Drive. Hotel comprises Restaurants, Bars, Banquet Facilities, Fitness Centre. It also comprises an ‘Infinity Pool’ with a breath-taking view over the Indian Ocean and Jacuzzis to unwind yourself. Equipped with 289 spaciously comfortable rooms & Suites with views over the Indian Ocean and our 24/7 Housekeeping and Guest Service functions that are exceptionally standards driven which you are assured of best hotel experience.Adjoining Marino Mall gives you the latest entertainments and shopping experience in town for both families and individual travelers.Read more',NULL,'4.0','6.900073','79.851631','https://www.tripadvisor.com//Hotel_Review-g293962-d14106301-Reviews-Marino_Beach_Colombo-Colombo_Western_Province.html'),(9,379,'Hotel Riu Sri Lanka','51,401','2,539','Galle Road, Ahungalla 80562 Sri Lanka',NULL,'The RIU Sri Lanka opened in 2016 and offers a 24h All Inclusive service. The hotel is located in the south of Sri Lanka, directly on Ahungalla beach. The RIU Classic Hotels offer comfortable rooms and excellent facilities with great leisure and relaxation facilities, as well as international gastronomy. Enjoy a relaxing holiday - whether alone, with family, partner or friends! The location is ideal because of its proximity to Ahungalla (500 m), Benota (15 km) and 130 km away from the Colombo Int’l Airport (CMB). The hotel has 501 comfortably furnished rooms and offers many modern amenities. Relax in the spa area or get in shape at the gym. 3 outdoor pools, 1 children’s pool. RiuLand Kids Club (ages 4-7 & 8-12 years) and for adults, day and evening entertainment. For lovers of gastronomy, live cooking stations at our main restaurant. Asian and Italian specialty restaurants and 4 bars and “Pacha” discotheque.Read more','/Commerce?p=TABAIndependentHotels&src=137906824&geo=10039170&from=Hotel_Review&area=&slot=1&matchID=1&oos=0&cnt=1&silo=30356&bucket=895555&nrank=1&crank=1&clt=CLD&ttype=ContactLinkDesktop&tm=241331915&managed=false&capped=false&gosox=-IsRjQQ5mD0PaCVhKGGxp2hTE6Qe5YfmqfRSR91TZESeXKZHf5phHV4nr0qfitU2NGi9I6nuBPmXmunT2F7Y2XJTbz1xAFmOM68w8YyDdXE&adults=2&child_rm_ages=&inDay=4&outDay=5&rooms=1&dated=true&inMonth=9&inYear=2022&outMonth=9&outYear=2022&def_d=true&bapid=1&cs=1ae053aee3830cdd2dc113393a208c0fd&ba_uid=536f8c41-7533-4d7f-a216-de0bc12f6734','5.0','6.309913','80.033890','https://www.tripadvisor.com//Hotel_Review-g608521-d10039170-Reviews-Hotel_Riu_Sri_Lanka-Ahungalla_Galle_District_Southern_Province.html'),(10,1852,'Galle Face Hotel','29,225','2,841','2 Galle Road, Colombo 300 Sri Lanka',NULL,'Since its beginnings in 1864 The Galle Face Hotel has been part of Colombo heritage, catering to world travellers, the property stands as one of the most storied hotels in Asia. Oozing history from every pore, timeless traditions and character abounds in each of our 156 guestrooms, restored to reflect the Galle Face Hotel’s rich past. Many rooms offer spectacular sea views, some with private balcony, and all furnished in elegant colonial style décor. Whether a sophisticated afternoon tea at The Verandah or dinner at 1864 Restaurant, a Pimms on the Chequerboard or a Cuban experience at King of the Mambo, dining experiences are a ‘must do’ whilst in Colombo. A wedding day at the Grand Ballroom or Jubilee Ballroom makes for a truly memorable and occasion. Come and experience the magic of The Galle Face Hotel on your next visit to Sri Lanka.Read more',NULL,'4.0','6.920018','79.845970','https://www.tripadvisor.com//Hotel_Review-g293962-d2038179-Reviews-Galle_Face_Hotel-Colombo_Western_Province.html'),(11,400,'Radisson Blu Resort, Galle','47,138','1,924','523C Colombo Road, Galle 80280 Sri Lanka',NULL,'Your Own Private Paradise. What makes Radisson Blu Resort, Galle your own private paradise? We’re secluded in front of a vast rain forest on Sri Lanka’s southwest coast, with every room facing the dynamic Indian Ocean. It’s your ideal vantage point to drink in the incredible Sri Lankan sunsets from your own private balcony every evening. Adding some extra sparkle to your stay, we’re close to Galle Fort, a UNESCO World Heritage Site; Unawatuna Peace Pagoda, a Buddhist shrine built by Japanese monks; and Hikkaduwa National Park, a coral sanctuary where you can view marine turtles and exotic fish.Read more',NULL,'4.5','6.052036','80.181252','https://www.tripadvisor.com//Hotel_Review-g297896-d10954536-Reviews-Radisson_Blu_Resort_Galle-Galle_Galle_District_Southern_Province.html'),(12,1852,'Shangri-La Colombo','57,908','2,036','1 Galle Face Colombo 2, Colombo 00200 Sri Lanka','0117888288','Shangri-La Hotel, Colombo offers some of the finest accommodation in the country, inclusive of 541 luxurious rooms, suites, and serviced apartments, amazing restaurants, spa and health club and the largest event space catering to up to 2,000 guests. categoriesRead more','/Commerce?p=TABAIndependentHotels&src=188443659&geo=12720953&from=Hotel_Review&area=&slot=1&matchID=1&oos=0&cnt=1&silo=30356&bucket=940655&nrank=1&crank=1&clt=CLD&ttype=ContactLinkDesktop&tm=241334036&managed=false&capped=false&gosox=WkIVGCXfj0ltAuWPLECBNxvPn_TbWirVVe1AiqTfyglsWgylUIBxZDjlRUPF44N2tTBJMWLqDYB4ZNe5zmZDb907Zm7u0dkpJmhAIe24TEMWX7jgvRcM_rXYtJBNyBv-&adults=2&child_rm_ages=&inDay=4&outDay=5&rooms=1&dated=true&inMonth=9&inYear=2022&outMonth=9&outYear=2022&def_d=true&bapid=1&cs=1c056d6f06c51d3e34c1b21c9c84791cd&ba_uid=ebcc483b-fe58-49de-9592-0ce3cd0c5f42',NULL,'6.928065','79.844658','https://www.tripadvisor.com//Hotel_Review-g293962-d12720953-Reviews-Shangri_La_Colombo-Colombo_Western_Province.html'),(13,804,'Earl\'s Regent Hotel','25,534','1,466','40 / 1, Deveni Rajasinghe Mawatha, Kandy 020400 Sri Lanka',NULL,'Earl\'s Regent is aimed at local and foreign travelers who insist on staying in a hotel fit for royalty, just steps away from many of Kandy\'s most glittering attractions. The hotel\'s 87 elegantly-appointed Rooms providing the utmost in privacy and comfort.Read more',NULL,'4.0','7.283507','80.610641','https://www.tripadvisor.com//Hotel_Review-g304138-d5566703-Reviews-Earl_s_Regent_Hotel-Kandy_Kandy_District_Central_Province.html'),(14,1854,'Anantara Peace Haven Tangalle Resort','70,872','3,534','Goyambokka Estate., Tangalle 82200 Sri Lanka',NULL,'Hidden on a rocky outcrop along a secluded stretch of Sri Lanka\'s southernmost coastline, Anantara Peace Haven Tangalle Resort is set amidst a 42 acre coconut plantation and golden crescent beach, with glorious Indian Ocean views. Escape to this naturally exclusive hideaway for exotic beach life in a tranquil world of your own, or live out your explorer dreams, with easy access to iconic cultural sites and spectacular national parks, as well as the thrill of turtle and whale watching trips. Practice holistic exercises on the shore and explore the local area by bicycle or tuk-tuk. Relax in paradise at our tropical pool, a refreshing cocktail in hand. Little ones can play happily at the children\'s and teens\' club, leaving you free to indulge in sensual spa pampering and specialist treatments at the Ayurvedic and reflexology centres. Savour the charms and flavours of island life, partaking in the colonial tradition of high tea and creating authentic Sri Lankan cuisine in a master chef cooking class. For refined international tastes, delight in gourmet Italian dining on an ocean facing cliff top, Sri Lankan inspired teppanyaki beside the beach, private wine cellar degustation dinners and tailored Dining by Design occasions. Anantara Peace Haven Tangalle Resort has been recognised in Condé Nast Traveler US’s prestigious 2017 Hot List as one of the best new hotels in the world, as well as one of the hottest new openings in Sri Lanka. This is the fourth significant international award the resort has won since opening. The property has established itself as one of the leading resorts on the island to travellers both from abroad and locally. Due to this strong support, Anantara Tangalle has achieved significant international and local recognition, including in Condé Nast Traveler Readers’ Choice Awards in 2016, being named on DestinAsian magazine’s 2016 Luxe List and being awarded by Wine Spectator in 2016 for its Il Mare restaurant.Read more','/Commerce?p=TABAIndependentHotels&src=0&geo=8116054&from=Hotel_Review&area=&slot=1&matchID=1&oos=0&cnt=1&silo=30356&bucket=875171&ubucket=875171&nrank=1&crank=1&clt=CLD&tm=241336944&managed=false&capped=false&gosox=5_3Y6UYwwGjgw_c7hEwIkRSeaeQ5TeBhI2Ebj7ttE1srsfFRPJQQyQEuD312WCcAOiK4gVkmKC5VNHBmkshM9w&adults=2&child_rm_ages=&inDay=4&outDay=5&rooms=1&inMonth=9&inYear=2022&outMonth=9&outYear=2022&def_d=true&bapid=1&cs=134fe7bb8c54051af58d52eb1ed345211&ba_uid=939a28f9-19f5-47eb-9d09-b64ecbe92eb3','5.0','6.011357','80.782104','https://www.tripadvisor.com//Hotel_Review-g304142-d8116054-Reviews-Anantara_Peace_Haven_Tangalle_Resort-Tangalle_Southern_Province.html'),(15,743,'The Blue Water','54,239','2,210','Thalpitiya, Wadduwa 12560 Sri Lanka',NULL,'Finding an ideal family-friendly hotel in Wadduwa does not have to be difficult. Welcome to The Blue Water, a nice option for travelers like you.Rooms at Blue Water Hotel offer a flat screen TV, air conditioning, and a minibar providing exceptional comfort and convenience, and guests can go online with free wifi.A 24 hour front desk, a concierge, and room service are some of the conveniences offered at this hotel. A pool and breakfast will also help to make your stay even more special. If you are driving to Blue Water Sri Lanka, free parking is available.While staying in Wadduwa, you can get some delicious crab at Janirest, which is a short distance from Blue Water Sri Lanka.The Blue Water puts the best of Wadduwa at your fingertips, making your stay both relaxing and enjoyable.Read more',NULL,NULL,'6.678198','79.920113','https://www.tripadvisor.com//Hotel_Review-g499081-d586453-Reviews-The_Blue_Water-Wadduwa_Western_Province.html'),(16,204,'Ella Mount View Guest Inn','14,456','186','Waterfall Road Kithalella, Ella 90090 Sri Lanka',NULL,'Ella Mount View Guest Inn is situated just 500 M away from Ella bus stand & railway station. Rooms have large private balconies with outside seating. You can spend leisurely time with scenic views of famous \"Ella Gap.\" We can offer delicious Sri Lankan home cooked foods.Read more',NULL,NULL,'6.871928','81.047585','https://www.tripadvisor.com//Hotel_Review-g616035-d6219644-Reviews-Ella_Mount_View_Guest_Inn-Ella_Uva_Province.html'),(17,449,'Agnus Unawatuna',NULL,'146','Bonavista Road Rumassala, Unawatuna 80000 Sri Lanka',NULL,'This luxury villa is located on top of the beautiful Rumassala mountain in Unwatuna. With breathtaking views of the city of Galle & the beautiful Indian Ocean . An hour away from Colombo, 10 mins from the Galle Highway exit or a 20 min ride from the Galle train station. There’s a roof top pool with panoramic views and a kitchen with an in house chef.Read more',NULL,'4.0','6.021891','80.241226','https://www.tripadvisor.com//Hotel_Review-g644047-d15138198-Reviews-Agnus_Unawatuna-Unawatuna_Galle_District_Southern_Province.html'),(18,804,'Fox Kandy by Fox Resorts',NULL,'104','No 125 Richmond Hill Ceylon & International Tea Blenders, Kandy 20000 Sri Lanka',NULL,'Built atop a cliff overlooking the beautiful hill capital of Sri Lanka, Fox Kandy by Fox Resorts offers picturesque views of the verdant hills and mountains that blanket the horizon. Our cosy private retreat promises a blissful escape from the excitement of city life. Perfectly positioned, the resort is a convenient base from which to explore the region’s famed attractions, such as the Temple of the Toooth, the Peradeniya Gardens and the Spice Gardens.Read more',NULL,'3.0','7.275278','80.626190','https://www.tripadvisor.com//Hotel_Review-g304138-d12099424-Reviews-Fox_Kandy_by_Fox_Resorts-Kandy_Kandy_District_Central_Province.html'),(19,1582,'Seyara Holiday Resort','3,484','327','Bendiwewa, Polonnaruwa 51000 Sri Lanka',NULL,'Finding an ideal family-friendly motel in Polonnaruwa does not have to be difficult. Welcome to Seyara Holiday Resort, a nice option for travelers like you.The rooms offer a flat screen TV, air conditioning, and a mosquito net, and getting online is possible, as free wifi is available, allowing you to rest and refresh with ease.Seyara Holiday Resort features baggage storage and newspaper. In addition, as a valued Seyara Holiday Resort guest, you can enjoy an outdoor pool and free breakfast that are available on-site. Guests arriving by vehicle have access to free parking.While staying at Seyara Holiday Resort, visitors can check out Gal Vihara (1.2 mi) and Gal-potha Stone Book (1.4 mi), some of Polonnaruwa\'s top attractions.If you are looking for a good Chinese restaurant, you may want to check out Ruins Chaaya or Sunrise And Akila Restaurant while staying at Seyara Holiday Resort.Should time allow, Polonnaruwa Archaeological Ruins, Lankathilaka Image House, and Kiri Vehera are some popular attractions that are within walking distance.Seyara Holiday Resort puts the best of Polonnaruwa at your fingertips, making your stay both relaxing and enjoyable.Read more',NULL,'3.0','7.962971','80.987007','https://www.tripadvisor.com//Hotel_Review-g304140-d3682523-Reviews-Seyara_Holiday_Resort-Polonnaruwa_North_Central_Province.html'),(20,1542,'Oak Ray','23,553','477','Unique View road, Nuwara Eliya 22200 Sri Lanka',NULL,'Looking for a place to stay in Nuwara Eliya? Then look no further than Oak Ray Summer Hill Breeze, a family-friendly hotel that brings the best of Nuwara Eliya to your doorstep.Rooms at Oak Ray Summer Hill Breeze offer a flat screen TV.During your stay, take advantage of some of the amenities offered, including room service. Guests of Oak Ray Summer Hill Breeze are also welcome to enjoy free breakfast, located on site. For travelers arriving by car, free parking is available.While staying at Oak Ray Summer Hill Breeze, visitors can check out International Buddhist Centre (1.2 mi) and Pedro Tea Factory (2.4 mi), some of Nuwara Eliya\'s top attractions.If you’re looking for a cafe, consider a visit to Coffee Bar, Edinburgh TEA TRAIN, or Tea Lounge, which are all conveniently located a short distance from Oak Ray Summer Hill Breeze.During your visit, be sure to check out popular attractions like Shri Bhakta Hanuman Temple (1.0 mi), Hakgala Botanic Gardens (1.2 mi), and Victoria Park of Nuwara Eliya (1.0 mi), which are all within walking distance of the hotel.We’re sure you’ll enjoy your stay at Oak Ray Summer Hill Breeze as you experience everything Nuwara Eliya has to offer.Read more',NULL,'3.0','6.962800','80.761948','https://www.tripadvisor.com//Hotel_Review-g608524-d12958120-Reviews-Oak_Ray-Nuwara_Eliya_Central_Province.html');
/*!40000 ALTER TABLE `hotel` ENABLE KEYS */;
UNLOCK TABLES;

--
-- Table structure for table `hotel_feature`
--

DROP TABLE IF EXISTS `hotel_feature`;
/*!40101 SET @saved_cs_client     = @@character_set_client */;
/*!50503 SET character_set_client = utf8mb4 */;
CREATE TABLE `hotel_feature` (
  `id` int NOT NULL AUTO_INCREMENT,
  `hotel_id` int NOT NULL,
  `hotel_type_id` int NOT NULL,
  PRIMARY KEY (`id`),
  KEY `FK_HOTEL_ID_FEA` (`hotel_id`),
  KEY `FK_FEATURE_TYPE_ID_HOTEL` (`hotel_type_id`),
  CONSTRAINT `FK_FEATURE_TYPE_ID_HOTEL` FOREIGN KEY (`hotel_type_id`) REFERENCES `hotel_feature_type` (`id`),
  CONSTRAINT `FK_HOTEL_ID_FEA` FOREIGN KEY (`hotel_id`) REFERENCES `hotel` (`id`)
) ENGINE=InnoDB AUTO_INCREMENT=1104 DEFAULT CHARSET=utf8mb3;
/*!40101 SET character_set_client = @saved_cs_client */;

--
-- Dumping data for table `hotel_feature`
--

LOCK TABLES `hotel_feature` WRITE;
/*!40000 ALTER TABLE `hotel_feature` DISABLE KEYS */;
INSERT INTO `hotel_feature` VALUES (1,2,1),(2,2,2),(3,2,3),(4,2,4),(5,2,5),(6,2,6),(7,2,7),(8,2,8),(9,2,9),(10,2,10),(11,2,11),(12,2,12),(13,2,13),(14,2,14),(15,2,15),(16,2,16),(17,2,17),(18,2,18),(19,2,19),(20,2,20),(21,2,21),(22,2,22),(23,2,23),(24,2,24),(25,2,25),(26,2,26),(27,2,27),(28,2,28),(29,2,29),(30,2,30),(31,2,31),(32,2,32),(33,2,33),(34,2,34),(35,2,35),(36,2,36),(37,2,37),(38,2,38),(39,2,39),(40,2,40),(41,2,41),(42,2,42),(43,2,43),(44,2,44),(45,2,45),(46,2,46),(47,2,47),(48,2,48),(49,2,49),(50,2,50),(51,2,51),(52,2,52),(53,2,53),(54,2,54),(55,2,55),(56,2,56),(57,2,57),(58,2,58),(59,2,59),(60,2,60),(61,2,61),(62,2,62),(63,2,63),(64,2,64),(65,2,65),(66,2,66),(67,2,67),(68,2,68),(69,2,69),(70,2,70),(71,2,71),(72,2,72),(73,2,73),(74,2,74),(75,3,75),(76,3,2),(77,3,3),(78,3,5),(79,3,76),(80,3,28),(81,3,32),(82,3,33),(83,3,10),(84,3,77),(85,3,12),(86,3,16),(87,3,18),(88,3,23),(89,3,29),(90,3,30),(91,3,34),(92,3,35),(93,3,78),(94,3,39),(95,3,42),(96,3,43),(97,3,44),(98,3,45),(99,3,79),(100,3,80),(101,3,81),(102,3,82),(103,3,51),(104,3,53),(105,3,54),(106,3,55),(107,3,58),(108,3,83),(109,3,84),(110,3,60),(111,3,85),(112,3,63),(113,3,86),(114,3,87),(115,3,61),(116,3,65),(117,3,66),(118,3,88),(119,3,89),(120,3,90),(121,3,91),(122,3,92),(123,3,93),(124,3,64),(125,3,94),(126,3,95),(127,3,96),(128,3,97),(129,3,98),(130,3,99),(131,3,71),(132,3,72),(133,3,73),(134,4,75),(135,4,2),(136,4,3),(137,4,4),(138,4,5),(139,4,76),(140,4,6),(141,4,28),(142,4,100),(143,4,10),(144,4,77),(145,4,101),(146,4,12),(147,4,13),(148,4,16),(149,4,17),(150,4,18),(151,4,23),(152,4,7),(153,4,29),(154,4,30),(155,4,31),(156,4,32),(157,4,33),(158,4,34),(159,4,35),(160,4,37),(161,4,102),(162,4,38),(163,4,39),(164,4,42),(165,4,43),(166,4,44),(167,4,45),(168,4,81),(169,4,50),(170,4,51),(171,4,53),(172,4,54),(173,4,55),(174,4,58),(175,4,83),(176,4,61),(177,4,65),(178,4,66),(179,4,62),(180,4,64),(181,4,99),(182,4,71),(183,4,72),(184,4,73),(185,5,75),(186,5,2),(187,5,3),(188,5,4),(189,5,5),(190,5,76),(191,5,6),(192,5,8),(193,5,9),(194,5,10),(195,5,77),(196,5,101),(197,5,12),(198,5,13),(199,5,14),(200,5,15),(201,5,103),(202,5,16),(203,5,17),(204,5,18),(205,5,19),(206,5,104),(207,5,105),(208,5,20),(209,5,106),(210,5,21),(211,5,107),(212,5,23),(213,5,108),(214,5,7),(215,5,109),(216,5,110),(217,5,111),(218,5,112),(219,5,24),(220,5,113),(221,5,26),(222,5,27),(223,5,28),(224,5,29),(225,5,30),(226,5,31),(227,5,32),(228,5,33),(229,5,34),(230,5,114),(231,5,35),(232,5,36),(233,5,37),(234,5,102),(235,5,78),(236,5,115),(237,5,38),(238,5,116),(239,5,39),(240,5,117),(241,5,40),(242,5,41),(243,5,118),(244,5,42),(245,5,43),(246,5,44),(247,5,45),(248,5,46),(249,5,47),(250,5,119),(251,5,49),(252,5,50),(253,5,82),(254,5,51),(255,5,120),(256,5,53),(257,5,54),(258,5,55),(259,5,56),(260,5,57),(261,5,121),(262,5,58),(263,5,122),(264,5,84),(265,5,62),(266,5,86),(267,5,87),(268,5,59),(269,5,60),(270,5,65),(271,5,66),(272,5,89),(273,5,67),(274,5,90),(275,5,91),(276,5,68),(277,5,123),(278,5,69),(279,5,63),(280,5,93),(281,5,64),(282,5,94),(283,5,95),(284,5,96),(285,5,97),(286,5,98),(287,5,99),(288,5,124),(289,5,125),(290,5,70),(291,5,71),(292,5,72),(293,5,73),(294,5,74),(295,6,75),(296,6,2),(297,6,3),(298,6,4),(299,6,126),(300,6,7),(301,6,28),(302,6,31),(303,6,10),(304,6,127),(305,6,77),(306,6,128),(307,6,129),(308,6,101),(309,6,12),(310,6,5),(311,6,16),(312,6,17),(313,6,130),(314,6,108),(315,6,30),(316,6,34),(317,6,118),(318,6,42),(319,6,43),(320,6,44),(321,6,80),(322,6,50),(323,6,82),(324,6,51),(325,6,53),(326,6,54),(327,6,55),(328,6,58),(329,6,59),(330,6,65),(331,6,66),(332,6,64),(333,6,71),(334,6,72),(335,6,73),(336,7,75),(337,7,2),(338,7,3),(339,7,4),(340,7,5),(341,7,76),(342,7,8),(343,7,24),(344,7,9),(345,7,10),(346,7,127),(347,7,77),(348,7,101),(349,7,12),(350,7,13),(351,7,14),(352,7,16),(353,7,17),(354,7,18),(355,7,19),(356,7,130),(357,7,105),(358,7,20),(359,7,131),(360,7,21),(361,7,22),(362,7,23),(363,7,26),(364,7,27),(365,7,132),(366,7,28),(367,7,29),(368,7,30),(369,7,32),(370,7,33),(371,7,34),(372,7,35),(373,7,133),(374,7,36),(375,7,37),(376,7,102),(377,7,78),(378,7,38),(379,7,134),(380,7,39),(381,7,135),(382,7,41),(383,7,42),(384,7,43),(385,7,44),(386,7,45),(387,7,136),(388,7,48),(389,7,79),(390,7,81),(391,7,119),(392,7,50),(393,7,51),(394,7,120),(395,7,53),(396,7,54),(397,7,55),(398,7,56),(399,7,137),(400,7,121),(401,7,58),(402,7,84),(403,7,85),(404,7,86),(405,7,138),(406,7,95),(407,7,59),(408,7,60),(409,7,61),(410,7,65),(411,7,66),(412,7,139),(413,7,88),(414,7,67),(415,7,91),(416,7,68),(417,7,123),(418,7,69),(419,7,62),(420,7,63),(421,7,93),(422,7,64),(423,7,140),(424,7,94),(425,7,141),(426,7,96),(427,7,97),(428,7,98),(429,7,99),(430,7,71),(431,7,72),(432,7,74),(433,8,75),(434,8,2),(435,8,3),(436,8,4),(437,8,126),(438,8,8),(439,8,24),(440,8,28),(441,8,9),(442,8,10),(443,8,127),(444,8,77),(445,8,128),(446,8,129),(447,8,101),(448,8,12),(449,8,13),(450,8,5),(451,8,16),(452,8,17),(453,8,18),(454,8,23),(455,8,108),(456,8,26),(457,8,29),(458,8,30),(459,8,31),(460,8,32),(461,8,33),(462,8,34),(463,8,39),(464,8,118),(465,8,42),(466,8,43),(467,8,44),(468,8,45),(469,8,50),(470,8,82),(471,8,51),(472,8,53),(473,8,54),(474,8,55),(475,8,58),(476,8,65),(477,8,66),(478,8,67),(479,8,62),(480,8,64),(481,8,99),(482,8,71),(483,8,72),(484,8,73),(485,9,75),(486,9,142),(487,9,3),(488,9,4),(489,9,126),(490,9,76),(491,9,143),(492,9,24),(493,9,100),(494,9,10),(495,9,77),(496,9,128),(497,9,12),(498,9,13),(499,9,14),(500,9,5),(501,9,16),(502,9,17),(503,9,18),(504,9,105),(505,9,131),(506,9,21),(507,9,22),(508,9,23),(509,9,6),(510,9,7),(511,9,112),(512,9,26),(513,9,27),(514,9,132),(515,9,28),(516,9,29),(517,9,30),(518,9,35),(519,9,38),(520,9,39),(521,9,40),(522,9,41),(523,9,42),(524,9,43),(525,9,44),(526,9,45),(527,9,48),(528,9,79),(529,9,80),(530,9,81),(531,9,50),(532,9,51),(533,9,53),(534,9,54),(535,9,55),(536,9,58),(537,9,59),(538,9,61),(539,9,66),(540,9,67),(541,9,62),(542,9,63),(543,9,64),(544,9,91),(545,9,69),(546,9,99),(547,9,71),(548,9,72),(549,9,73),(550,10,75),(551,10,2),(552,10,3),(553,10,13),(554,10,5),(555,10,76),(556,10,28),(557,10,31),(558,10,9),(559,10,10),(560,10,77),(561,10,101),(562,10,12),(563,10,15),(564,10,16),(565,10,17),(566,10,18),(567,10,21),(568,10,23),(569,10,30),(570,10,32),(571,10,33),(572,10,34),(573,10,36),(574,10,37),(575,10,102),(576,10,78),(577,10,38),(578,10,39),(579,10,40),(580,10,42),(581,10,43),(582,10,44),(583,10,45),(584,10,47),(585,10,49),(586,10,50),(587,10,51),(588,10,53),(589,10,54),(590,10,55),(591,10,56),(592,10,58),(593,10,59),(594,10,61),(595,10,65),(596,10,66),(597,10,67),(598,10,64),(599,10,99),(600,10,70),(601,10,71),(602,10,72),(603,10,73),(604,11,75),(605,11,2),(606,11,3),(607,11,4),(608,11,126),(609,11,76),(610,11,6),(611,11,8),(612,11,144),(613,11,10),(614,11,77),(615,11,101),(616,11,12),(617,11,13),(618,11,5),(619,11,16),(620,11,17),(621,11,18),(622,11,130),(623,11,105),(624,11,21),(625,11,23),(626,11,108),(627,11,24),(628,11,26),(629,11,27),(630,11,28),(631,11,29),(632,11,30),(633,11,31),(634,11,32),(635,11,33),(636,11,34),(637,11,35),(638,11,36),(639,11,37),(640,11,78),(641,11,38),(642,11,39),(643,11,118),(644,11,42),(645,11,43),(646,11,44),(647,11,45),(648,11,79),(649,11,81),(650,11,50),(651,11,51),(652,11,53),(653,11,54),(654,11,55),(655,11,137),(656,11,58),(657,11,61),(658,11,65),(659,11,66),(660,11,62),(661,11,63),(662,11,64),(663,11,67),(664,11,99),(665,11,71),(666,11,72),(667,11,73),(668,12,144),(669,12,2),(670,12,3),(671,12,4),(672,12,5),(673,12,76),(674,12,7),(675,12,8),(676,12,10),(677,12,127),(678,12,77),(679,12,12),(680,12,13),(681,12,14),(682,12,15),(683,12,16),(684,12,17),(685,12,18),(686,12,19),(687,12,105),(688,12,20),(689,12,21),(690,12,23),(691,12,108),(692,12,24),(693,12,26),(694,12,28),(695,12,29),(696,12,30),(697,12,31),(698,12,32),(699,12,33),(700,12,34),(701,12,35),(702,12,37),(703,12,39),(704,12,40),(705,12,41),(706,12,118),(707,12,42),(708,12,43),(709,12,44),(710,12,45),(711,12,46),(712,12,47),(713,12,48),(714,12,119),(715,12,49),(716,12,50),(717,12,51),(718,12,52),(719,12,53),(720,12,54),(721,12,55),(722,12,56),(723,12,57),(724,12,137),(725,12,58),(726,12,122),(727,12,59),(728,12,61),(729,12,62),(730,12,64),(731,12,145),(732,12,65),(733,12,66),(734,12,67),(735,12,68),(736,12,146),(737,12,69),(738,12,99),(739,12,70),(740,12,71),(741,12,72),(742,12,73),(743,13,75),(744,13,2),(745,13,3),(746,13,4),(747,13,5),(748,13,29),(749,13,32),(750,13,33),(751,13,9),(752,13,10),(753,13,77),(754,13,12),(755,13,16),(756,13,17),(757,13,18),(758,13,20),(759,13,21),(760,13,23),(761,13,30),(762,13,34),(763,13,42),(764,13,43),(765,13,44),(766,13,45),(767,13,50),(768,13,51),(769,13,53),(770,13,54),(771,13,55),(772,13,58),(773,13,59),(774,13,61),(775,13,65),(776,13,62),(777,13,63),(778,13,64),(779,13,97),(780,13,66),(781,13,89),(782,13,67),(783,13,71),(784,13,73),(785,14,75),(786,14,2),(787,14,3),(788,14,4),(789,14,5),(790,14,76),(791,14,147),(792,14,24),(793,14,9),(794,14,10),(795,14,127),(796,14,77),(797,14,128),(798,14,101),(799,14,12),(800,14,148),(801,14,13),(802,14,14),(803,14,16),(804,14,17),(805,14,18),(806,14,19),(807,14,130),(808,14,21),(809,14,23),(810,14,149),(811,14,6),(812,14,26),(813,14,27),(814,14,28),(815,14,150),(816,14,29),(817,14,30),(818,14,31),(819,14,32),(820,14,33),(821,14,34),(822,14,35),(823,14,36),(824,14,37),(825,14,102),(826,14,78),(827,14,38),(828,14,39),(829,14,40),(830,14,42),(831,14,43),(832,14,44),(833,14,45),(834,14,79),(835,14,81),(836,14,49),(837,14,50),(838,14,51),(839,14,52),(840,14,53),(841,14,54),(842,14,55),(843,14,56),(844,14,57),(845,14,137),(846,14,58),(847,14,122),(848,14,59),(849,14,61),(850,14,62),(851,14,64),(852,14,121),(853,14,65),(854,14,66),(855,14,67),(856,14,146),(857,14,63),(858,14,99),(859,14,71),(860,14,72),(861,14,73),(862,15,75),(863,15,2),(864,15,3),(865,15,4),(866,15,126),(867,15,76),(868,15,151),(869,15,28),(870,15,10),(871,15,77),(872,15,101),(873,15,12),(874,15,13),(875,15,5),(876,15,16),(877,15,17),(878,15,18),(879,15,21),(880,15,23),(881,15,147),(882,15,152),(883,15,6),(884,15,7),(885,15,110),(886,15,29),(887,15,30),(888,15,31),(889,15,32),(890,15,33),(891,15,34),(892,15,35),(893,15,36),(894,15,37),(895,15,102),(896,15,78),(897,15,38),(898,15,39),(899,15,42),(900,15,43),(901,15,44),(902,15,45),(903,15,46),(904,15,47),(905,15,79),(906,15,81),(907,15,50),(908,15,51),(909,15,53),(910,15,54),(911,15,55),(912,15,58),(913,15,61),(914,15,65),(915,15,66),(916,15,67),(917,15,62),(918,15,64),(919,15,99),(920,15,70),(921,15,71),(922,15,72),(923,15,73),(924,16,75),(925,16,2),(926,16,126),(927,16,153),(928,16,43),(929,16,154),(930,16,51),(931,16,54),(932,16,10),(933,16,155),(934,16,136),(935,16,56),(936,16,59),(937,16,139),(938,16,156),(939,16,68),(940,16,69),(941,16,96),(942,16,97),(943,16,71),(944,17,75),(945,17,2),(946,17,3),(947,17,157),(948,17,126),(949,17,76),(950,17,158),(951,17,113),(952,17,159),(953,17,10),(954,17,77),(955,17,160),(956,17,128),(957,17,129),(958,17,101),(959,17,12),(960,17,5),(961,17,103),(962,17,16),(963,17,17),(964,17,19),(965,17,130),(966,17,161),(967,17,104),(968,17,106),(969,17,107),(970,17,23),(971,17,108),(972,17,162),(973,17,153),(974,17,163),(975,17,164),(976,17,165),(977,17,166),(978,17,167),(979,17,28),(980,17,30),(981,17,34),(982,17,35),(983,17,36),(984,17,37),(985,17,102),(986,17,78),(987,17,115),(988,17,38),(989,17,39),(990,17,117),(991,17,118),(992,17,42),(993,17,44),(994,17,136),(995,17,168),(996,17,169),(997,17,79),(998,17,80),(999,17,81),(1000,17,170),(1001,17,171),(1002,17,52),(1003,17,53),(1004,17,54),(1005,17,55),(1006,17,58),(1007,17,84),(1008,17,59),(1009,17,61),(1010,17,85),(1011,17,63),(1012,17,86),(1013,17,87),(1014,17,65),(1015,17,66),(1016,17,89),(1017,17,91),(1018,17,156),(1019,17,68),(1020,17,146),(1021,17,123),(1022,17,92),(1023,17,69),(1024,17,93),(1025,17,64),(1026,17,94),(1027,17,95),(1028,17,96),(1029,17,97),(1030,17,98),(1031,17,99),(1032,17,71),(1033,18,75),(1034,18,2),(1035,18,3),(1036,18,126),(1037,18,28),(1038,18,50),(1039,18,120),(1040,18,53),(1041,18,10),(1042,18,128),(1043,18,5),(1044,18,16),(1045,18,18),(1046,18,161),(1047,18,54),(1048,18,121),(1049,18,58),(1050,18,84),(1051,18,59),(1052,18,65),(1053,18,85),(1054,18,62),(1055,18,96),(1056,18,139),(1057,18,91),(1058,18,69),(1059,18,97),(1060,18,98),(1061,18,71),(1062,18,72),(1063,19,75),(1064,19,2),(1065,19,12),(1066,19,126),(1067,19,172),(1068,19,24),(1069,19,132),(1070,19,29),(1071,19,100),(1072,19,10),(1073,19,16),(1074,19,173),(1075,19,43),(1076,19,154),(1077,19,47),(1078,19,155),(1079,19,168),(1080,19,54),(1081,19,58),(1082,19,84),(1083,19,61),(1084,19,66),(1085,19,139),(1086,19,156),(1087,19,96),(1088,19,97),(1089,19,68),(1090,19,71),(1091,19,73),(1092,20,75),(1093,20,126),(1094,20,16),(1095,20,18),(1096,20,44),(1097,20,53),(1098,20,54),(1099,20,174),(1100,20,65),(1101,20,66),(1102,20,64),(1103,20,71);
/*!40000 ALTER TABLE `hotel_feature` ENABLE KEYS */;
UNLOCK TABLES;

--
-- Table structure for table `hotel_feature_type`
--

DROP TABLE IF EXISTS `hotel_feature_type`;
/*!40101 SET @saved_cs_client     = @@character_set_client */;
/*!50503 SET character_set_client = utf8mb4 */;
CREATE TABLE `hotel_feature_type` (
  `id` int NOT NULL AUTO_INCREMENT,
  `feature_type` varchar(1000) CHARACTER SET utf8mb3 COLLATE utf8mb3_general_ci NOT NULL,
  PRIMARY KEY (`id`)
) ENGINE=InnoDB AUTO_INCREMENT=175 DEFAULT CHARSET=utf8mb3;
/*!40101 SET character_set_client = @saved_cs_client */;

--
-- Dumping data for table `hotel_feature_type`
--

LOCK TABLES `hotel_feature_type` WRITE;
/*!40000 ALTER TABLE `hotel_feature_type` DISABLE KEYS */;
INSERT INTO `hotel_feature_type` VALUES (1,'Electric vehicle charging station'),(2,'Free High Speed Internet (WiFi)'),(3,'Pool'),(4,'Fitness Center with Gym / Workout Room'),(5,'Bar / lounge'),(6,'Entertainment staff'),(7,'Evening entertainment'),(8,'Kids stay free'),(9,'Valet parking'),(10,'Wifi'),(11,'Paid internet'),(12,'Outdoor pool'),(13,'Fitness / spa locker rooms'),(14,'Fitness classes'),(15,'Sauna'),(16,'Restaurant'),(17,'Breakfast available'),(18,'Breakfast buffet'),(19,'Breakfast in the room'),(20,'Kids\' meals'),(21,'Special diet menus'),(22,'Swimup bar'),(23,'Poolside bar'),(24,'Babysitting'),(25,'Indoor play area for children'),(26,'Children Activities (Kid / Family Friendly)'),(27,'Kids club'),(28,'Airport transportation'),(29,'Car hire'),(30,'Taxi service'),(31,'Business Center with Internet Access'),(32,'Conference facilities'),(33,'Banquet room'),(34,'Meeting rooms'),(35,'Spa'),(36,'Couples massage'),(37,'Facial treatments'),(38,'Head massage'),(39,'Massage'),(40,'Salon'),(41,'Steam room'),(42,'24-hour security'),(43,'Baggage storage'),(44,'Concierge'),(45,'Currency exchange'),(46,'Gift shop'),(47,'Newspaper'),(48,'Shops'),(49,'Butler service'),(50,'Doorperson'),(51,'24-hour front desk'),(52,'Private check-in / check-out'),(53,'Dry cleaning'),(54,'Laundry service'),(55,'Ironing service'),(56,'Shoeshine'),(57,'Allergy-free room'),(58,'Air conditioning'),(59,'Housekeeping'),(60,'Interconnected rooms available'),(61,'Private balcony'),(62,'Minibar'),(63,'Refrigerator'),(64,'Flatscreen TV'),(65,'Room service'),(66,'Safe'),(67,'VIP room facilities'),(68,'Iron'),(69,'Wake-up service / alarm clock'),(70,'Bridal suite'),(71,'Non-smoking rooms'),(72,'Suites'),(73,'Family rooms'),(74,'Smoking rooms available'),(75,'Free parking'),(76,'Beach'),(77,'Pool / beach towels'),(78,'Full body massage'),(79,'Sun loungers / beach chairs'),(80,'Sun terrace'),(81,'Sun umbrellas'),(82,'24-hour check-in'),(83,'Private beach'),(84,'Desk'),(85,'Coffee / tea maker'),(86,'Cable / satellite TV'),(87,'Bidet'),(88,'Sofa'),(89,'Telephone'),(90,'Wardrobe / closet'),(91,'Bottled water'),(92,'Tile / marble floor'),(93,'Electric kettle'),(94,'Radio'),(95,'Walk-in shower'),(96,'Bath / shower'),(97,'Complimentary toiletries'),(98,'Hair dryer'),(99,'Ocean view'),(100,'Parking'),(101,'Pool with view'),(102,'Foot massage'),(103,'Coffee shop'),(104,'Complimentary welcome drink'),(105,'Kid-friendly buffet'),(106,'Outdoor dining area'),(107,'Wine / champagne'),(108,'Rooftop bar'),(109,'Patio'),(110,'Table tennis'),(111,'Walking tours'),(112,'Nightclub / DJ'),(113,'Children\'s television networks'),(114,'Photo copier / fax In business center'),(115,'Hand massage'),(116,'Makeup services'),(117,'Neck massage'),(118,'Rooftop terrace'),(119,'ATM on site'),(120,'Express check-in / check-out'),(121,'Bathrobes'),(122,'Additional bathroom'),(123,'Private bathrooms'),(124,'City view'),(125,'Pool view'),(126,'Free breakfast'),(127,'Hot tub'),(128,'Infinity pool'),(129,'Rooftop pool'),(130,'Complimentary Instant Coffee'),(131,'Snack bar'),(132,'Kids pool'),(133,'Body wrap'),(134,'Manicure'),(135,'Pedicure'),(136,'Outdoor furniture'),(137,'Blackout curtains'),(138,'Sofa bed'),(139,'Seating area'),(140,'On-demand movies'),(141,'Whirlpool bathtub'),(142,'Free internet'),(143,'Aerobics'),(144,'Secured parking'),(145,'Soundproof rooms'),(146,'Laptop safe'),(147,'Tennis court'),(148,'Private pool'),(149,'Bicycle tours'),(150,'Shuttle bus service'),(151,'Squash'),(152,'Billiards'),(153,'Hiking'),(154,'Mosquito net'),(155,'Non-smoking hotel'),(156,'Clothes rack'),(157,'Yoga classes'),(158,'Boating'),(159,'Parking garage'),(160,'Swimming pool toys'),(161,'Complimentary tea'),(162,'Diving'),(163,'Snorkeling'),(164,'Water sport equipment rentals'),(165,'Fishing'),(166,'Board games / puzzles'),(167,'Highchairs available'),(168,'Shared lounge / TV area'),(169,'Sun deck'),(170,'First aid kit'),(171,'Umbrella'),(172,'Bicycle rental'),(173,'BBQ facilities'),(174,'Fireplace');
/*!40000 ALTER TABLE `hotel_feature_type` ENABLE KEYS */;
UNLOCK TABLES;

--
-- Table structure for table `hotel_image`
--

DROP TABLE IF EXISTS `hotel_image`;
/*!40101 SET @saved_cs_client     = @@character_set_client */;
/*!50503 SET character_set_client = utf8mb4 */;
CREATE TABLE `hotel_image` (
  `id` int NOT NULL AUTO_INCREMENT,
  `hotel_id` int NOT NULL,
  `image` varchar(10000) NOT NULL,
  PRIMARY KEY (`id`),
  KEY `hotel_id` (`hotel_id`),
  CONSTRAINT `FK_hotel_id` FOREIGN KEY (`hotel_id`) REFERENCES `hotel` (`id`)
) ENGINE=InnoDB AUTO_INCREMENT=421 DEFAULT CHARSET=utf8mb3;
/*!40101 SET character_set_client = @saved_cs_client */;

--
-- Dumping data for table `hotel_image`
--

LOCK TABLES `hotel_image` WRITE;
/*!40000 ALTER TABLE `hotel_image` DISABLE KEYS */;
INSERT INTO `hotel_image` VALUES (1,2,'\"https://media-cdn.tripadvisor.com/media/photo-s/14/ee/7a/07/atrium.jpg\"'),(2,2,'\"https://media-cdn.tripadvisor.com/media/photo-s/12/9d/51/bd/the-breeze-bar.jpg\"'),(3,2,'\"https://media-cdn.tripadvisor.com/media/oyster-panos/sources/courtyard-wing-apartment-suite--v14841.tiles/wide_700.jpg\"'),(4,2,'\"https://media-cdn.tripadvisor.com/media/photo-s/14/ee/7d/0a/lobby.jpg\"'),(5,2,'\"https://media-cdn.tripadvisor.com/media/photo-s/12/9d/51/ee/lagoon-seafood-restaurant.jpg\"'),(6,2,'\"https://media-cdn.tripadvisor.com/media/oyster-panos/sources/courtyard-wing-apartment-suite--v14848.tiles/wide_700.jpg\"'),(7,2,'\"https://media-cdn.tripadvisor.com/media/photo-s/12/9d/54/b0/cinnamon-grand-colombo.jpg\"'),(8,2,'\"https://media-cdn.tripadvisor.com/media/photo-s/12/9d/51/e7/lagoon-seafood-restaurant.jpg\"'),(9,2,'\"https://media-cdn.tripadvisor.com/media/oyster-panos/sources/courtyard-wing-standard-deluxe-room--v14847.tiles/wide_700.jpg\"'),(10,2,'\"https://media-cdn.tripadvisor.com/media/photo-s/12/9d/52/13/nuga-gama-local-cuisine.jpg\"'),(11,2,'\"https://media-cdn.tripadvisor.com/media/photo-s/12/9d/52/0a/the-london-grill-fine.jpg\"'),(12,2,'\"https://media-cdn.tripadvisor.com/media/oyster-panos/sources/premium-standard-room--v14844.tiles/wide_700.jpg\"'),(13,2,'\"https://media-cdn.tripadvisor.com/media/photo-s/12/9d/51/dd/cinnamon-grand-main-entrance.jpg\"'),(14,2,'\"https://media-cdn.tripadvisor.com/media/photo-s/14/ee/79/bd/atrium.jpg\"'),(15,2,'\"https://media-cdn.tripadvisor.com/media/oyster-panos/sources/premium-suite--v14843.tiles/wide_700.jpg\"'),(16,2,'\"https://media-cdn.tripadvisor.com/media/photo-s/14/ee/7a/fa/executive-lounge.jpg\"'),(17,2,'\"https://media-cdn.tripadvisor.com/media/photo-s/14/ee/7d/6d/oak-room.jpg\"'),(18,2,'\"https://media-cdn.tripadvisor.com/media/oyster-panos/sources/premium-suite--v14846.tiles/wide_700.jpg\"'),(19,2,'\"https://media-cdn.tripadvisor.com/media/photo-s/14/e7/c1/6c/sequel.jpg\"'),(20,2,'\"https://media-cdn.tripadvisor.com/media/photo-s/14/ee/7a/cf/cinnamon-grand-colombo.jpg\"'),(21,2,'\"https://media-cdn.tripadvisor.com/media/oyster-panos/sources/premium-suite--v14853.tiles/wide_700.jpg\"'),(22,3,'\"https://media-cdn.tripadvisor.com/media/photo-s/0a/d9/b0/68/goldi-sands-hotel.jpg\"'),(23,3,'\"https://media-cdn.tripadvisor.com/media/photo-s/0a/d9/ac/5d/goldi-sands-hotel.jpg\"'),(24,3,'\"https://media-cdn.tripadvisor.com/media/oyster-panos/sources/standard-room--v164990.tiles/wide_700.jpg\"'),(25,3,'\"https://media-cdn.tripadvisor.com/media/photo-s/09/a2/a0/a7/hotel-goldi-sands.jpg\"'),(26,3,'\"https://media-cdn.tripadvisor.com/media/photo-s/0a/d9/8f/39/goldi-sands-hotel.jpg\"'),(27,3,'\"https://media-cdn.tripadvisor.com/media/oyster-panos/sources/standard-room-sea-view--v164986.tiles/wide_700.jpg\"'),(28,3,'\"https://media-cdn.tripadvisor.com/media/photo-s/0a/d9/8f/3b/goldi-sands-hotel.jpg\"'),(29,3,'\"https://media-cdn.tripadvisor.com/media/photo-s/09/a2/a0/fa/hotel-goldi-sands.jpg\"'),(30,3,'\"https://media-cdn.tripadvisor.com/media/oyster-panos/sources/suite--v164977.tiles/wide_700.jpg\"'),(31,3,'\"https://media-cdn.tripadvisor.com/media/photo-s/0a/d9/8f/2d/goldi-sands-hotel.jpg\"'),(32,3,'\"https://media-cdn.tripadvisor.com/media/photo-s/0a/d9/ac/66/goldi-sands-hotel.jpg\"'),(33,3,'\"https://media-cdn.tripadvisor.com/media/oyster-panos/sources/suite--v164988.tiles/wide_700.jpg\"'),(34,3,'\"https://media-cdn.tripadvisor.com/media/photo-s/05/dc/ff/bc/hotel-lawn-area.jpg\"'),(35,3,'\"https://media-cdn.tripadvisor.com/media/photo-s/09/a2/a0/ec/hotel-goldi-sands.jpg\"'),(36,3,'\"https://media-cdn.tripadvisor.com/media/oyster-panos/sources/beach--v164984.tiles/wide_700.jpg\"'),(37,3,'\"https://media-cdn.tripadvisor.com/media/photo-s/0a/d9/ac/5a/goldi-sands-hotel.jpg\"'),(38,3,'\"https://media-cdn.tripadvisor.com/media/photo-s/09/a2/a0/d8/hotel-goldi-sands.jpg\"'),(39,3,'\"https://media-cdn.tripadvisor.com/media/oyster-panos/sources/beach--v164987.tiles/wide_700.jpg\"'),(40,3,'\"https://media-cdn.tripadvisor.com/media/photo-s/0a/d9/8f/30/goldi-sands-hotel.jpg\"'),(41,3,'\"https://media-cdn.tripadvisor.com/media/photo-s/0a/d9/8f/2e/goldi-sands-hotel.jpg\"'),(42,3,'\"https://media-cdn.tripadvisor.com/media/oyster-panos/sources/beach--v164992.tiles/wide_700.jpg\"'),(43,4,'\"https://media-cdn.tripadvisor.com/media/photo-s/13/0b/a3/be/hotel-exterior.jpg\"'),(44,4,'\"https://media-cdn.tripadvisor.com/media/photo-s/13/0b/a3/d9/aerial-view-hikka-tranz.jpg\"'),(45,4,'\"https://media-cdn.tripadvisor.com/media/oyster-panos/sources/corner-suite--v14602.tiles/wide_700.jpg\"'),(46,4,'\"https://media-cdn.tripadvisor.com/media/photo-s/13/0b/a3/8a/pool-bar.jpg\"'),(47,4,'\"https://media-cdn.tripadvisor.com/media/photo-s/13/0b/a3/64/main-restaurant.jpg\"'),(48,4,'\"https://media-cdn.tripadvisor.com/media/oyster-panos/sources/corner-suite--v14603.tiles/wide_700.jpg\"'),(49,4,'\"https://media-cdn.tripadvisor.com/media/photo-s/02/34/19/20/hotel-lounge.jpg\"'),(50,4,'\"https://media-cdn.tripadvisor.com/media/photo-s/13/0b/a4/4e/deluxe-room.jpg\"'),(51,4,'\"https://media-cdn.tripadvisor.com/media/oyster-panos/sources/corner-suite--v14607.tiles/wide_700.jpg\"'),(52,4,'\"https://media-cdn.tripadvisor.com/media/photo-s/13/0b/a4/2b/superior-room.jpg\"'),(53,4,'\"https://media-cdn.tripadvisor.com/media/photo-s/13/0b/a3/fc/the-crab-restaurant.jpg\"'),(54,4,'\"https://media-cdn.tripadvisor.com/media/oyster-panos/sources/corner-suite--v14608.tiles/wide_700.jpg\"'),(55,4,'\"https://media-cdn.tripadvisor.com/media/photo-s/13/0b/a3/61/hotel-lobby.jpg\"'),(56,4,'\"https://media-cdn.tripadvisor.com/media/photo-s/02/34/19/23/the-art-wall.jpg\"'),(57,4,'\"https://media-cdn.tripadvisor.com/media/oyster-panos/sources/corner-suite--v14617.tiles/wide_700.jpg\"'),(58,4,'\"https://media-cdn.tripadvisor.com/media/photo-s/1b/b0/48/48/hikka-tranz-by-cinnamon.jpg\"'),(59,4,'\"https://media-cdn.tripadvisor.com/media/oyster/500/07/45/21/21/lobby-lounge--v5084459.jpg\"'),(60,4,'\"https://media-cdn.tripadvisor.com/media/oyster-panos/sources/superior-room--v14610.tiles/wide_700.jpg\"'),(61,4,'\"https://media-cdn.tripadvisor.com/media/oyster/500/07/45/20/57/corner-suite--v5084888.jpg\"'),(62,4,'\"https://media-cdn.tripadvisor.com/media/oyster/500/07/45/20/d5/pool--v5085266.jpg\"'),(63,4,'\"https://media-cdn.tripadvisor.com/media/oyster-panos/sources/superior-room--v14611.tiles/wide_700.jpg\"'),(64,5,'\"https://media-cdn.tripadvisor.com/media/oyster/500/07/62/5f/09/the-hotel--v5128108.jpg\"'),(65,5,'\"https://media-cdn.tripadvisor.com/media/oyster/500/07/62/5e/1e/pool--v5128016.jpg\"'),(66,5,'\"https://media-cdn.tripadvisor.com/media/oyster-panos/sources/deluxe-twin-room--v15267.tiles/wide_700.jpg\"'),(67,5,'\"https://media-cdn.tripadvisor.com/media/oyster/500/07/62/5f/1d/lobby--v5127695.jpg\"'),(68,5,'\"https://media-cdn.tripadvisor.com/media/photo-s/0e/0a/e3/df/the-kingsbury.jpg\"'),(69,5,'\"https://media-cdn.tripadvisor.com/media/oyster-panos/sources/deluxe-twin-room--v15273.tiles/wide_700.jpg\"'),(70,5,'\"https://media-cdn.tripadvisor.com/media/photo-s/0e/0a/e4/92/the-kingsbury.jpg\"'),(71,5,'\"https://media-cdn.tripadvisor.com/media/photo-s/0d/e9/d9/e2/the-kingsbury.jpg\"'),(72,5,'\"https://media-cdn.tripadvisor.com/media/oyster-panos/sources/suite--v15266.tiles/wide_700.jpg\"'),(73,5,'\"https://media-cdn.tripadvisor.com/media/photo-s/16/9e/74/e0/the-kingsbury-hotel.jpg\"'),(74,5,'\"https://media-cdn.tripadvisor.com/media/photo-s/16/9e/74/24/the-kingsbury-hotel.jpg\"'),(75,5,'\"https://media-cdn.tripadvisor.com/media/oyster-panos/sources/suite--v15268.tiles/wide_700.jpg\"'),(76,5,'\"https://media-cdn.tripadvisor.com/media/photo-s/16/9e/74/b5/the-kingsbury-hotel.jpg\"'),(77,5,'\"https://media-cdn.tripadvisor.com/media/photo-s/16/9e/7c/3e/fitness-center.jpg\"'),(78,5,'\"https://media-cdn.tripadvisor.com/media/oyster-panos/sources/suite--v15275.tiles/wide_700.jpg\"'),(79,5,'\"https://media-cdn.tripadvisor.com/media/photo-s/16/9e/74/bd/the-kingsbury-hotel.jpg\"'),(80,5,'\"https://media-cdn.tripadvisor.com/media/photo-s/17/f4/46/a1/ce-la-vi-colombo.jpg\"'),(81,5,'\"https://media-cdn.tripadvisor.com/media/oyster-panos/sources/pool--v15269.tiles/wide_700.jpg\"'),(82,5,'\"https://media-cdn.tripadvisor.com/media/photo-s/16/9e/73/7d/the-kingsbury-hotel.jpg\"'),(83,5,'\"https://media-cdn.tripadvisor.com/media/photo-s/16/9e/73/ff/the-kingsbury-hotel.jpg\"'),(84,5,'\"https://media-cdn.tripadvisor.com/media/oyster-panos/sources/pool--v15274.tiles/wide_700.jpg\"'),(85,6,'\"https://media-cdn.tripadvisor.com/media/photo-s/17/32/c2/8c/rooftop-swimming-pool.jpg\"'),(86,6,'\"https://media-cdn.tripadvisor.com/media/photo-s/17/32/d8/2b/me-colombo.jpg\"'),(87,6,'\"https://media-cdn.tripadvisor.com/media/photo-s/17/32/c4/b0/deluxe-room.jpg\"'),(88,6,'\"https://media-cdn.tripadvisor.com/media/photo-s/17/32/c2/a8/me-colombo.jpg\"'),(89,6,'\"https://media-cdn.tripadvisor.com/media/photo-s/17/32/dd/d4/me-colombo.jpg\"'),(90,6,'\"https://media-cdn.tripadvisor.com/media/photo-s/17/32/c2/cb/lobby-area.jpg\"'),(91,6,'\"https://media-cdn.tripadvisor.com/media/photo-s/17/32/c2/e8/restaurant.jpg\"'),(92,6,'\"https://media-cdn.tripadvisor.com/media/photo-s/17/32/c3/e7/superior-room.jpg\"'),(93,6,'\"https://media-cdn.tripadvisor.com/media/photo-s/17/32/d3/03/me-colombo.jpg\"'),(94,6,'\"https://media-cdn.tripadvisor.com/media/photo-s/17/32/c2/6b/me-colombo.jpg\"'),(95,6,'\"https://media-cdn.tripadvisor.com/media/photo-s/12/02/d8/74/me-colombo.jpg\"'),(96,6,'\"https://media-cdn.tripadvisor.com/media/photo-s/12/02/d9/6a/me-colombo.jpg\"'),(97,6,'\"https://media-cdn.tripadvisor.com/media/photo-s/12/02/d3/4a/me-colombo.jpg\"'),(98,6,'\"https://media-cdn.tripadvisor.com/media/photo-s/12/0a/f6/12/me-colombo.jpg\"'),(99,6,'\"https://media-cdn.tripadvisor.com/media/photo-s/12/02/cf/7b/me-colombo.jpg\"'),(100,6,'\"https://media-cdn.tripadvisor.com/media/photo-s/12/0a/f0/d2/me-colombo.jpg\"'),(101,6,'\"https://media-cdn.tripadvisor.com/media/photo-s/12/08/59/32/me-colombo.jpg\"'),(102,6,'\"https://media-cdn.tripadvisor.com/media/photo-s/17/32/c4/7b/me-colombo.jpg\"'),(103,6,'\"https://media-cdn.tripadvisor.com/media/photo-s/17/32/c4/81/suite-room.jpg\"'),(104,6,'\"https://media-cdn.tripadvisor.com/media/photo-s/17/32/cc/24/me-colombo.jpg\"'),(105,6,'\"https://media-cdn.tripadvisor.com/media/photo-s/17/32/d7/22/me-colombo.jpg\"'),(106,7,'\"https://media-cdn.tripadvisor.com/media/photo-s/11/1b/58/e0/hotel-exterior.jpg\"'),(107,7,'\"https://media-cdn.tripadvisor.com/media/photo-s/11/1b/58/f9/poolside.jpg\"'),(108,7,'\"https://media-cdn.tripadvisor.com/media/photo-s/11/1b/59/0d/weligama-bay-marriott.jpg\"'),(109,7,'\"https://media-cdn.tripadvisor.com/media/photo-s/11/1b/58/ff/weligama-bay-marriott.jpg\"'),(110,7,'\"https://media-cdn.tripadvisor.com/media/photo-s/10/1b/bf/2b/weligama-bay-marriott.jpg\"'),(111,7,'\"https://media-cdn.tripadvisor.com/media/photo-s/10/1b/bd/0b/weligama-bay-marriott.jpg\"'),(112,7,'\"https://media-cdn.tripadvisor.com/media/photo-s/11/1b/59/1c/weligama-bay-marriott.jpg\"'),(113,7,'\"https://media-cdn.tripadvisor.com/media/photo-s/11/1b/59/21/weligama-bay-marriott.jpg\"'),(114,7,'\"https://media-cdn.tripadvisor.com/media/photo-s/10/44/52/e5/hotel-exterior.jpg\"'),(115,7,'\"https://media-cdn.tripadvisor.com/media/photo-s/10/1b/be/bb/weligama-bay-marriott.jpg\"'),(116,7,'\"https://media-cdn.tripadvisor.com/media/photo-s/10/1b/c1/62/weligama-bay-marriott.jpg\"'),(117,7,'\"https://media-cdn.tripadvisor.com/media/photo-s/0f/f7/45/30/weligama-bay-marriott.jpg\"'),(118,7,'\"https://media-cdn.tripadvisor.com/media/photo-s/10/1b/c0/68/weligama-bay-marriott.jpg\"'),(119,7,'\"https://media-cdn.tripadvisor.com/media/photo-s/10/1b/bd/4a/weligama-bay-marriott.jpg\"'),(120,7,'\"https://media-cdn.tripadvisor.com/media/photo-s/11/1b/58/ef/hotel-bathroom.jpg\"'),(121,7,'\"https://media-cdn.tripadvisor.com/media/photo-s/10/1b/c1/15/weligama-bay-marriott.jpg\"'),(122,7,'\"https://media-cdn.tripadvisor.com/media/photo-s/10/1b/c1/31/weligama-bay-marriott.jpg\"'),(123,7,'\"https://media-cdn.tripadvisor.com/media/photo-s/10/1b/bf/cb/weligama-bay-marriott.jpg\"'),(124,7,'\"https://media-cdn.tripadvisor.com/media/photo-s/10/1b/c0/25/weligama-bay-marriott.jpg\"'),(125,7,'\"https://media-cdn.tripadvisor.com/media/photo-s/10/1b/bd/ac/weligama-bay-marriott.jpg\"'),(126,7,'\"https://media-cdn.tripadvisor.com/media/photo-s/10/1b/be/f0/weligama-bay-marriott.jpg\"'),(127,8,'\"https://media-cdn.tripadvisor.com/media/photo-s/14/d4/81/ed/marino-beach.jpg\"'),(128,8,'\"https://media-cdn.tripadvisor.com/media/photo-s/16/5c/72/31/buffet.jpg\"'),(129,8,'\"https://media-cdn.tripadvisor.com/media/photo-s/16/5c/6f/d9/infinity-pool-area.jpg\"'),(130,8,'\"https://media-cdn.tripadvisor.com/media/photo-s/14/d4/82/05/marino-beach.jpg\"'),(131,8,'\"https://media-cdn.tripadvisor.com/media/photo-s/16/5c/73/09/superior-room.jpg\"'),(132,8,'\"https://media-cdn.tripadvisor.com/media/photo-s/16/5c/6f/96/infinity-pool.jpg\"'),(133,8,'\"https://media-cdn.tripadvisor.com/media/photo-s/14/d4/95/a6/marino-beach.jpg\"'),(134,8,'\"https://media-cdn.tripadvisor.com/media/photo-s/16/5c/73/70/bathroom.jpg\"'),(135,8,'\"https://media-cdn.tripadvisor.com/media/photo-o/13/59/c7/da/superior-twin-room.jpg\"'),(136,8,'\"https://media-cdn.tripadvisor.com/media/photo-o/13/59/c7/e5/superior-twin-room.jpg\"'),(137,8,'\"https://media-cdn.tripadvisor.com/media/photo-o/13/59/c7/e3/superior-twin-room.jpg\"'),(138,8,'\"https://media-cdn.tripadvisor.com/media/photo-s/14/d4/95/b2/marino-beach.jpg\"'),(139,8,'\"https://media-cdn.tripadvisor.com/media/photo-o/13/59/c8/04/superior-twin-room-bathroom.jpg\"'),(140,8,'\"https://media-cdn.tripadvisor.com/media/photo-s/16/5c/70/29/infinity-pool.jpg\"'),(141,8,'\"https://media-cdn.tripadvisor.com/media/photo-s/16/5c/6f/f7/infinity-pool.jpg\"'),(142,8,'\"https://media-cdn.tripadvisor.com/media/photo-o/13/59/c7/ea/superior-twin-room.jpg\"'),(143,8,'\"https://media-cdn.tripadvisor.com/media/photo-s/16/d6/4d/af/photo2jpg.jpg\"'),(144,8,'\"https://media-cdn.tripadvisor.com/media/photo-s/17/fa/93/5b/infinity-pool.jpg\"'),(145,8,'\"https://media-cdn.tripadvisor.com/media/photo-s/18/22/d8/9d/marino-beach-colombo.jpg\"'),(146,8,'\"https://media-cdn.tripadvisor.com/media/photo-s/17/fa/31/20/ta-img-20190619-100303.jpg\"'),(147,8,'\"https://media-cdn.tripadvisor.com/media/photo-s/18/22/d8/b5/marino-beach-colombo.jpg\"'),(148,9,'\"https://media-cdn.tripadvisor.com/media/photo-s/1b/48/b4/42/hotel-riu-sri-lanka.jpg\"'),(149,9,'\"https://media-cdn.tripadvisor.com/media/photo-s/23/26/29/c2/hotel-riu-sri-lanka.jpg\"'),(150,9,'\"https://media-cdn.tripadvisor.com/media/photo-s/23/26/29/c4/hotel-riu-sri-lanka.jpg\"'),(151,9,'\"https://media-cdn.tripadvisor.com/media/photo-s/23/26/29/c0/hotel-riu-sri-lanka.jpg\"'),(152,9,'\"https://media-cdn.tripadvisor.com/media/photo-s/23/26/29/b9/hotel-riu-sri-lanka.jpg\"'),(153,9,'\"https://media-cdn.tripadvisor.com/media/photo-s/23/26/29/b6/hotel-riu-sri-lanka.jpg\"'),(154,9,'\"https://media-cdn.tripadvisor.com/media/photo-s/23/26/29/b3/hotel-riu-sri-lanka.jpg\"'),(155,9,'\"https://media-cdn.tripadvisor.com/media/photo-s/23/26/29/ae/hotel-riu-sri-lanka.jpg\"'),(156,9,'\"https://media-cdn.tripadvisor.com/media/photo-s/23/26/29/ad/hotel-riu-sri-lanka.jpg\"'),(157,9,'\"https://media-cdn.tripadvisor.com/media/photo-s/23/26/29/aa/hotel-riu-sri-lanka.jpg\"'),(158,9,'\"https://media-cdn.tripadvisor.com/media/photo-s/23/26/29/97/hotel-riu-sri-lanka.jpg\"'),(159,9,'\"https://media-cdn.tripadvisor.com/media/photo-s/21/55/4b/8a/hotel-riu-sri-lanka.jpg\"'),(160,9,'\"https://media-cdn.tripadvisor.com/media/photo-s/21/55/4b/88/hotel-riu-sri-lanka.jpg\"'),(161,9,'\"https://media-cdn.tripadvisor.com/media/photo-s/1b/48/b4/47/hotel-riu-sri-lanka.jpg\"'),(162,9,'\"https://media-cdn.tripadvisor.com/media/photo-s/1b/48/b4/46/hotel-riu-sri-lanka.jpg\"'),(163,9,'\"https://media-cdn.tripadvisor.com/media/photo-s/1b/48/b4/45/hotel-riu-sri-lanka.jpg\"'),(164,9,'\"https://media-cdn.tripadvisor.com/media/photo-s/1b/48/b4/44/hotel-riu-sri-lanka.jpg\"'),(165,9,'\"https://media-cdn.tripadvisor.com/media/photo-s/1b/48/b4/43/hotel-riu-sri-lanka.jpg\"'),(166,9,'\"https://media-cdn.tripadvisor.com/media/photo-s/1b/48/b4/41/hotel-riu-sri-lanka.jpg\"'),(167,9,'\"https://media-cdn.tripadvisor.com/media/photo-s/1b/48/b4/40/hotel-riu-sri-lanka.jpg\"'),(168,9,'\"https://media-cdn.tripadvisor.com/media/photo-s/1b/48/b4/3f/hotel-riu-sri-lanka.jpg\"'),(169,10,'\"https://media-cdn.tripadvisor.com/media/photo-s/0d/0c/0c/e9/hotel-exterior.jpg\"'),(170,10,'\"https://media-cdn.tripadvisor.com/media/photo-s/0f/9f/b7/6e/ocean-view.jpg\"'),(171,10,'\"https://media-cdn.tripadvisor.com/media/photo-s/0f/9f/b3/1f/galle-face-hotel-colombo.jpg\"'),(172,10,'\"https://media-cdn.tripadvisor.com/media/photo-s/06/5f/4a/7d/galle-face-hotel-colombo.jpg\"'),(173,10,'\"https://media-cdn.tripadvisor.com/media/photo-s/0c/8b/a9/5e/the-reading-porch.jpg\"'),(174,10,'\"https://media-cdn.tripadvisor.com/media/photo-s/0f/9f/ba/6b/north-wing-lobby.jpg\"'),(175,10,'\"https://media-cdn.tripadvisor.com/media/photo-s/09/ad/a2/6b/galle-face-hotel-colombo.jpg\"'),(176,10,'\"https://media-cdn.tripadvisor.com/media/photo-s/0f/9f/b8/ea/empress-suite.jpg\"'),(177,10,'\"https://media-cdn.tripadvisor.com/media/photo-s/16/59/fb/7a/the-chequerboard-for.jpg\"'),(178,10,'\"https://media-cdn.tripadvisor.com/media/photo-s/16/f4/4a/6e/galle-face-hotel-colombo.jpg\"'),(179,10,'\"https://media-cdn.tripadvisor.com/media/photo-s/16/59/fb/63/galle-face-hotel-colombo.jpg\"'),(180,10,'\"https://media-cdn.tripadvisor.com/media/photo-s/16/59/fc/5a/galle-face-hotel-colombo.jpg\"'),(181,10,'\"https://media-cdn.tripadvisor.com/media/photo-s/16/59/fd/1b/galle-face-hotel-colombo.jpg\"'),(182,10,'\"https://media-cdn.tripadvisor.com/media/photo-s/16/59/fb/c5/galle-face-hotel-colombo.jpg\"'),(183,10,'\"https://media-cdn.tripadvisor.com/media/photo-s/09/ad/a1/30/galle-face-hotel-colombo.jpg\"'),(184,10,'\"https://media-cdn.tripadvisor.com/media/photo-s/06/5f/4a/d2/galle-face-hotel-colombo.jpg\"'),(185,10,'\"https://media-cdn.tripadvisor.com/media/photo-s/09/ad/a0/36/galle-face-hotel-colombo.jpg\"'),(186,10,'\"https://media-cdn.tripadvisor.com/media/photo-s/09/ad/a1/bf/galle-face-hotel-colombo.jpg\"'),(187,10,'\"https://media-cdn.tripadvisor.com/media/photo-s/09/a8/18/b7/galle-face-hotel-colombo.jpg\"'),(188,10,'\"https://media-cdn.tripadvisor.com/media/photo-s/0f/9f/b8/5c/empress-suite.jpg\"'),(189,10,'\"https://media-cdn.tripadvisor.com/media/photo-s/09/ad/9f/db/galle-face-hotel-colombo.jpg\"'),(190,11,'\"https://media-cdn.tripadvisor.com/media/photo-s/10/ca/e1/c4/amari-galle-sri-lanka.jpg\"'),(191,11,'\"https://media-cdn.tripadvisor.com/media/photo-s/10/ca/e1/ab/amari-galle-sri-lanka.jpg\"'),(192,11,'\"https://media-cdn.tripadvisor.com/media/photo-s/10/ca/e1/da/outdoor-wedding-pavilion.jpg\"'),(193,11,'\"https://media-cdn.tripadvisor.com/media/photo-s/10/ca/e1/dc/pool-island-pavilion.jpg\"'),(194,11,'\"https://media-cdn.tripadvisor.com/media/photo-s/10/ca/e1/e9/swimming-pool.jpg\"'),(195,11,'\"https://media-cdn.tripadvisor.com/media/photo-s/10/ca/e1/e3/shoreline-beach-club.jpg\"'),(196,11,'\"https://media-cdn.tripadvisor.com/media/photo-s/10/ca/e1/c5/kids-club.jpg\"'),(197,11,'\"https://media-cdn.tripadvisor.com/media/photo-s/10/ca/e1/b7/amari-galle-sri-lanka.jpg\"'),(198,11,'\"https://media-cdn.tripadvisor.com/media/photo-s/10/ca/e7/2c/ocean-view-from-presidential.jpg\"'),(199,11,'\"https://media-cdn.tripadvisor.com/media/photo-s/0e/a9/6b/9b/amari-galle.jpg\"'),(200,11,'\"https://media-cdn.tripadvisor.com/media/photo-s/10/ca/e1/84/ballroom-dinner-setting.jpg\"'),(201,11,'\"https://media-cdn.tripadvisor.com/media/photo-s/10/ca/e4/9f/grand-deluxe-ocean-view.jpg\"'),(202,11,'\"https://media-cdn.tripadvisor.com/media/photo-s/10/ca/e5/bc/one-bedroom-suite-living.jpg\"'),(203,11,'\"https://media-cdn.tripadvisor.com/media/photo-s/10/ca/e1/d7/idea-room.jpg\"'),(204,11,'\"https://media-cdn.tripadvisor.com/media/photo-s/10/ca/e6/cc/presidential-suite-bathroom.jpg\"'),(205,11,'\"https://media-cdn.tripadvisor.com/media/photo-s/10/ca/e1/7e/a-ha-ra-gourmet-gallery.jpg\"'),(206,11,'\"https://media-cdn.tripadvisor.com/media/photo-s/0c/f6/08/71/getlstd-property-photo.jpg\"'),(207,11,'\"https://media-cdn.tripadvisor.com/media/photo-s/10/ca/e1/d0/lobby-seating.jpg\"'),(208,11,'\"https://media-cdn.tripadvisor.com/media/photo-s/10/ca/e6/dc/presidential-suite-terrace.jpg\"'),(209,11,'\"https://media-cdn.tripadvisor.com/media/photo-s/0e/a9/6b/88/amari-galle.jpg\"'),(210,11,'\"https://media-cdn.tripadvisor.com/media/photo-s/10/ca/e5/a8/one-bedroom-suite-afternoon.jpg\"'),(211,12,'\"https://media-cdn.tripadvisor.com/media/photo-s/14/21/41/d8/doorman.jpg\"'),(212,12,'\"https://media-cdn.tripadvisor.com/media/photo-s/14/21/49/3a/sapphyr-lounge.jpg\"'),(213,12,'\"https://media-cdn.tripadvisor.com/media/photo-s/14/21/49/1d/tea-sommelier.jpg\"'),(214,12,'\"https://media-cdn.tripadvisor.com/media/photo-s/14/21/4c/b8/shangri-la-hotel-colombo.jpg\"'),(215,12,'\"https://media-cdn.tripadvisor.com/media/photo-s/14/21/53/c4/pre-function-area.jpg\"'),(216,12,'\"https://media-cdn.tripadvisor.com/media/photo-s/14/21/41/ff/spa-waiting-room.jpg\"'),(217,12,'\"https://media-cdn.tripadvisor.com/media/photo-s/14/21/53/da/ballroom.jpg\"'),(218,12,'\"https://media-cdn.tripadvisor.com/media/photo-s/14/21/4c/f3/shangri-la-hotel-colombo.jpg\"'),(219,12,'\"https://media-cdn.tripadvisor.com/media/photo-s/14/21/4d/14/kaema-sutra.jpg\"'),(220,12,'\"https://media-cdn.tripadvisor.com/media/photo-s/14/21/4c/dc/sapphyr-lounge-grab-go.jpg\"'),(221,12,'\"https://media-cdn.tripadvisor.com/media/photo-s/14/21/42/1f/spa-treatment-room.jpg\"'),(222,12,'\"https://media-cdn.tripadvisor.com/media/photo-s/23/ac/74/53/property.jpg\"'),(223,12,'\"https://media-cdn.tripadvisor.com/media/photo-s/24/2c/2e/f1/shangri-la-colombo-facade.jpg\"'),(224,12,'\"https://media-cdn.tripadvisor.com/media/photo-s/1c/32/f9/58/central-all-day-dining.jpg\"'),(225,12,'\"https://media-cdn.tripadvisor.com/media/photo-s/1c/32/f9/55/central-cafe.jpg\"'),(226,12,'\"https://media-cdn.tripadvisor.com/media/photo-s/1c/32/f9/54/central-private-dining.jpg\"'),(227,12,'\"https://media-cdn.tripadvisor.com/media/photo-s/1c/d5/1f/85/galle-face-promenade.jpg\"'),(228,12,'\"https://media-cdn.tripadvisor.com/media/photo-s/1c/d5/1f/81/premier-balcony-room.jpg\"'),(229,12,'\"https://media-cdn.tripadvisor.com/media/photo-s/1c/d5/1f/7e/premier-balcony-room.jpg\"'),(230,12,'\"https://media-cdn.tripadvisor.com/media/photo-s/1c/d5/1f/7a/horizon-club-ocean-view.jpg\"'),(231,12,'\"https://media-cdn.tripadvisor.com/media/photo-s/1c/d5/1f/77/apartment-living-room.jpg\"'),(232,13,'\"https://media-cdn.tripadvisor.com/media/photo-s/05/a9/ca/42/earl-s-regent-hotel.jpg\"'),(233,13,'\"https://media-cdn.tripadvisor.com/media/photo-s/18/c2/27/64/earl-s-regent-hotel.jpg\"'),(234,13,'\"https://media-cdn.tripadvisor.com/media/oyster-panos/sources/deluxe--v145469.tiles/wide_700.jpg\"'),(235,13,'\"https://media-cdn.tripadvisor.com/media/photo-s/18/c2/27/61/earl-s-regent-hotel.jpg\"'),(236,13,'\"https://media-cdn.tripadvisor.com/media/photo-s/18/c2/27/5f/earl-s-regent-hotel.jpg\"'),(237,13,'\"https://media-cdn.tripadvisor.com/media/oyster-panos/sources/deluxe--v145472.tiles/wide_700.jpg\"'),(238,13,'\"https://media-cdn.tripadvisor.com/media/photo-s/18/c2/27/30/earl-s-regent-hotel.jpg\"'),(239,13,'\"https://media-cdn.tripadvisor.com/media/photo-s/18/c2/27/2c/earl-s-regent-hotel.jpg\"'),(240,13,'\"https://media-cdn.tripadvisor.com/media/oyster-panos/sources/standard--v145474.tiles/wide_700.jpg\"'),(241,13,'\"https://media-cdn.tripadvisor.com/media/photo-s/18/c2/27/2b/earl-s-regent-hotel.jpg\"'),(242,13,'\"https://media-cdn.tripadvisor.com/media/photo-s/18/c2/25/e2/earl-s-regent-hotel.jpg\"'),(243,13,'\"https://media-cdn.tripadvisor.com/media/oyster-panos/sources/standard--v145475.tiles/wide_700.jpg\"'),(244,13,'\"https://media-cdn.tripadvisor.com/media/photo-s/18/c2/25/de/earl-s-regent-hotel.jpg\"'),(245,13,'\"https://media-cdn.tripadvisor.com/media/photo-s/18/c2/25/d5/earl-s-regent-hotel.jpg\"'),(246,13,'\"https://media-cdn.tripadvisor.com/media/oyster-panos/sources/super-deluxe--v145465.tiles/wide_700.jpg\"'),(247,13,'\"https://media-cdn.tripadvisor.com/media/photo-s/18/c2/25/54/earl-s-regent-hotel.jpg\"'),(248,13,'\"https://media-cdn.tripadvisor.com/media/photo-s/18/c2/25/4a/earl-s-regent-hotel.jpg\"'),(249,13,'\"https://media-cdn.tripadvisor.com/media/oyster-panos/sources/pool--v145467.tiles/wide_700.jpg\"'),(250,13,'\"https://media-cdn.tripadvisor.com/media/photo-s/18/c2/25/40/earl-s-regent-hotel.jpg\"'),(251,13,'\"https://media-cdn.tripadvisor.com/media/photo-s/18/c2/25/3a/earl-s-regent-hotel.jpg\"'),(252,13,'\"https://media-cdn.tripadvisor.com/media/oyster-panos/sources/ayu-spa--v145464.tiles/wide_700.jpg\"'),(253,14,'\"https://media-cdn.tripadvisor.com/media/photo-f/0b/5f/f9/c8/evening-pool-view.jpg\"'),(254,14,'\"https://media-cdn.tripadvisor.com/media/photo-f/0b/60/06/30/premier-ocean-view-room.jpg\"'),(255,14,'\"https://media-cdn.tripadvisor.com/media/photo-f/10/bb/04/f2/garden-pool-villa.jpg\"'),(256,14,'\"https://media-cdn.tripadvisor.com/media/photo-f/0b/60/06/d1/arrival-lounge.jpg\"'),(257,14,'\"https://media-cdn.tripadvisor.com/media/photo-f/10/bb/04/0a/premier-beach-access.jpg\"'),(258,14,'\"https://media-cdn.tripadvisor.com/media/photo-f/0b/60/05/14/reception.jpg\"'),(259,14,'\"https://media-cdn.tripadvisor.com/media/photo-f/0b/60/06/d0/resort-pool-view.jpg\"'),(260,14,'\"https://media-cdn.tripadvisor.com/media/photo-s/0e/13/67/1a/verele-restaurant-outdoor.jpg\"'),(261,14,'\"https://media-cdn.tripadvisor.com/media/photo-s/0e/13/67/15/verele-restaurant-beach.jpg\"'),(262,14,'\"https://media-cdn.tripadvisor.com/media/photo-f/10/bb/04/32/premier-ocean-view-room.jpg\"'),(263,14,'\"https://media-cdn.tripadvisor.com/media/photo-s/10/bb/04/1e/premier-ocean-view-room.jpg\"'),(264,14,'\"https://media-cdn.tripadvisor.com/media/photo-f/07/fc/f1/f7/anantara-tangalle-peace.jpg\"'),(265,14,'\"https://media-cdn.tripadvisor.com/media/photo-f/10/bb/05/21/garden-pool-villa.jpg\"'),(266,14,'\"https://media-cdn.tripadvisor.com/media/photo-f/10/bb/04/7f/garden-pool-villa.jpg\"'),(267,14,'\"https://media-cdn.tripadvisor.com/media/photo-f/0b/5f/fb/af/high-tea.jpg\"'),(268,14,'\"https://media-cdn.tripadvisor.com/media/photo-o/0f/51/31/78/conde-nast-hot-list-2017.jpg\"'),(269,14,'\"https://media-cdn.tripadvisor.com/media/photo-f/22/67/ce/fb/view-of-the-gardens-and.jpg\"'),(270,14,'\"https://media-cdn.tripadvisor.com/media/photo-f/22/67/cf/57/exterior-of-verala-restaurant.jpg\"'),(271,14,'\"https://media-cdn.tripadvisor.com/media/photo-f/22/67/cf/55/aerial-view-of-the-pool.jpg\"'),(272,14,'\"https://media-cdn.tripadvisor.com/media/photo-f/22/67/cf/53/pool-bar-with-a-team.jpg\"'),(273,14,'\"https://media-cdn.tripadvisor.com/media/photo-f/22/67/cf/52/aerial-shot-of-pool-with.jpg\"'),(274,14,'\"https://media-cdn.tripadvisor.com/media/photo-f/22/67/cf/51/tennis-court-surrounded.jpg\"'),(275,14,'\"https://media-cdn.tripadvisor.com/media/photo-f/22/67/cf/4e/couple-on-bicycles-in.jpg\"'),(276,14,'\"https://media-cdn.tripadvisor.com/media/photo-f/22/67/cf/4c/premier-ocean-view-room.jpg\"'),(277,15,'\"https://media-cdn.tripadvisor.com/media/photo-s/13/da/48/58/the-blue-water.jpg\"'),(278,15,'\"https://media-cdn.tripadvisor.com/media/photo-s/13/da/47/77/the-blue-water.jpg\"'),(279,15,'\"https://media-cdn.tripadvisor.com/media/oyster-panos/sources/club-suite--v15396.tiles/wide_700.jpg\"'),(280,15,'\"https://media-cdn.tripadvisor.com/media/photo-f/12/2e/90/f7/the-blue-water.jpg\"'),(281,15,'\"https://media-cdn.tripadvisor.com/media/photo-f/13/da/3a/4e/the-blue-water.jpg\"'),(282,15,'\"https://media-cdn.tripadvisor.com/media/oyster-panos/sources/club-suite--v15408.tiles/wide_700.jpg\"'),(283,15,'\"https://media-cdn.tripadvisor.com/media/photo-f/13/da/3d/7f/the-blue-water.jpg\"'),(284,15,'\"https://media-cdn.tripadvisor.com/media/photo-s/13/d3/b3/d2/the-blue-water.jpg\"'),(285,15,'\"https://media-cdn.tripadvisor.com/media/oyster-panos/sources/deluxe-room--v15398.tiles/wide_700.jpg\"'),(286,15,'\"https://media-cdn.tripadvisor.com/media/photo-s/13/d3/b4/05/the-blue-water.jpg\"'),(287,15,'\"https://media-cdn.tripadvisor.com/media/photo-f/13/d3/b2/c0/the-blue-water.jpg\"'),(288,15,'\"https://media-cdn.tripadvisor.com/media/oyster-panos/sources/executive-suite--v15399.tiles/wide_700.jpg\"'),(289,15,'\"https://media-cdn.tripadvisor.com/media/photo-f/13/d3/af/57/the-blue-water.jpg\"'),(290,15,'\"https://media-cdn.tripadvisor.com/media/photo-f/13/d3/b2/a3/the-blue-water.jpg\"'),(291,15,'\"https://media-cdn.tripadvisor.com/media/oyster-panos/sources/executive-suite--v15406.tiles/wide_700.jpg\"'),(292,15,'\"https://media-cdn.tripadvisor.com/media/photo-f/13/d3/b2/dd/the-blue-water.jpg\"'),(293,15,'\"https://media-cdn.tripadvisor.com/media/photo-s/13/d3/af/97/the-blue-water.jpg\"'),(294,15,'\"https://media-cdn.tripadvisor.com/media/oyster-panos/sources/executive-suite--v15409.tiles/wide_700.jpg\"'),(295,15,'\"https://media-cdn.tripadvisor.com/media/photo-s/13/da/47/dd/the-blue-water.jpg\"'),(296,15,'\"https://media-cdn.tripadvisor.com/media/photo-f/13/d3/ae/d7/the-blue-water.jpg\"'),(297,15,'\"https://media-cdn.tripadvisor.com/media/oyster-panos/sources/presidential-suite--v15401.tiles/wide_700.jpg\"'),(298,15,'\"https://media-cdn.tripadvisor.com/media/photo-f/13/c1/25/08/the-blue-water.jpg\"'),(299,15,'\"https://media-cdn.tripadvisor.com/media/photo-f/13/d3/ae/56/the-blue-water.jpg\"'),(300,15,'\"https://media-cdn.tripadvisor.com/media/oyster-panos/sources/presidential-suite--v15403.tiles/wide_700.jpg\"'),(301,16,'\"https://media-cdn.tripadvisor.com/media/photo-s/07/74/db/26/dinning.jpg\"'),(302,16,'\"https://media-cdn.tripadvisor.com/media/photo-f/05/67/4d/da/ella-mount-view-guest.jpg\"'),(303,16,'\"https://media-cdn.tripadvisor.com/media/photo-s/07/74/db/e5/view-from-ella-mount.jpg\"'),(304,16,'\"https://media-cdn.tripadvisor.com/media/photo-f/05/67/4e/1c/ella-mount-view-guest.jpg\"'),(305,16,'\"https://media-cdn.tripadvisor.com/media/photo-f/05/d3/d2/a6/ella-mount-view-guest.jpg\"'),(306,16,'\"https://media-cdn.tripadvisor.com/media/photo-f/05/67/4e/95/ella-mount-view-guest.jpg\"'),(307,16,'\"https://media-cdn.tripadvisor.com/media/photo-s/07/ba/50/a7/view-from-balcony.jpg\"'),(308,16,'\"https://media-cdn.tripadvisor.com/media/photo-s/07/dc/01/e5/train-to-kandy.jpg\"'),(309,16,'\"https://media-cdn.tripadvisor.com/media/photo-s/07/74/db/7b/from-room.jpg\"'),(310,16,'\"https://media-cdn.tripadvisor.com/media/photo-s/07/dc/02/61/trolley.jpg\"'),(311,16,'\"https://media-cdn.tripadvisor.com/media/photo-s/07/74/db/cd/room.jpg\"'),(312,16,'\"https://media-cdn.tripadvisor.com/media/photo-f/05/d3/d2/c1/ella-mount-view-guest.jpg\"'),(313,16,'\"https://media-cdn.tripadvisor.com/media/photo-s/07/84/ef/d4/surrounding.jpg\"'),(314,16,'\"https://media-cdn.tripadvisor.com/media/photo-f/05/67/4e/76/ella-mount-view-guest.jpg\"'),(315,16,'\"https://media-cdn.tripadvisor.com/media/photo-f/05/61/86/11/getlstd-property-photo.jpg\"'),(316,16,'\"https://media-cdn.tripadvisor.com/media/photo-s/07/ba/50/8f/tea-with-view.jpg\"'),(317,16,'\"https://media-cdn.tripadvisor.com/media/photo-s/07/81/6f/7b/from-balcony.jpg\"'),(318,16,'\"https://media-cdn.tripadvisor.com/media/photo-s/07/84/f0/41/view-from-room.jpg\"'),(319,16,'\"https://media-cdn.tripadvisor.com/media/photo-s/07/81/6f/eb/bed-room.jpg\"'),(320,16,'\"https://media-cdn.tripadvisor.com/media/photo-f/05/67/4d/f7/ella-mount-view-guest.jpg\"'),(321,16,'\"https://media-cdn.tripadvisor.com/media/photo-s/07/81/6f/46/bed-room.jpg\"'),(322,16,'\"https://media-cdn.tripadvisor.com/media/photo-s/07/ba/51/46/dinner.jpg\"'),(323,16,'\"https://media-cdn.tripadvisor.com/media/photo-s/07/81/70/66/from-room.jpg\"'),(324,16,'\"https://media-cdn.tripadvisor.com/media/photo-s/07/81/70/5e/surrounding.jpg\"'),(325,17,'\"https://media-cdn.tripadvisor.com/media/photo-f/17/19/33/54/agnus-luxury-villa.jpg\"'),(326,17,'\"https://media-cdn.tripadvisor.com/media/photo-s/16/ba/d8/34/agnus-luxury-villa.jpg\"'),(327,17,'\"https://media-cdn.tripadvisor.com/media/photo-s/17/19/33/b0/agnus-luxury-villa.jpg\"'),(328,17,'\"https://media-cdn.tripadvisor.com/media/photo-f/14/bd/35/d9/getlstd-property-photo.jpg\"'),(329,17,'\"https://media-cdn.tripadvisor.com/media/photo-s/17/19/33/92/agnus-luxury-villa.jpg\"'),(330,17,'\"https://media-cdn.tripadvisor.com/media/photo-f/14/d7/ce/21/agnus-rumassala.jpg\"'),(331,17,'\"https://media-cdn.tripadvisor.com/media/photo-f/16/ba/d9/49/agnus-luxury-villa.jpg\"'),(332,17,'\"https://media-cdn.tripadvisor.com/media/photo-f/14/d7/c7/04/agnus-rumassala.jpg\"'),(333,17,'\"https://media-cdn.tripadvisor.com/media/photo-f/14/d7/d5/a1/agnus-rumassala.jpg\"'),(334,17,'\"https://media-cdn.tripadvisor.com/media/photo-f/14/d7/de/32/agnus-rumassala.jpg\"'),(335,17,'\"https://media-cdn.tripadvisor.com/media/photo-f/17/19/32/b7/agnus-luxury-villa.jpg\"'),(336,17,'\"https://media-cdn.tripadvisor.com/media/photo-f/16/ba/de/05/agnus-luxury-villa.jpg\"'),(337,17,'\"https://media-cdn.tripadvisor.com/media/photo-s/14/d7/c6/2d/agnus-rumassala.jpg\"'),(338,17,'\"https://media-cdn.tripadvisor.com/media/photo-f/14/d7/dc/00/agnus-rumassala.jpg\"'),(339,17,'\"https://media-cdn.tripadvisor.com/media/photo-s/17/19/33/8b/agnus-luxury-villa.jpg\"'),(340,17,'\"https://media-cdn.tripadvisor.com/media/photo-f/14/d7/ca/d2/agnus-rumassala.jpg\"'),(341,17,'\"https://media-cdn.tripadvisor.com/media/photo-f/16/ba/e1/15/agnus-luxury-villa.jpg\"'),(342,17,'\"https://media-cdn.tripadvisor.com/media/photo-f/14/d7/c6/db/agnus-rumassala.jpg\"'),(343,17,'\"https://media-cdn.tripadvisor.com/media/photo-s/16/ba/dd/79/agnus-luxury-villa.jpg\"'),(344,17,'\"https://media-cdn.tripadvisor.com/media/photo-s/17/19/33/80/agnus-luxury-villa.jpg\"'),(345,17,'\"https://media-cdn.tripadvisor.com/media/photo-f/14/d7/d8/36/agnus-rumassala.jpg\"'),(346,17,'\"https://media-cdn.tripadvisor.com/media/photo-s/14/d7/cf/c3/agnus-rumassala.jpg\"'),(347,17,'\"https://media-cdn.tripadvisor.com/media/photo-f/16/ba/d9/8b/agnus-luxury-villa.jpg\"'),(348,17,'\"https://media-cdn.tripadvisor.com/media/photo-f/1c/56/e4/a6/view-from-our-rooftop.jpg\"'),(349,18,'\"https://media-cdn.tripadvisor.com/media/photo-f/1b/5d/e1/ab/the-stunning-fox-kandy.jpg\"'),(350,18,'\"https://media-cdn.tripadvisor.com/media/photo-f/1b/5d/e1/92/fox-kandy-by-fox-resorts.jpg\"'),(351,18,'\"https://media-cdn.tripadvisor.com/media/photo-f/1b/5d/e1/90/poolside-drinks-at-fox.jpg\"'),(352,18,'\"https://media-cdn.tripadvisor.com/media/photo-f/1b/5d/e1/8f/twin-rooms-at-fox-kandy.jpg\"'),(353,18,'\"https://media-cdn.tripadvisor.com/media/photo-f/1b/5d/e1/8e/a-deck-with-a-view-at.jpg\"'),(354,18,'\"https://media-cdn.tripadvisor.com/media/photo-f/1b/5d/e1/8d/twilight-is-our-favourite.jpg\"'),(355,18,'\"https://media-cdn.tripadvisor.com/media/photo-f/1b/5d/e1/8b/thoughtful-and-stylish.jpg\"'),(356,18,'\"https://media-cdn.tripadvisor.com/media/photo-f/1b/5d/e1/8a/misty-mornings-by-the.jpg\"'),(357,18,'\"https://media-cdn.tripadvisor.com/media/photo-f/1b/5d/e1/89/the-lavish-suite-at-fox.jpg\"'),(358,18,'\"https://media-cdn.tripadvisor.com/media/photo-f/1b/5d/e1/88/the-pool-at-fox-kandy.jpg\"'),(359,18,'\"https://media-cdn.tripadvisor.com/media/photo-f/1b/5d/e1/86/every-room-at-fox-kandy.jpg\"'),(360,18,'\"https://media-cdn.tripadvisor.com/media/photo-f/1b/5d/e1/84/every-room-at-fox-kandy.jpg\"'),(361,18,'\"https://media-cdn.tripadvisor.com/media/photo-f/1b/5d/e1/83/misty-mornings-by-the.jpg\"'),(362,18,'\"https://media-cdn.tripadvisor.com/media/photo-f/1b/5d/e1/82/stylishly-furnished-superior.jpg\"'),(363,18,'\"https://media-cdn.tripadvisor.com/media/photo-f/1b/5d/e1/81/the-beautiful-twin-rooms.jpg\"'),(364,18,'\"https://media-cdn.tripadvisor.com/media/photo-f/1b/5d/e1/80/the-suite-at-fox-kandy.jpg\"'),(365,18,'\"https://media-cdn.tripadvisor.com/media/photo-f/1b/5d/e1/7f/superior-rooms-at-fox.jpg\"'),(366,18,'\"https://media-cdn.tripadvisor.com/media/photo-f/1b/5d/e1/7e/a-unique-collection-of.jpg\"'),(367,18,'\"https://media-cdn.tripadvisor.com/media/photo-f/1b/5d/e1/7d/the-bar-at-fox-kandy.jpg\"'),(368,18,'\"https://media-cdn.tripadvisor.com/media/photo-f/1b/5d/e1/7c/entrance-at-fox-kandy.jpg\"'),(369,18,'\"https://media-cdn.tripadvisor.com/media/photo-s/1b/5d/e1/7b/the-reception-at-fox.jpg\"'),(370,18,'\"https://media-cdn.tripadvisor.com/media/photo-f/1b/5d/e1/7a/tropical-design-elements.jpg\"'),(371,18,'\"https://media-cdn.tripadvisor.com/media/photo-f/1b/5d/e1/31/sometimes-it-s-the-simplest.jpg\"'),(372,18,'\"https://media-cdn.tripadvisor.com/media/photo-f/1b/5d/e1/30/stylishly-yours-at-fox.jpg\"'),(373,19,'\"https://media-cdn.tripadvisor.com/media/photo-f/0d/3d/3c/31/pool.jpg\"'),(374,19,'\"https://media-cdn.tripadvisor.com/media/photo-f/03/c7/a7/31/seyara-holiday-resort.jpg\"'),(375,19,'\"https://media-cdn.tripadvisor.com/media/photo-f/0a/78/6b/1e/seyara-holiday-resort.jpg\"'),(376,19,'\"https://media-cdn.tripadvisor.com/media/photo-f/0d/39/16/55/pool.jpg\"'),(377,19,'\"https://media-cdn.tripadvisor.com/media/photo-f/0d/3d/37/d0/room.jpg\"'),(378,19,'\"https://media-cdn.tripadvisor.com/media/photo-f/0d/3d/39/c4/seyara-holiday-resort.jpg\"'),(379,19,'\"https://media-cdn.tripadvisor.com/media/photo-f/0d/3d/38/03/room.jpg\"'),(380,19,'\"https://media-cdn.tripadvisor.com/media/photo-f/0d/3d/3b/0d/seyara-holiday-resort.jpg\"'),(381,19,'\"https://media-cdn.tripadvisor.com/media/photo-f/0a/78/6b/1f/seyara-holiday-resort.jpg\"'),(382,19,'\"https://media-cdn.tripadvisor.com/media/photo-f/0d/3d/37/f4/room.jpg\"'),(383,19,'\"https://media-cdn.tripadvisor.com/media/photo-s/0d/3d/38/69/seyara-holiday-resort.jpg\"'),(384,19,'\"https://media-cdn.tripadvisor.com/media/photo-f/0a/78/6b/22/seyara-holiday-resort.jpg\"'),(385,19,'\"https://media-cdn.tripadvisor.com/media/photo-f/0e/88/f8/d3/photo5jpg.jpg\"'),(386,19,'\"https://media-cdn.tripadvisor.com/media/photo-f/03/c7/93/fe/seyara-holiday-resort.jpg\"'),(387,19,'\"https://media-cdn.tripadvisor.com/media/photo-f/03/c7/93/fd/seyara-holiday-resort.jpg\"'),(388,19,'\"https://media-cdn.tripadvisor.com/media/photo-s/03/c7/93/fb/seyara-holiday-resort.jpg\"'),(389,19,'\"https://media-cdn.tripadvisor.com/media/photo-s/16/73/1b/53/seyara-holiday-resort.jpg\"'),(390,19,'\"https://media-cdn.tripadvisor.com/media/photo-f/16/21/a1/cc/seyara-holiday-resort.jpg\"'),(391,19,'\"https://media-cdn.tripadvisor.com/media/photo-f/12/8a/40/25/seyara-holiday-resort.jpg\"'),(392,19,'\"https://media-cdn.tripadvisor.com/media/photo-f/12/d6/3a/97/entre.jpg\"'),(393,19,'\"https://media-cdn.tripadvisor.com/media/photo-f/11/6f/bb/56/seyara-holiday-resort.jpg\"'),(394,19,'\"https://media-cdn.tripadvisor.com/media/photo-f/0b/02/11/7e/seyara-holiday-resort.jpg\"'),(395,19,'\"https://media-cdn.tripadvisor.com/media/photo-f/12/d6/3a/26/tvabaddsrum.jpg\"'),(396,19,'\"https://media-cdn.tripadvisor.com/media/photo-f/04/3a/7c/4a/seyara-holiday-resort.jpg\"'),(397,20,'\"https://media-cdn.tripadvisor.com/media/photo-f/13/8e/4a/58/entrance.jpg\"'),(398,20,'\"https://media-cdn.tripadvisor.com/media/photo-f/13/4a/0a/9b/restaurant.jpg\"'),(399,20,'\"https://media-cdn.tripadvisor.com/media/photo-f/13/4a/0f/ec/deluxe-room.jpg\"'),(400,20,'\"https://media-cdn.tripadvisor.com/media/photo-f/13/48/e6/b2/oakray-summerhill-breeze.jpg\"'),(401,20,'\"https://media-cdn.tripadvisor.com/media/photo-f/13/4a/0e/8a/deluxe-room.jpg\"'),(402,20,'\"https://media-cdn.tripadvisor.com/media/photo-f/13/4a/15/a5/deluxe-triple-room.jpg\"'),(403,20,'\"https://media-cdn.tripadvisor.com/media/photo-f/13/4a/16/f0/deluxe-triple-room.jpg\"'),(404,20,'\"https://media-cdn.tripadvisor.com/media/photo-f/13/4a/11/7a/deluxe-room.jpg\"'),(405,20,'\"https://media-cdn.tripadvisor.com/media/photo-f/13/4a/16/da/deluxe-triple-room.jpg\"'),(406,20,'\"https://media-cdn.tripadvisor.com/media/photo-f/13/4a/0e/bb/deluxe-room.jpg\"'),(407,20,'\"https://media-cdn.tripadvisor.com/media/photo-f/13/4a/0d/9e/deluxe-room.jpg\"'),(408,20,'\"https://media-cdn.tripadvisor.com/media/photo-f/13/4a/0a/09/oakray-summerhill-breeze.jpg\"'),(409,20,'\"https://media-cdn.tripadvisor.com/media/photo-f/13/4a/0a/58/restaurant.jpg\"'),(410,20,'\"https://media-cdn.tripadvisor.com/media/photo-f/13/4a/0f/34/deluxe-room.jpg\"'),(411,20,'\"https://media-cdn.tripadvisor.com/media/photo-f/13/48/ef/8a/oakray-summerhill-breeze.jpg\"'),(412,20,'\"https://media-cdn.tripadvisor.com/media/photo-f/13/4a/09/d2/oakray-summerhill-breeze.jpg\"'),(413,20,'\"https://media-cdn.tripadvisor.com/media/photo-f/13/4a/16/0f/deluxe-triple-room.jpg\"'),(414,20,'\"https://media-cdn.tripadvisor.com/media/photo-f/13/4a/0a/21/oakray-summerhill-breeze.jpg\"'),(415,20,'\"https://media-cdn.tripadvisor.com/media/photo-f/13/4a/0a/37/oakray-summerhill-breeze.jpg\"'),(416,20,'\"https://media-cdn.tripadvisor.com/media/photo-f/13/48/e8/88/oakray-summerhill-breeze.jpg\"'),(417,20,'\"https://media-cdn.tripadvisor.com/media/photo-f/13/4a/10/3b/deluxe-room.jpg\"'),(418,20,'\"https://media-cdn.tripadvisor.com/media/photo-f/13/4a/16/51/deluxe-triple-room.jpg\"'),(419,20,'\"https://media-cdn.tripadvisor.com/media/photo-f/13/48/f2/b1/oakray-summerhill-breeze.jpg\"'),(420,20,'\"https://media-cdn.tripadvisor.com/media/photo-f/13/48/ee/9b/oakray-summerhill-breeze.jpg\"');
/*!40000 ALTER TABLE `hotel_image` ENABLE KEYS */;
UNLOCK TABLES;

--
-- Table structure for table `resource_type`
--

DROP TABLE IF EXISTS `resource_type`;
/*!40101 SET @saved_cs_client     = @@character_set_client */;
/*!50503 SET character_set_client = utf8mb4 */;
CREATE TABLE `resource_type` (
  `id` int NOT NULL AUTO_INCREMENT,
  `type` varchar(100) NOT NULL,
  PRIMARY KEY (`id`)
) ENGINE=InnoDB AUTO_INCREMENT=4 DEFAULT CHARSET=utf8mb3;
/*!40101 SET character_set_client = @saved_cs_client */;

--
-- Dumping data for table `resource_type`
--

LOCK TABLES `resource_type` WRITE;
/*!40000 ALTER TABLE `resource_type` DISABLE KEYS */;
INSERT INTO `resource_type` VALUES (1,'restaurant'),(2,'hotel'),(3,'attraction');
/*!40000 ALTER TABLE `resource_type` ENABLE KEYS */;
UNLOCK TABLES;

--
-- Table structure for table `restaurant`
--

DROP TABLE IF EXISTS `restaurant`;
/*!40101 SET @saved_cs_client     = @@character_set_client */;
/*!50503 SET character_set_client = utf8mb4 */;
CREATE TABLE `restaurant` (
  `id` int NOT NULL AUTO_INCREMENT,
  `city_id` int NOT NULL,
  `restaurant_name` varchar(1000) NOT NULL,
  `restaurant_review_count` varchar(1000) NOT NULL,
  `restaurant_address` varchar(1000) NOT NULL,
  `restaurant_contact` varchar(1000) NOT NULL,
  `restaurant_email` varchar(1000) NOT NULL,
  `restaurant_description` varchar(10000) NOT NULL,
  `restaurant_website` varchar(1000) NOT NULL,
  `restaurant_price_range` varchar(1000) NOT NULL,
  `restaurant_geocode_lan` varchar(1000) NOT NULL,
  `restaurant_geocode_lon` varchar(1000) NOT NULL,
  `source` varchar(1000) DEFAULT NULL,
  PRIMARY KEY (`id`),
  KEY `FK_CITY_ID_RESTAURANT` (`city_id`),
  CONSTRAINT `FK_CITY_ID_RESTAURANT` FOREIGN KEY (`city_id`) REFERENCES `city` (`id`)
) ENGINE=InnoDB AUTO_INCREMENT=6 DEFAULT CHARSET=utf8mb3;
/*!40101 SET character_set_client = @saved_cs_client */;

--
-- Dumping data for table `restaurant`
--

LOCK TABLES `restaurant` WRITE;
/*!40000 ALTER TABLE `restaurant` DISABLE KEYS */;
INSERT INTO `restaurant` VALUES (1,1,'Kings','0','292, Pottuvil Road,, Akkaraipattu 32400 Sri Lanka','+94 67 2 052787','mailto:info@kingsasiachef.com?subject=?','We have just change the name to create brand awareness from KINGS Asia Chef to KINGS, but the company name is Asia Chef (Pvt) Ltd. We are more than 8 years old, serving multi cuisines; specializing in Asian varieties with some western dishes. The environment is very clean with nature and trees are part of it. Its place to relax & have food and have food & relax; really, \"WHERE COOL PEOPLE MEET\". Courteous and service-minded staff always waiting to serve better. Our motto is \'TO SERVE YOU BETTER\'. We got the capacity to serve more than 300 peoples at a time with short notice. Open everyday 24X7 from 09:00 to 23:00 but serve LUNCH & DINNER, also, serve breakfast with prior request one day in advance. Located in A4 highway; on the route to Arugambay you can just drop in at least to use our facility such as restrooms. we have just launched a campaign called \'TO SERVE YOU BETTER\' to improve our service for customers.','http://business.facebook.com/kingsakkaraipattu','-','7.214608','81.855247','https://www.tripadvisor.com//Restaurant_Review-g15244215-d10733493-Reviews-Kings-Akkaraipattu_Eastern_Province.html'),(2,3,'Sneppercorner','0','154, tri star Road, Arugambay, Ampara 32500 Sri Lanka','+94 76 548 0875','mailto:snappercornerabay@gmail.com?subject=?','-','-','LKR 300 - LKR 1,800','-','-','https://www.tripadvisor.com//Restaurant_Review-g1815618-d17336235-Reviews-Sneppercorner-Ampara_Eastern_Province.html'),(5,3,'Terrel\'s Chinese Restaurant','5','153 Stores Road, Ampara 32000 Sri Lanka','+94 63 2 222215','_','-','-','-','-','-','https://www.tripadvisor.com//Restaurant_Review-g1815618-d8089542-Reviews-Terrel_s_Chinese_Restaurant-Ampara_Eastern_Province.html');
/*!40000 ALTER TABLE `restaurant` ENABLE KEYS */;
UNLOCK TABLES;

--
-- Table structure for table `restaurant_feature`
--

DROP TABLE IF EXISTS `restaurant_feature`;
/*!40101 SET @saved_cs_client     = @@character_set_client */;
/*!50503 SET character_set_client = utf8mb4 */;
CREATE TABLE `restaurant_feature` (
  `id` int NOT NULL AUTO_INCREMENT,
  `restaurant_id` int NOT NULL,
  `feature_type` varchar(1000) NOT NULL,
  PRIMARY KEY (`id`),
  KEY `FK_RESTAURANT_ID_FEATURE` (`restaurant_id`),
  CONSTRAINT `FK_RESTAURANT_ID_FEATURE` FOREIGN KEY (`restaurant_id`) REFERENCES `restaurant` (`id`)
) ENGINE=InnoDB AUTO_INCREMENT=12 DEFAULT CHARSET=utf8mb3;
/*!40101 SET character_set_client = @saved_cs_client */;

--
-- Dumping data for table `restaurant_feature`
--

LOCK TABLES `restaurant_feature` WRITE;
/*!40000 ALTER TABLE `restaurant_feature` DISABLE KEYS */;
INSERT INTO `restaurant_feature` VALUES (1,1,'Chinese, Indian, Asian, Malaysian, Arabic'),(2,1,'Lunch, Dinner'),(3,1,'Delivery, Takeout, Reservations, Outdoor Seating, Private Dining, Seating, Parking Available, Street Parking, Free off-street parking, Wheelchair Accessible, Accepts Credit Cards'),(10,5,'Italian, Chinese, British'),(11,5,'Lunch, Dinner');
/*!40000 ALTER TABLE `restaurant_feature` ENABLE KEYS */;
UNLOCK TABLES;

--
-- Table structure for table `restaurant_image`
--

DROP TABLE IF EXISTS `restaurant_image`;
/*!40101 SET @saved_cs_client     = @@character_set_client */;
/*!50503 SET character_set_client = utf8mb4 */;
CREATE TABLE `restaurant_image` (
  `id` int NOT NULL AUTO_INCREMENT,
  `restaurant_id` int NOT NULL,
  `image` varchar(10000) NOT NULL,
  PRIMARY KEY (`id`),
  KEY `restaurant_id` (`restaurant_id`),
  CONSTRAINT `FK_restaurant_id` FOREIGN KEY (`restaurant_id`) REFERENCES `restaurant` (`id`)
) ENGINE=InnoDB AUTO_INCREMENT=46 DEFAULT CHARSET=utf8mb3;
/*!40101 SET character_set_client = @saved_cs_client */;

--
-- Dumping data for table `restaurant_image`
--

LOCK TABLES `restaurant_image` WRITE;
/*!40000 ALTER TABLE `restaurant_image` DISABLE KEYS */;
INSERT INTO `restaurant_image` VALUES (1,1,'https://media-cdn.tripadvisor.com/media/photo-s/1b/85/1a/12/logo.jpg'),(2,1,'https://media-cdn.tripadvisor.com/media/photo-s/15/89/61/af/manchow-soup-is-an-indo.jpg'),(3,1,'https://media-cdn.tripadvisor.com/media/photo-s/15/89/61/9e/chicken-bbq-seved-with.jpg'),(4,1,'https://media-cdn.tripadvisor.com/media/photo-s/15/89/61/d9/grilled-chicken-with.jpg'),(5,1,'https://media-cdn.tripadvisor.com/media/photo-s/15/89/61/95/chicken-lolipop-from.jpg'),(6,1,'https://media-cdn.tripadvisor.com/media/photo-s/18/e7/69/87/grilled-fish-combo.jpg'),(7,1,'https://media-cdn.tripadvisor.com/media/photo-s/18/e7/65/85/maly-tikka-noth-indian.jpg'),(8,1,'https://media-cdn.tripadvisor.com/media/photo-s/1c/64/6d/5d/together-we-can-live.jpg'),(9,1,'https://media-cdn.tripadvisor.com/media/photo-s/18/e7/65/28/malaysia.jpg'),(10,1,'https://media-cdn.tripadvisor.com/media/photo-s/1b/3e/37/7d/now-due-to-corona-virus.jpg'),(11,1,'https://media-cdn.tripadvisor.com/media/photo-s/18/7c/c6/fd/updated-indian-new-menu.jpg'),(12,1,'https://media-cdn.tripadvisor.com/media/photo-s/15/89/62/27/nasi-goreng-meaning-fried.jpg'),(13,1,'https://media-cdn.tripadvisor.com/media/photo-s/18/7c/c6/0a/our-uodated-new-chinese.jpg'),(14,1,'https://media-cdn.tripadvisor.com/media/photo-s/1b/3e/38/ea/logo-of-the-restaurant.jpg'),(15,1,'https://media-cdn.tripadvisor.com/media/photo-s/1b/3e/38/d7/delivery.jpg');
/*!40000 ALTER TABLE `restaurant_image` ENABLE KEYS */;
UNLOCK TABLES;

--
-- Table structure for table `scraped_attraction_log`
--

DROP TABLE IF EXISTS `scraped_attraction_log`;
/*!40101 SET @saved_cs_client     = @@character_set_client */;
/*!50503 SET character_set_client = utf8mb4 */;
CREATE TABLE `scraped_attraction_log` (
  `id` int NOT NULL AUTO_INCREMENT,
  `city_id` int NOT NULL,
  `no_of_attractions_scraped` varchar(1000) NOT NULL,
  PRIMARY KEY (`id`),
  KEY `FK_ATTRACTION_ID_LOG` (`city_id`),
  CONSTRAINT `FK_CITY_ID_LOG_ATTRACTION` FOREIGN KEY (`city_id`) REFERENCES `city` (`id`)
) ENGINE=InnoDB DEFAULT CHARSET=utf8mb3;
/*!40101 SET character_set_client = @saved_cs_client */;

--
-- Dumping data for table `scraped_attraction_log`
--

LOCK TABLES `scraped_attraction_log` WRITE;
/*!40000 ALTER TABLE `scraped_attraction_log` DISABLE KEYS */;
/*!40000 ALTER TABLE `scraped_attraction_log` ENABLE KEYS */;
UNLOCK TABLES;

--
-- Table structure for table `scraped_hotel_log`
--

DROP TABLE IF EXISTS `scraped_hotel_log`;
/*!40101 SET @saved_cs_client     = @@character_set_client */;
/*!50503 SET character_set_client = utf8mb4 */;
CREATE TABLE `scraped_hotel_log` (
  `id` int NOT NULL AUTO_INCREMENT,
  `city_id` int NOT NULL,
  `no_of_hotels_scraped` varchar(1000) NOT NULL,
  PRIMARY KEY (`id`),
  KEY `FK_CITY_ID_LOG` (`city_id`),
  CONSTRAINT `FK_CITY_ID_LOG` FOREIGN KEY (`city_id`) REFERENCES `city` (`id`)
) ENGINE=InnoDB DEFAULT CHARSET=utf8mb3;
/*!40101 SET character_set_client = @saved_cs_client */;

--
-- Dumping data for table `scraped_hotel_log`
--

LOCK TABLES `scraped_hotel_log` WRITE;
/*!40000 ALTER TABLE `scraped_hotel_log` DISABLE KEYS */;
/*!40000 ALTER TABLE `scraped_hotel_log` ENABLE KEYS */;
UNLOCK TABLES;

--
-- Table structure for table `scraped_restaurants_log`
--

DROP TABLE IF EXISTS `scraped_restaurants_log`;
/*!40101 SET @saved_cs_client     = @@character_set_client */;
/*!50503 SET character_set_client = utf8mb4 */;
CREATE TABLE `scraped_restaurants_log` (
  `id` int NOT NULL AUTO_INCREMENT,
  `city_id` int NOT NULL,
  `no_of_restaurants_scraped` varchar(1000) NOT NULL,
  PRIMARY KEY (`id`),
  KEY `FK_CITY_ID_LOG_RESTAURANT` (`city_id`),
  CONSTRAINT `FK_CITY_ID_LOG_RESTAURANT` FOREIGN KEY (`city_id`) REFERENCES `city` (`id`)
) ENGINE=InnoDB AUTO_INCREMENT=9 DEFAULT CHARSET=utf8mb3;
/*!40101 SET character_set_client = @saved_cs_client */;

--
-- Dumping data for table `scraped_restaurants_log`
--

LOCK TABLES `scraped_restaurants_log` WRITE;
/*!40000 ALTER TABLE `scraped_restaurants_log` DISABLE KEYS */;
INSERT INTO `scraped_restaurants_log` VALUES (1,1,'1'),(2,3,'2'),(3,1,'1'),(4,3,'2'),(5,1,'1'),(6,3,'2'),(7,1,'1'),(8,3,'2');
/*!40000 ALTER TABLE `scraped_restaurants_log` ENABLE KEYS */;
UNLOCK TABLES;

--
-- Table structure for table `url_log`
--

DROP TABLE IF EXISTS `url_log`;
/*!40101 SET @saved_cs_client     = @@character_set_client */;
/*!50503 SET character_set_client = utf8mb4 */;
CREATE TABLE `url_log` (
  `id` int NOT NULL AUTO_INCREMENT,
  `type_id` int NOT NULL,
  `url` varchar(10000) NOT NULL,
  PRIMARY KEY (`id`),
  KEY `url_log_FK` (`type_id`),
  CONSTRAINT `url_log_FK` FOREIGN KEY (`type_id`) REFERENCES `resource_type` (`id`)
) ENGINE=InnoDB AUTO_INCREMENT=391 DEFAULT CHARSET=utf8mb3;
/*!40101 SET character_set_client = @saved_cs_client */;

--
-- Dumping data for table `url_log`
--

LOCK TABLES `url_log` WRITE;
/*!40000 ALTER TABLE `url_log` DISABLE KEYS */;
INSERT INTO `url_log` VALUES (1,3,'https://www.tripadvisor.com//Attraction_Review-g293962-d552525-Reviews-Gangaramaya_Vihara_Buddhist_Temple-Colombo_Western_Province.html'),(2,3,'https://www.tripadvisor.com//Attraction_Review-g304138-d317476-Reviews-Temple_of_the_Sacred_Tooth_Relic-Kandy_Kandy_District_Central_Province.html'),(3,3,'https://www.tripadvisor.com//Attraction_Review-g297897-d10038168-Reviews-Main_Fish_Market-Negombo_Western_Province.html'),(4,3,'https://www.tripadvisor.com//Attraction_Review-g297896-d3617497-Reviews-Galle_Fort-Galle_Galle_District_Southern_Province.html'),(5,3,'https://www.tripadvisor.com//Attraction_Review-g616035-d2478367-Reviews-Little_Adam_s_Peak-Ella_Uva_Province.html'),(6,3,'https://www.tripadvisor.com//Attraction_Review-g608524-d2486502-Reviews-Horton_Plains_National_Park-Nuwara_Eliya_Central_Province.html'),(7,3,'https://www.tripadvisor.com//Attraction_Review-g297897-d13965940-Reviews-Negombo_Lagoon-Negombo_Western_Province.html'),(8,3,'https://www.tripadvisor.com//Attraction_Review-g1407334-d6104104-Reviews-Mirissa_Beach-Mirissa_Southern_Province.html'),(9,3,'https://www.tripadvisor.com//Attraction_Review-g293962-d4689644-Reviews-Kelaniya_Raja_Maha_Vihara-Colombo_Western_Province.html'),(10,3,'https://www.tripadvisor.com//Attraction_Review-g304134-d7034305-Reviews-Hikkaduwa_Beach-Hikkaduwa_Galle_District_Southern_Province.html'),(11,3,'https://www.tripadvisor.com//Attraction_Review-g297897-d2236748-Reviews-Muthurajawela_Marsh-Negombo_Western_Province.html'),(12,3,'https://www.tripadvisor.com//Attraction_Review-g297897-d3388871-Reviews-St_Mary_s_Church-Negombo_Western_Province.html'),(13,3,'https://www.tripadvisor.com//Attraction_Review-g297897-d1655656-Reviews-Negombo_Beach-Negombo_Western_Province.html'),(14,3,'https://www.tripadvisor.com//Attraction_Review-g293962-d554029-Reviews-Mount_Lavinia_Beach-Colombo_Western_Province.html'),(15,3,'https://www.tripadvisor.com//Attraction_Review-g297897-d552524-Reviews-Negombo_Fish_Market-Negombo_Western_Province.html'),(16,3,'https://www.tripadvisor.com//Attraction_Review-g293962-d447450-Reviews-Colombo_National_Museum-Colombo_Western_Province.html'),(17,3,'https://www.tripadvisor.com//Attraction_Review-g297895-d7029063-Reviews-Bentota_Beach-Bentota_Galle_District_Southern_Province.html'),(18,3,'https://www.tripadvisor.com//Attraction_Review-g304141-d4782530-Reviews-Sigiriya_The_Ancient_Rock_Fortress-Sigiriya_Central_Province.html'),(19,3,'https://www.tripadvisor.com//Attraction_Review-g644047-d6848583-Reviews-Japanese_Peace_Pagoda-Unawatuna_Galle_District_Southern_Province.html'),(20,3,'https://www.tripadvisor.com//Attraction_Review-g297897-d3388894-Reviews-Dutch_Canal-Negombo_Western_Province.html'),(21,3,'https://www.tripadvisor.com//Attraction_Review-g297897-d12688157-Reviews-St_Sebastian_s_Church-Negombo_Western_Province.html'),(22,3,'https://www.tripadvisor.com//Attraction_Review-g13921285-d2531096-Reviews-Knuckles_Mountain_Range-Etanwela_Central_Province.html'),(23,3,'https://www.tripadvisor.com//Attraction_Review-g304141-d3220900-Reviews-Pidurangala_Rock-Sigiriya_Central_Province.html'),(24,3,'https://www.tripadvisor.com//Attraction_Review-g293962-d6106425-Reviews-Viharamahadevi_Park-Colombo_Western_Province.html'),(25,3,'https://www.tripadvisor.com//Attraction_Review-g297897-d4591029-Reviews-Angurukaramulla_Temple-Negombo_Western_Province.html'),(26,3,'https://www.tripadvisor.com//Attraction_Review-g304142-d2012330-Reviews-Mulgirigala_Raja_Maha_Vihara-Tangalle_Southern_Province.html'),(27,3,'https://www.tripadvisor.com//Attraction_Review-g304138-d2534649-Reviews-Udawattekele_Sanctuary-Kandy_Kandy_District_Central_Province.html'),(28,3,'https://www.tripadvisor.com//Attraction_Review-g424963-d3477576-Reviews-Koneswaram_Temple-Trincomalee_Eastern_Province.html'),(29,3,'https://www.tripadvisor.com//Attraction_Review-g293962-d4091812-Reviews-Jami_Ul_Alfar_Mosque-Colombo_Western_Province.html'),(30,3,'https://www.tripadvisor.com//Attraction_Review-g1865780-d3581581-Reviews-Euphoria_Spice_and_Herbal-Matale_Central_Province.html'),(31,3,'https://www.tripadvisor.com//Attraction_Review-g304138-d2256431-Reviews-Bahiravokanda_Vihara_Buddha_Statue-Kandy_Kandy_District_Central_Province.html'),(32,3,'https://www.tripadvisor.com//Attraction_Review-g1534660-d4090241-Reviews-Tea_Plantation_Workers_Museum_and_Archive-Gampola_Kandy_District_Central_Provinc.html'),(33,3,'https://www.tripadvisor.com//Attraction_Review-g304132-d2056216-Reviews-Mihintale-Anuradhapura_North_Central_Province.html'),(34,3,'https://www.tripadvisor.com//Attraction_Review-g304135-d551304-Reviews-Nallur_Kovil-Jaffna_Northern_Province.html'),(35,3,'https://www.tripadvisor.com//Attraction_Review-g304138-d6199472-Reviews-Kandy_View_Point-Kandy_Kandy_District_Central_Province.html'),(36,3,'https://www.tripadvisor.com//Attraction_Review-g293962-d3519240-Reviews-Independence_Square-Colombo_Western_Province.html'),(37,3,'https://www.tripadvisor.com//Attraction_Review-g616035-d4137010-Reviews-Nine_Arches_Bridge-Ella_Uva_Province.html'),(38,3,'https://www.tripadvisor.com//Attraction_Review-g23719828-d447525-Reviews-Sinharaja_Forest_Reserve-Viharahena_Southern_Province.html'),(39,3,'https://www.tripadvisor.com//Attraction_Review-g304138-d1972447-Reviews-Kandy_Garrison_Cemetery-Kandy_Kandy_District_Central_Province.html'),(40,3,'https://www.tripadvisor.com//Attraction_Review-g293962-d2459884-Reviews-Dutch_Hospital_Shopping_Precinct-Colombo_Western_Province.html'),(41,3,'https://www.tripadvisor.com//Attraction_Review-g293962-d3195710-Reviews-Galle_Face_Green-Colombo_Western_Province.html'),(42,3,'https://www.tripadvisor.com//Attraction_Review-g304133-d2137226-Reviews-Golden_Temple_of_Dambulla-Dambulla_Central_Province.html'),(43,3,'https://www.tripadvisor.com//Attraction_Review-g304138-d4108206-Reviews-Lankatilaka_Temple-Kandy_Kandy_District_Central_Province.html'),(44,3,'https://www.tripadvisor.com//Attraction_Review-g674587-d447524-Reviews-Udawalawe_National_Park-Udawalawe_National_Park.html'),(45,3,'https://www.tripadvisor.com//Attraction_Review-g1407334-d17469090-Reviews-Coconut_Tree_Hill-Mirissa_Southern_Province.html'),(46,3,'https://www.tripadvisor.com//Attraction_Review-g297897-d8090853-Reviews-St_Anne_s_Church-Negombo_Western_Province.html'),(47,3,'https://www.tripadvisor.com//Attraction_Review-g946553-d3906343-Reviews-Snake_Farm-Matara_Southern_Province.html'),(48,3,'https://www.tripadvisor.com//Attraction_Review-g293962-d3948711-Reviews-St_Anthony_s_Shrine-Colombo_Western_Province.html'),(49,3,'https://www.tripadvisor.com//Attraction_Review-g612380-d13335957-Reviews-Weligama_Beach-Weligama_Matara_Southern_Province.html'),(50,3,'https://www.tripadvisor.com//Attraction_Review-g304138-d3136530-Reviews-Ceylon_Tea_Museum-Kandy_Kandy_District_Central_Province.html'),(51,3,'https://www.tripadvisor.com//Attraction_Review-g644047-d5783550-Reviews-Mihiripenna_Beach-Unawatuna_Galle_District_Southern_Province.html'),(52,3,'https://www.tripadvisor.com//Attraction_Review-g946553-d3137943-Reviews-Polhena_Beach-Matara_Southern_Province.html'),(53,3,'https://www.tripadvisor.com//Attraction_Review-g304138-d2256393-Reviews-Kandy_Lake-Kandy_Kandy_District_Central_Province.html'),(54,3,'https://www.tripadvisor.com//Attraction_Review-g304134-d8614149-Reviews-Community_Tsunami_Museum-Hikkaduwa_Galle_District_Southern_Province.html'),(55,3,'https://www.tripadvisor.com//Attraction_Review-g616035-d2703056-Reviews-Ella_Rock-Ella_Uva_Province.html'),(56,3,'https://www.tripadvisor.com//Attraction_Review-g297896-d11592370-Reviews-Sea_Turtle_Farm_Galle_Mahamodara-Galle_Galle_District_Southern_Province.html'),(57,3,'https://www.tripadvisor.com//Attraction_Review-g304134-d3183957-Reviews-Turtle_Hatchery_Hikkaduwa-Hikkaduwa_Galle_District_Southern_Province.html'),(58,3,'https://www.tripadvisor.com//Attraction_Review-g665220-d2357646-Reviews-Kaudulla_National_Park-Habarana_North_Central_Province.html'),(59,3,'https://www.tripadvisor.com//Attraction_Review-g293962-d5970248-Reviews-Number_11-Colombo_Western_Province.html'),(60,3,'https://www.tripadvisor.com//Attraction_Review-g297896-d483650-Reviews-Old_Town_of_Galle_and_its_Fortifications-Galle_Galle_District_Southern_Province.html'),(61,3,'https://www.tripadvisor.com//Attraction_Review-g293962-d4559565-Reviews-Temple_of_Sri_Kailawasanathan_Swami_Devasthanam_Kovil-Colombo_Western_Province.html'),(62,3,'https://www.tripadvisor.com//Attraction_Review-g304139-d647515-Reviews-Pinnawala_Elephant_Orphanage-Pinnawala_Sabaragamuwa_Province.html'),(63,3,'https://www.tripadvisor.com//Attraction_Review-g293962-d7056001-Reviews-Asokaramaya_Buddhist_Temple-Colombo_Western_Province.html'),(64,3,'https://www.tripadvisor.com//Attraction_Review-g644047-d3331573-Reviews-Jungle_Beach-Unawatuna_Galle_District_Southern_Province.html'),(65,3,'https://www.tripadvisor.com//Attraction_Review-g304136-d6023934-Reviews-Kalutara_Bodhiya-Kalutara_Western_Province.html'),(66,3,'https://www.tripadvisor.com//Attraction_Review-g946553-d8504701-Reviews-Hiriketiya_Beach-Matara_Southern_Province.html'),(67,3,'https://www.tripadvisor.com//Attraction_Review-g1102395-d7745474-Reviews-Tissa_Wewa-Tissamaharama_Southern_Province.html'),(68,3,'https://www.tripadvisor.com//Attraction_Review-g297897-d16853247-Reviews-Sri_Singama_Kali_Amman_Kovil-Negombo_Western_Province.html'),(69,3,'https://www.tripadvisor.com//Attraction_Review-g304140-d1953743-Reviews-Polonnaruwa-Polonnaruwa_North_Central_Province.html'),(70,3,'https://www.tripadvisor.com//Attraction_Review-g3814834-d6957436-Reviews-Seethawaka_Wet_Zone_Botanic_Gardens-Avissawella_Western_Province.html'),(71,3,'https://www.tripadvisor.com//Attraction_Review-g293962-d447445-Reviews-Pettah-Colombo_Western_Province.html'),(72,3,'https://www.tripadvisor.com//Attraction_Review-g304138-d3224832-Reviews-New_Ranweli_Spice_Garden-Kandy_Kandy_District_Central_Province.html'),(73,3,'https://www.tripadvisor.com//Attraction_Review-g297897-d15828709-Reviews-Rukmani_Devi_Park-Negombo_Western_Province.html'),(74,3,'https://www.tripadvisor.com//Attraction_Review-g1407334-d19174694-Reviews-Turtle_Point-Mirissa_Southern_Province.html'),(75,3,'https://www.tripadvisor.com//Attraction_Review-g1073495-d3655567-Reviews-Lipton_s_Seat-Haputale_Uva_Province.html'),(76,3,'https://www.tripadvisor.com//Attraction_Review-g304138-d3676172-Reviews-Kandy_War_Cemetery-Kandy_Kandy_District_Central_Province.html'),(77,3,'https://www.tripadvisor.com//Attraction_Review-g1865780-d6676945-Reviews-Sri_Muthumariamman_Temple-Matale_Central_Province.html'),(78,3,'https://www.tripadvisor.com//Attraction_Review-g293962-d3870228-Reviews-Sri_Ponnambalam_Vanesar_Kovil-Colombo_Western_Province.html'),(79,3,'https://www.tripadvisor.com//Attraction_Review-g304134-d5018928-Reviews-Tsunami_Honganji_Vihara-Hikkaduwa_Galle_District_Southern_Province.html'),(80,3,'https://www.tripadvisor.com//Attraction_Review-g665220-d12921436-Reviews-Dambulla_Cave_Temple-Habarana_North_Central_Province.html'),(81,3,'https://www.tripadvisor.com//Attraction_Review-g612380-d7605250-Reviews-Kushta_Raja_Gala-Weligama_Matara_Southern_Province.html'),(82,3,'https://www.tripadvisor.com//Attraction_Review-g3348959-d5995999-Reviews-Kudumbigala_Monastery-Arugam_Bay_Eastern_Province.html'),(83,3,'https://www.tripadvisor.com//Attraction_Review-g612381-d1068029-Reviews-Buduruwagala-Yala_National_Park.html'),(84,3,'https://www.tripadvisor.com//Attraction_Review-g293962-d15218691-Reviews-Colombo_City_Centre-Colombo_Western_Province.html'),(85,3,'https://www.tripadvisor.com//Attraction_Review-g304138-d6547226-Reviews-World_Buddhist_Museum-Kandy_Kandy_District_Central_Province.html'),(86,3,'https://www.tripadvisor.com//Attraction_Review-g297897-d5586462-Reviews-Dutch_Fort-Negombo_Western_Province.html'),(87,3,'https://www.tripadvisor.com//Attraction_Review-g1865780-d6417888-Reviews-Sembuwaththa_Lake-Matale_Central_Province.html'),(88,3,'https://www.tripadvisor.com//Attraction_Review-g1027209-d10229106-Reviews-Ridiyagama_Safari_Park-Hambantota_Tangalle_Southern_Province.html'),(89,3,'https://www.tripadvisor.com//Attraction_Review-g304138-d10020541-Reviews-Esala_Perahera_Festival-Kandy_Kandy_District_Central_Province.html'),(90,3,'https://www.tripadvisor.com//Attraction_Review-g1534660-d14910324-Reviews-Storefield_Tea_Factory-Gampola_Kandy_District_Central_Province.html'),(91,3,'https://www.tripadvisor.com//Attraction_Review-g297897-d13786510-Reviews-Negombo_Water_Park-Negombo_Western_Province.html'),(92,3,'https://www.tripadvisor.com//Attraction_Review-g304138-d10345263-Reviews-Kandy_Tourist_Information_Center-Kandy_Kandy_District_Central_Province.html'),(93,3,'https://www.tripadvisor.com//Attraction_Review-g304134-d10289705-Reviews-Narigama_Beach-Hikkaduwa_Galle_District_Southern_Province.html'),(94,3,'https://www.tripadvisor.com//Attraction_Review-g3348959-d577794-Reviews-Arugam_Bay-Arugam_Bay_Eastern_Province.html'),(95,3,'https://www.tripadvisor.com//Attraction_Review-g293962-d7034994-Reviews-Colombo_Fort_Railway_Station-Colombo_Western_Province.html'),(96,3,'https://www.tripadvisor.com//Attraction_Review-g304138-d3668268-Reviews-Pallekele_International_Cricket_Stadium-Kandy_Kandy_District_Central_Province.html'),(97,3,'https://www.tripadvisor.com//Attraction_Review-g1102395-d3895239-Reviews-Sithulpawwa_Rock_Temple-Tissamaharama_Southern_Province.html'),(98,3,'https://www.tripadvisor.com//Attraction_Review-g293962-d3548025-Reviews-R_Premadasa_Stadium-Colombo_Western_Province.html'),(99,3,'https://www.tripadvisor.com//Attraction_Review-g304138-d3999873-Reviews-Royal_Palace_of_Kandy-Kandy_Kandy_District_Central_Province.html'),(100,3,'https://www.tripadvisor.com//Attraction_Review-g946553-d1652944-Reviews-Weherahena_Buddhist_Temple-Matara_Southern_Province.html'),(101,3,'https://www.tripadvisor.com//Attraction_Review-g297897-d8464650-Reviews-Abhayasekararama_Temple-Negombo_Western_Province.html'),(102,3,'https://www.tripadvisor.com//Attraction_Review-g293962-d2487412-Reviews-Colombo_Fort-Colombo_Western_Province.html'),(103,3,'https://www.tripadvisor.com//Attraction_Review-g1865780-d1579839-Reviews-Aluvihara_Rock_Cave_Temple-Matale_Central_Province.html'),(104,3,'https://www.tripadvisor.com//Attraction_Review-g1407334-d16758813-Reviews-Parrot_Rock_Bridge-Mirissa_Southern_Province.html'),(105,3,'https://www.tripadvisor.com//Attraction_Review-g2424710-d7826949-Reviews-Nilaveli_Beach-Nilaveli_Eastern_Province.html'),(106,3,'https://www.tripadvisor.com//Attraction_Review-g297897-d15096633-Reviews-Morawala_Beach-Negombo_Western_Province.html'),(107,3,'https://www.tripadvisor.com//Attraction_Review-g304136-d3923674-Reviews-Richmond_Castle-Kalutara_Western_Province.html'),(108,3,'https://www.tripadvisor.com//Attraction_Review-g297897-d19444430-Reviews-Aiyappan_Temple-Negombo_Western_Province.html'),(109,3,'https://www.tripadvisor.com//Attraction_Review-g293962-d4325281-Reviews-Good_Market-Colombo_Western_Province.html'),(110,3,'https://www.tripadvisor.com//Attraction_Review-g297895-d10497434-Reviews-Bentota_River-Bentota_Galle_District_Southern_Province.html'),(111,3,'https://www.tripadvisor.com//Attraction_Review-g293962-d6697019-Reviews-Ballys_Casino-Colombo_Western_Province.html'),(112,3,'https://www.tripadvisor.com//Attraction_Review-g293962-d447453-Reviews-National_Zoological_Gardens_of_Sri_Lanka-Colombo_Western_Province.html'),(113,3,'https://www.tripadvisor.com//Attraction_Review-g2562188-d447526-Reviews-Horton_Plains_National_Park-Ohiya_Uva_Province.html'),(114,3,'https://www.tripadvisor.com//Attraction_Review-g644047-d15708228-Reviews-Unawatuna_Beach-Unawatuna_Galle_District_Southern_Province.html'),(115,3,'https://www.tripadvisor.com//Attraction_Review-g1865780-d7610327-Reviews-Riverstone_Gap-Matale_Central_Province.html'),(116,3,'https://www.tripadvisor.com//Attraction_Review-g293962-d2536790-Reviews-Seema_Malakaya_Temple-Colombo_Western_Province.html'),(117,3,'https://www.tripadvisor.com//Attraction_Review-g293962-d8091047-Reviews-Independence_Memorial_Hall-Colombo_Western_Province.html'),(118,3,'https://www.tripadvisor.com//Attraction_Review-g612381-d4262531-Reviews-Okanda_Devalaya-Yala_National_Park.html'),(119,3,'https://www.tripadvisor.com//Attraction_Review-g608524-d1982701-Reviews-Bluefield_Tea_Gardens-Nuwara_Eliya_Central_Province.html'),(120,3,'https://www.tripadvisor.com//Attraction_Review-g297897-d19445223-Reviews-Aiyappan_Temple-Negombo_Western_Province.html'),(121,3,'https://www.tripadvisor.com//Attraction_Review-g612381-d11824393-Reviews-Kebiliththa_Siyambalawa_devalaya-Yala_National_Park.html'),(122,3,'https://www.tripadvisor.com//Attraction_Review-g293962-d15084869-Reviews-Marino_Mall-Colombo_Western_Province.html'),(123,3,'https://www.tripadvisor.com//Attraction_Review-g297897-d4227702-Reviews-Dutch_Clock_Tower-Negombo_Western_Province.html'),(124,3,'https://www.tripadvisor.com//Attraction_Review-g297897-d19444432-Reviews-Shri_Panjamuga_Anjaneyar_Temple-Negombo_Western_Province.html'),(125,3,'https://www.tripadvisor.com//Attraction_Review-g304142-d4068286-Reviews-Goyambokka_Beach_Sriyanga_Sanjeewa-Tangalle_Southern_Province.html'),(126,3,'https://www.tripadvisor.com//Attraction_Review-g297897-d12431745-Reviews-Negombo_Public_Cemetery-Negombo_Western_Province.html'),(127,3,'https://www.tripadvisor.com//Attraction_Review-g304135-d2458521-Reviews-Neduntheevu_Delft_Island-Jaffna_Northern_Province.html'),(128,3,'https://www.tripadvisor.com//Attraction_Review-g424963-d3420218-Reviews-Marble_Beach-Trincomalee_Eastern_Province.html'),(129,3,'https://www.tripadvisor.com//Attraction_Review-g304136-d7009635-Reviews-Kalutara_Beach-Kalutara_Western_Province.html'),(130,3,'https://www.tripadvisor.com//Attraction_Review-g304138-d7001504-Reviews-Alagalla_Mountain_Range-Kandy_Kandy_District_Central_Province.html'),(131,3,'https://www.tripadvisor.com//Attraction_Review-g304140-d3600925-Reviews-Gal_Vihara-Polonnaruwa_North_Central_Province.html'),(132,3,'https://www.tripadvisor.com//Attraction_Review-g674590-d2634000-Reviews-Handunugoda_Tea_Estate-Ahangama_Galle_District_Southern_Province.html'),(133,3,'https://www.tripadvisor.com//Attraction_Review-g2467807-d368124-Reviews-Adam_s_Peak_Sri_pada-Sabaragamuwa_Province.html'),(134,3,'https://www.tripadvisor.com//Attraction_Review-g293962-d19410547-Reviews-One_Galle_Face-Colombo_Western_Province.html'),(135,3,'https://www.tripadvisor.com//Attraction_Review-g2435125-d3510270-Reviews-Mannar_Island-Mannar_Northern_Province.html'),(136,3,'https://www.tripadvisor.com//Attraction_Review-g1189030-d12429078-Reviews-Sea_Turtle_Conservation_Project_Koggala-Koggala_Galle_District_Southern_Provinc.html'),(137,3,'https://www.tripadvisor.com//Attraction_Review-g1987470-d5931827-Reviews-Elephant_Freedom_Project-Kegalle_Sabaragamuwa_Province.html'),(138,3,'https://www.tripadvisor.com//Attraction_Review-g1407334-d19596435-Reviews-Anuradha_Wellness_Spa-Mirissa_Southern_Province.html'),(139,3,'https://www.tripadvisor.com//Attraction_Review-g1189172-d1744882-Reviews-Brief_Garden_Bevis_Bawa-Beruwala_Western_Province.html'),(140,3,'https://www.tripadvisor.com//Attraction_Review-g1027209-d5877603-Reviews-Mirijjawila_Botanic_Gardens-Hambantota_Tangalle_Southern_Province.html'),(141,3,'https://www.tripadvisor.com//Attraction_Review-g304136-d11824207-Reviews-Thudugala_Ella_waterfall-Kalutara_Western_Province.html'),(142,3,'https://www.tripadvisor.com//Attraction_Review-g1865780-d1899660-Reviews-Ranweli_Spice_Garden-Matale_Central_Province.html'),(143,3,'https://www.tripadvisor.com//Attraction_Review-g940979-d8097961-Reviews-Kowilawatta_Temple-Balapitiya_Southern_Province.html'),(144,3,'https://www.tripadvisor.com//Attraction_Review-g940979-d3388891-Reviews-Madu_Ganga_Biodiversity_Area-Balapitiya_Southern_Province.html'),(145,3,'https://www.tripadvisor.com//Attraction_Review-g608524-d2255790-Reviews-Gregory_Lake-Nuwara_Eliya_Central_Province.html'),(146,3,'https://www.tripadvisor.com//Attraction_Review-g1027209-d6903423-Reviews-Dry_Zone_Botanic_Gardens_Hambantota-Hambantota_Tangalle_Southern_Province.html'),(147,3,'https://www.tripadvisor.com//Attraction_Review-g304138-d6199245-Reviews-Hanthana_Mountain_Range-Kandy_Kandy_District_Central_Province.html'),(148,3,'https://www.tripadvisor.com//Attraction_Review-g2424710-d3393891-Reviews-Pigeon_Island_National_Park-Nilaveli_Eastern_Province.html'),(149,3,'https://www.tripadvisor.com//Attraction_Review-g2562188-d3726130-Reviews-Kirigalpoththa_Hike-Ohiya_Uva_Province.html'),(150,3,'https://www.tripadvisor.com//Attraction_Review-g304135-d551306-Reviews-Nagadipa_Purana_Vihara-Jaffna_Northern_Province.html'),(151,3,'https://www.tripadvisor.com//Attraction_Review-g304138-d6353697-Reviews-Ranawana_Purana_Rajamaha_Viharaya-Kandy_Kandy_District_Central_Province.html'),(152,3,'https://www.tripadvisor.com//Attraction_Review-g304136-d3427026-Reviews-Fa_Hien_Caves-Kalutara_Western_Province.html'),(153,3,'https://www.tripadvisor.com//Attraction_Review-g3814834-d12861598-Reviews-Kumari_Ella_Falls-Avissawella_Western_Province.html'),(154,3,'https://www.tripadvisor.com//Attraction_Review-g1407334-d13799739-Reviews-Secret_Beach-Mirissa_Southern_Province.html'),(155,3,'https://www.tripadvisor.com//Attraction_Review-g304142-d10240178-Reviews-Ashram_Sri_Lanka-Tangalle_Southern_Province.html'),(156,3,'https://www.tripadvisor.com//Attraction_Review-g304135-d3628788-Reviews-Jaffna_Market-Jaffna_Northern_Province.html'),(157,3,'https://www.tripadvisor.com//Attraction_Review-g293962-d8641683-Reviews-House_of_Fashion-Colombo_Western_Province.html'),(158,3,'https://www.tripadvisor.com//Attraction_Review-g297895-d1137357-Reviews-Lunuganga_Garden_Tour-Bentota_Galle_District_Southern_Province.html'),(159,3,'https://www.tripadvisor.com//Attraction_Review-g424963-d12676764-Reviews-Sri_Pathrakali_Amman_Temple-Trincomalee_Eastern_Province.html'),(160,3,'https://www.tripadvisor.com//Attraction_Review-g297897-d6899571-Reviews-The_Gallery-Negombo_Western_Province.html'),(161,3,'https://www.tripadvisor.com//Attraction_Review-g304138-d6827637-Reviews-Galmaduwa_temple_kandy-Kandy_Kandy_District_Central_Province.html'),(162,3,'https://www.tripadvisor.com//Attraction_Review-g608521-d8870380-Reviews-Ahungalla_Beach-Ahungalla_Galle_District_Southern_Province.html'),(163,3,'https://www.tripadvisor.com//Attraction_Review-g940979-d2639890-Reviews-Madu_River-Balapitiya_Southern_Province.html'),(164,3,'https://www.tripadvisor.com//Attraction_Review-g293962-d10630689-Reviews-World_Trade_Center-Colombo_Western_Province.html'),(165,3,'https://www.tripadvisor.com//Attraction_Review-g293962-d7155436-Reviews-Beira_Lake-Colombo_Western_Province.html'),(166,3,'https://www.tripadvisor.com//Attraction_Review-g304138-d10536360-Reviews-Embekka_Devalaya-Kandy_Kandy_District_Central_Province.html'),(167,3,'https://www.tripadvisor.com//Attraction_Review-g297897-d19921458-Reviews-Clock_Tower-Negombo_Western_Province.html'),(168,3,'https://www.tripadvisor.com//Attraction_Review-g293962-d6949126-Reviews-Arcade_Independence_Square-Colombo_Western_Province.html'),(169,3,'https://www.tripadvisor.com//Attraction_Review-g304132-d600739-Reviews-Ruwanwelisaya-Anuradhapura_North_Central_Province.html'),(170,3,'https://www.tripadvisor.com//Attraction_Review-g1865780-d3825748-Reviews-Nalanda_Gedige-Matale_Central_Province.html'),(171,3,'https://www.tripadvisor.com//Attraction_Review-g304138-d12098501-Reviews-Chariot_Path_Kandy-Kandy_Kandy_District_Central_Province.html'),(172,3,'https://www.tripadvisor.com//Attraction_Review-g304134-d3365133-Reviews-Seenigama_Muhudu_Viharaya-Hikkaduwa_Galle_District_Southern_Province.html'),(173,3,'https://www.tripadvisor.com//Attraction_Review-g616035-d2480903-Reviews-Ella_Spice_Garden-Ella_Uva_Province.html'),(174,3,'https://www.tripadvisor.com//Attraction_Review-g1194819-d523519-Reviews-Royal_Botanical_Gardens-Peradeniya_Kandy_District_Central_Province.html'),(175,3,'https://www.tripadvisor.com//Attraction_Review-g2435125-d4506393-Reviews-Shrine_of_Our_Lady_of_Madhu-Mannar_Northern_Province.html'),(176,3,'https://www.tripadvisor.com//Attraction_Review-g293962-d10383111-Reviews-Crescat_Boulevard_Mall-Colombo_Western_Province.html'),(177,3,'https://www.tripadvisor.com//Attraction_Review-g304134-d7785452-Reviews-Saffron_Robes-Hikkaduwa_Galle_District_Southern_Province.html'),(178,3,'https://www.tripadvisor.com//Attraction_Review-g304133-d2734223-Reviews-Popham_s_Arboretum-Dambulla_Central_Province.html'),(179,3,'https://www.tripadvisor.com//Attraction_Review-g293962-d7786288-Reviews-Cotton_Collection-Colombo_Western_Province.html'),(180,3,'https://www.tripadvisor.com//Attraction_Review-g1865780-d7688976-Reviews-Pitawala_Pathana-Matale_Central_Province.html'),(181,3,'https://www.tripadvisor.com//Attraction_Review-g304142-d1748074-Reviews-Tangalle_Lagoon-Tangalle_Southern_Province.html'),(182,3,'https://www.tripadvisor.com//Attraction_Review-g644047-d15666722-Reviews-Unawatuna_Devol_Devalaya-Unawatuna_Galle_District_Southern_Province.html'),(183,3,'https://www.tripadvisor.com//Attraction_Review-g293962-d12050310-Reviews-Ape_Gama-Colombo_Western_Province.html'),(184,3,'https://www.tripadvisor.com//Attraction_Review-g499079-d7166119-Reviews-Sri_Lanka_Airforce_Museum-Dehiwala_Mount_Lavinia_Western_Province.html'),(185,3,'https://www.tripadvisor.com//Attraction_Review-g616035-d2255787-Reviews-Ravana_Ella_Falls-Ella_Uva_Province.html'),(186,3,'https://www.tripadvisor.com//Attraction_Review-g1950222-d2571915-Reviews-Dunhinda_Falls-Badulla_Uva_Province.html'),(187,3,'https://www.tripadvisor.com//Attraction_Review-g3595837-d3613552-Reviews-Water_World_Lanka-Kelaniya_Western_Province.html'),(188,3,'https://www.tripadvisor.com//Attraction_Review-g2193270-d8489256-Reviews-Passikudah_Beach-Kalkudah_Eastern_Province.html'),(189,3,'https://www.tripadvisor.com//Attraction_Review-g304138-d7654403-Reviews-Sri_Dalada_Museum-Kandy_Kandy_District_Central_Province.html'),(190,3,'https://www.tripadvisor.com//Attraction_Review-g1027209-d12133619-Reviews-Walawe_River_Safari-Hambantota_Tangalle_Southern_Province.html'),(191,3,'https://www.tripadvisor.com//Attraction_Review-g293962-d12002956-Reviews-Nelum_Pokuna_Art_Street-Colombo_Western_Province.html'),(192,3,'https://www.tripadvisor.com//Attraction_Review-g1188994-d2700804-Reviews-Kataragama_Temple-Kataragama_Uva_Province.html'),(193,3,'https://www.tripadvisor.com//Attraction_Review-g608524-d4106831-Reviews-Lover_s_Leap_Falls-Nuwara_Eliya_Central_Province.html'),(194,3,'https://www.tripadvisor.com//Attraction_Review-g304135-d11854813-Reviews-Nagadeepa_Rajamaha_Viharaya-Jaffna_Northern_Province.html'),(195,3,'https://www.tripadvisor.com//Attraction_Review-g608524-d2255791-Reviews-Sita_Temple-Nuwara_Eliya_Central_Province.html'),(196,3,'https://www.tripadvisor.com//Attraction_Review-g2424710-d19333422-Reviews-Sri_Kannaki_Amman_Kovil-Nilaveli_Eastern_Province.html'),(197,3,'https://www.tripadvisor.com//Attraction_Review-g674587-d8274316-Reviews-Elephant_Transit_Home_ETH-Udawalawe_National_Park.html'),(198,3,'https://www.tripadvisor.com//Attraction_Review-g293962-d11998753-Reviews-Liberty_Plaza-Colombo_Western_Province.html'),(199,3,'https://www.tripadvisor.com//Attraction_Review-g946553-d6553169-Reviews-The_Shrine_of_Our_Lady_of_Matara-Matara_Southern_Province.html'),(200,3,'https://www.tripadvisor.com//Attraction_Review-g304141-d12910312-Reviews-Kaludiya_Pokuna-Sigiriya_Central_Province.html'),(201,3,'https://www.tripadvisor.com//Attraction_Review-g304135-d551305-Reviews-Naga_Pooshani_Ambal_Kovil-Jaffna_Northern_Province.html'),(202,3,'https://www.tripadvisor.com//Attraction_Review-g1102395-d5877705-Reviews-Tissamaharama_Raja_Maha_Vihara-Tissamaharama_Southern_Province.html'),(203,3,'https://www.tripadvisor.com//Attraction_Review-g3348959-d18840926-Reviews-1World_Yoga-Arugam_Bay_Eastern_Province.html'),(204,3,'https://www.tripadvisor.com//Attraction_Review-g1189030-d10392056-Reviews-Koggala_Lake-Koggala_Galle_District_Southern_Province.html'),(205,3,'https://www.tripadvisor.com//Attraction_Review-g1865780-d8803146-Reviews-Bambarakiri_Ella_Falls-Matale_Central_Province.html'),(206,3,'https://www.tripadvisor.com//Attraction_Review-g304138-d7705869-Reviews-The_Church_of_St_Paul-Kandy_Kandy_District_Central_Province.html'),(207,3,'https://www.tripadvisor.com//Attraction_Review-g304133-d13414363-Reviews-Dambulla_Dedicated_Economic_Centre-Dambulla_Central_Province.html'),(208,3,'https://www.tripadvisor.com//Attraction_Review-g612378-d7927730-Reviews-Sea_Turtle_Hatchery-Ambalangoda_Galle_District_Southern_Province.html'),(209,3,'https://www.tripadvisor.com//Attraction_Review-g2467810-d9727573-Reviews-Ussangoda_National_Park-Southern_Province.html'),(210,3,'https://www.tripadvisor.com//Attraction_Review-g3814834-d16697601-Reviews-Ella_Uda_Ella_Falls-Avissawella_Western_Province.html'),(211,3,'https://www.tripadvisor.com//Attraction_Review-g304138-d12788707-Reviews-Hanthana_Mountain_Range-Kandy_Kandy_District_Central_Province.html'),(212,3,'https://www.tripadvisor.com//Attraction_Review-g304138-d9785457-Reviews-Raja_Museum-Kandy_Kandy_District_Central_Province.html'),(213,3,'https://www.tripadvisor.com//Attraction_Review-g946552-d3493442-Reviews-Maligatenna_Rajamaha_Viharaya-Gampaha_Western_Province.html'),(214,3,'https://www.tripadvisor.com//Attraction_Review-g304138-d1075380-Reviews-Waruna_Antiques-Kandy_Kandy_District_Central_Province.html'),(215,3,'https://www.tripadvisor.com//Attraction_Review-g1815618-d3477464-Reviews-Kumana_National_Park-Ampara_Eastern_Province.html'),(216,3,'https://www.tripadvisor.com//Attraction_Review-g1404719-d13507700-Reviews-Kudawa_Beach-Kalpitiya_North_Western_Province.html'),(217,3,'https://www.tripadvisor.com//Attraction_Review-g297895-d3613160-Reviews-Sea_Turtle_Protection_Association-Bentota_Galle_District_Southern_Province.html'),(218,3,'https://www.tripadvisor.com//Attraction_Review-g297896-d3628714-Reviews-Galle_Fort_Lighthouse-Galle_Galle_District_Southern_Province.html'),(219,3,'https://www.tripadvisor.com//Attraction_Review-g293962-d6158266-Reviews-Nelum_Pokuna_Mahinda_Rajapaksa_Theatre-Colombo_Western_Province.html'),(220,3,'https://www.tripadvisor.com//Attraction_Review-g293962-d10583627-Reviews-Bandaranaike_Memorial_International_Conference_Hall-Colombo_Western_Province.html'),(221,3,'https://www.tripadvisor.com//Attraction_Review-g293962-d10150960-Reviews-Expo_Rail-Colombo_Western_Province.html'),(222,3,'https://www.tripadvisor.com//Attraction_Review-g293962-d4091814-Reviews-St_Lucia_s_Cathedral-Colombo_Western_Province.html'),(223,3,'https://www.tripadvisor.com//Attraction_Review-g1865780-d7296973-Reviews-Sera_Ella_falls-Matale_Central_Province.html'),(224,3,'https://www.tripadvisor.com//Attraction_Review-g304135-d10020546-Reviews-Nallur_Kandaswamy_Kovil_Festival-Jaffna_Northern_Province.html'),(225,3,'https://www.tripadvisor.com//Attraction_Review-g304134-d552522-Reviews-Coral_Sanctuary-Hikkaduwa_Galle_District_Southern_Province.html'),(226,3,'https://www.tripadvisor.com//Attraction_Review-g293962-d6364063-Reviews-Noritake_Factory_Store-Colombo_Western_Province.html'),(227,3,'https://www.tripadvisor.com//Attraction_Review-g293962-d9744240-Reviews-Colombo_Swimming_Club-Colombo_Western_Province.html'),(228,3,'https://www.tripadvisor.com//Attraction_Review-g3348959-d11949864-Reviews-Sangaman_Kanda_Lighthouse-Arugam_Bay_Eastern_Province.html'),(229,3,'https://www.tripadvisor.com//Attraction_Review-g304138-d1594553-Reviews-Temple_of_the_Gadaladenia-Kandy_Kandy_District_Central_Province.html'),(230,3,'https://www.tripadvisor.com//Attraction_Review-g644046-d4007017-Reviews-Wewurukannala_Vihara-Dikwella_Southern_Province.html'),(231,3,'https://www.tripadvisor.com//Attraction_Review-g304138-d6012741-Reviews-Degaldoruwa_Temple-Kandy_Kandy_District_Central_Province.html'),(232,3,'https://www.tripadvisor.com//Attraction_Review-g644046-d17815405-Reviews-Peak_Dikwella_View_Point-Dikwella_Southern_Province.html'),(233,3,'https://www.tripadvisor.com//Attraction_Review-g304135-d3628732-Reviews-Jaffna_Fort-Jaffna_Northern_Province.html'),(234,3,'https://www.tripadvisor.com//Attraction_Review-g499079-d6872440-Reviews-Our_Turtle_Conservation_Project-Dehiwala_Mount_Lavinia_Western_Province.html'),(235,3,'https://www.tripadvisor.com//Attraction_Review-g1189172-d7029062-Reviews-Beruwala_Beach-Beruwala_Western_Province.html'),(236,3,'https://www.tripadvisor.com//Attraction_Review-g499079-d13592645-Reviews-Sri_Vishnu_Kovil-Dehiwala_Mount_Lavinia_Western_Province.html'),(237,3,'https://www.tripadvisor.com//Attraction_Review-g1102395-d7102142-Reviews-Tissa_Dagoba-Tissamaharama_Southern_Province.html'),(238,3,'https://www.tripadvisor.com//Attraction_Review-g293962-d4945037-Reviews-The_Factory_Outlet-Colombo_Western_Province.html'),(239,3,'https://www.tripadvisor.com//Attraction_Review-g293962-d8702174-Reviews-Pettah_Floating_Market-Colombo_Western_Province.html'),(240,3,'https://www.tripadvisor.com//Attraction_Review-g608524-d6599638-Reviews-Pedro_Tea_Factory-Nuwara_Eliya_Central_Province.html'),(241,2,'https://www.tripadvisor.com//Hotel_Review-g293962-d597086-Reviews-Cinnamon_Grand_Colombo-Colombo_Western_Province.html'),(242,2,'https://www.tripadvisor.com//Hotel_Review-g297897-d316666-Reviews-Hotel_Goldi_Sands-Negombo_Western_Province.html'),(243,2,'https://www.tripadvisor.com//Hotel_Review-g304134-d579245-Reviews-Hikka_Tranz_by_Cinnamon-Hikkaduwa_Galle_District_Southern_Province.html'),(244,2,'https://www.tripadvisor.com//Hotel_Review-g293962-d3801214-Reviews-The_Kingsbury_Hotel-Colombo_Western_Province.html'),(245,2,'https://www.tripadvisor.com//Hotel_Review-g293962-d13160059-Reviews-ME_Colombo-Colombo_Western_Province.html'),(246,2,'https://www.tripadvisor.com//Hotel_Review-g612380-d12553294-Reviews-Weligama_Bay_Marriott_Resort_Spa-Weligama_Matara_Southern_Province.html'),(247,2,'https://www.tripadvisor.com//Hotel_Review-g293962-d14106301-Reviews-Marino_Beach_Colombo-Colombo_Western_Province.html'),(248,2,'https://www.tripadvisor.com//Hotel_Review-g608521-d10039170-Reviews-Hotel_Riu_Sri_Lanka-Ahungalla_Galle_District_Southern_Province.html'),(249,2,'https://www.tripadvisor.com//Hotel_Review-g304142-d8116054-Reviews-Anantara_Peace_Haven_Tangalle_Resort-Tangalle_Southern_Province.html'),(250,2,'https://www.tripadvisor.com//Hotel_Review-g293962-d2038179-Reviews-Galle_Face_Hotel-Colombo_Western_Province.html'),(251,2,'https://www.tripadvisor.com//Hotel_Review-g297896-d10954536-Reviews-Radisson_Blu_Resort_Galle-Galle_Galle_District_Southern_Province.html'),(252,2,'https://www.tripadvisor.com//Hotel_Review-g293962-d12720953-Reviews-Shangri_La_Colombo-Colombo_Western_Province.html'),(253,2,'https://www.tripadvisor.com//Hotel_Review-g304138-d5566703-Reviews-Earl_s_Regent_Hotel-Kandy_Kandy_District_Central_Province.html'),(254,2,'https://www.tripadvisor.com//Hotel_Review-g2467812-d579219-Reviews-Pegasus_Reef_Hotel-Western_Province.html'),(255,2,'https://www.tripadvisor.com//Hotel_Review-g499081-d586453-Reviews-The_Blue_Water-Wadduwa_Western_Province.html'),(256,2,'https://www.tripadvisor.com//Hotel_Review-g616035-d6219644-Reviews-Ella_Mount_View_Guest_Inn-Ella_Uva_Province.html'),(257,2,'https://www.tripadvisor.com//Hotel_Review-g644047-d15138198-Reviews-Agnus_Unawatuna-Unawatuna_Galle_District_Southern_Province.html'),(258,2,'https://www.tripadvisor.com//Hotel_Review-g304138-d12099424-Reviews-Fox_Kandy_by_Fox_Resorts-Kandy_Kandy_District_Central_Province.html'),(259,2,'https://www.tripadvisor.com//Hotel_Review-g304140-d3682523-Reviews-Seyara_Holiday_Resort-Polonnaruwa_North_Central_Province.html'),(260,2,'https://www.tripadvisor.com//Hotel_Review-g608524-d12958120-Reviews-Oak_Ray-Nuwara_Eliya_Central_Province.html'),(261,2,'https://www.tripadvisor.com//Hotel_Review-g12269767-d1674695-Reviews-Turtle_Bay-Kalametiya_Tangalle_Southern_Province.html'),(262,2,'https://www.tripadvisor.com//Hotel_Review-g293962-d6912248-Reviews-Cinnamon_Red_Colombo-Colombo_Western_Province.html'),(263,2,'https://www.tripadvisor.com//Hotel_Review-g616035-d1987773-Reviews-Ella_Planters_Bungalow-Ella_Uva_Province.html'),(264,2,'https://www.tripadvisor.com//Hotel_Review-g297895-d315672-Reviews-EKHO_Surf-Bentota_Galle_District_Southern_Province.html'),(265,2,'https://www.tripadvisor.com//Hotel_Review-g12162863-d6026969-Reviews-Citrus_Waskaduwa-Waskaduwa_Western_Province.html'),(266,2,'https://www.tripadvisor.com//Hotel_Review-g2269230-d316667-Reviews-Jetwing_Sea-Kochchikade_Negombo_Western_Province.html'),(267,2,'https://www.tripadvisor.com//Hotel_Review-g293962-d12002902-Reviews-Mandarina_Colombo-Colombo_Western_Province.html'),(268,2,'https://www.tripadvisor.com//Hotel_Review-g304134-d609883-Reviews-Citrus_Hikkaduwa-Hikkaduwa_Galle_District_Southern_Province.html'),(269,2,'https://www.tripadvisor.com//Hotel_Review-g644047-d2071544-Reviews-Nooit_Gedacht_Heritage_Hotel-Unawatuna_Galle_District_Southern_Province.html'),(270,2,'https://www.tripadvisor.com//Hotel_Review-g293962-d10750243-Reviews-Fairway_Colombo-Colombo_Western_Province.html'),(271,2,'https://www.tripadvisor.com//Hotel_Review-g293962-d456049-Reviews-Cinnamon_Lakeside_Colombo-Colombo_Western_Province.html'),(272,2,'https://www.tripadvisor.com//Hotel_Review-g608524-d579206-Reviews-The_Grand_Hotel-Nuwara_Eliya_Central_Province.html'),(273,2,'https://www.tripadvisor.com//Hotel_Review-g4366271-d1126459-Reviews-Earl_s_Reef_Beruwala-Moragalla_Beruwala_Western_Province.html'),(274,2,'https://www.tripadvisor.com//Hotel_Review-g297895-d315668-Reviews-Avani_Bentota_Resort-Bentota_Galle_District_Southern_Province.html'),(275,2,'https://www.tripadvisor.com//Hotel_Review-g304136-d315693-Reviews-Royal_Palms_Beach_Hotel-Kalutara_Western_Province.html'),(276,2,'https://www.tripadvisor.com//Hotel_Review-g304132-d1955662-Reviews-Heritage_Hotel_Anuradhapura-Anuradhapura_North_Central_Province.html'),(277,2,'https://www.tripadvisor.com//Hotel_Review-g499080-d455371-Reviews-Club_Hotel_Dolphin-Waikkal_Central_Province.html'),(278,2,'https://www.tripadvisor.com//Hotel_Review-g304138-d797403-Reviews-Cinnamon_Citadel_Kandy-Kandy_Kandy_District_Central_Province.html'),(279,2,'https://www.tripadvisor.com//Hotel_Review-g4366271-d3443680-Reviews-Cinnamon_Bey_Beruwala-Moragalla_Beruwala_Western_Province.html'),(280,2,'https://www.tripadvisor.com//Hotel_Review-g297897-d8073048-Reviews-Heritance_Negombo-Negombo_Western_Province.html'),(281,2,'https://www.tripadvisor.com//Hotel_Review-g297897-d477844-Reviews-Camelot_Beach_Hotel-Negombo_Western_Province.html'),(282,2,'https://www.tripadvisor.com//Hotel_Review-g304133-d315685-Reviews-Heritance_Kandalama-Dambulla_Central_Province.html'),(283,2,'https://www.tripadvisor.com//Hotel_Review-g12336477-d14216084-Reviews-DoubleTree_by_Hilton_Weerawila_Rajawarna_Resort-Weerawila_Southern_Province.html'),(284,2,'https://www.tripadvisor.com//Hotel_Review-g304134-d14968725-Reviews-Riff_Hikkaduwa-Hikkaduwa_Galle_District_Southern_Province.html'),(285,2,'https://www.tripadvisor.com//Hotel_Review-g297897-d8687328-Reviews-Waterland-Negombo_Western_Province.html'),(286,2,'https://www.tripadvisor.com//Hotel_Review-g1027209-d8869502-Reviews-Shangri_La_Hambantota-Hambantota_Tangalle_Southern_Province.html'),(287,2,'https://www.tripadvisor.com//Hotel_Review-g297895-d306383-Reviews-Taj_Bentota_Resort_Spa-Bentota_Galle_District_Southern_Province.html'),(288,2,'https://www.tripadvisor.com//Hotel_Review-g7152934-d611903-Reviews-Pandanus_Beach_Resort_Spa-Induruwa_Galle_District_Southern_Province.html'),(289,2,'https://www.tripadvisor.com//Hotel_Review-g616035-d2664481-Reviews-98_Acres_Resort_Spa-Ella_Uva_Province.html'),(290,2,'https://www.tripadvisor.com//Hotel_Review-g616035-d14968612-Reviews-EKHO_Ella-Ella_Uva_Province.html'),(291,2,'https://www.tripadvisor.com//Hotel_Review-g499080-d6034026-Reviews-Suriya_Resort-Waikkal_Central_Province.html'),(292,2,'https://www.tripadvisor.com//Hotel_Review-g612380-d7655708-Reviews-W15-Weligama_Matara_Southern_Province.html'),(293,2,'https://www.tripadvisor.com//Hotel_Review-g304138-d7729062-Reviews-Radisson_Hotel_Kandy-Kandy_Kandy_District_Central_Province.html'),(294,2,'https://www.tripadvisor.com//Hotel_Review-g293962-d306379-Reviews-Hilton_Colombo-Colombo_Western_Province.html'),(295,2,'https://www.tripadvisor.com//Hotel_Review-g12216800-d1475982-Reviews-Theva_Residency-Hantana_Kandy_Kandy_District_Central_Province.html'),(296,2,'https://www.tripadvisor.com//Hotel_Review-g293962-d6887404-Reviews-The_Ocean_Colombo-Colombo_Western_Province.html'),(297,2,'https://www.tripadvisor.com//Hotel_Review-g304142-d15276419-Reviews-Golden_Pearl_Tangalle_Beach-Tangalle_Southern_Province.html'),(298,2,'https://www.tripadvisor.com//Hotel_Review-g297897-d3207997-Reviews-Amagi_Aria-Negombo_Western_Province.html'),(299,2,'https://www.tripadvisor.com//Hotel_Review-g304135-d3791995-Reviews-Jaffna_Heritage_Hotel-Jaffna_Northern_Province.html'),(300,2,'https://www.tripadvisor.com//Hotel_Review-g293962-d8139651-Reviews-The_Steuart_by_Citrus-Colombo_Western_Province.html'),(301,2,'https://www.tripadvisor.com//Hotel_Review-g297895-d15292088-Reviews-Cinnamon_Bentota_Beach-Bentota_Galle_District_Southern_Province.html'),(302,2,'https://www.tripadvisor.com//Hotel_Review-g293962-d304700-Reviews-Taj_Samudra_Colombo-Colombo_Western_Province.html'),(303,2,'https://www.tripadvisor.com//Hotel_Review-g304135-d12210527-Reviews-Fox_Resorts_Jaffna-Jaffna_Northern_Province.html'),(304,2,'https://www.tripadvisor.com//Hotel_Review-g293962-d306381-Reviews-Ramada_by_Wyndham_Colombo-Colombo_Western_Province.html'),(305,2,'https://www.tripadvisor.com//Hotel_Review-g304133-d477912-Reviews-Amaya_Lake_Dambulla-Dambulla_Central_Province.html'),(306,2,'https://www.tripadvisor.com//Hotel_Review-g644047-d23262280-Reviews-Araliya_Beach_Resort_Spa-Unawatuna_Galle_District_Southern_Province.html'),(307,2,'https://www.tripadvisor.com//Hotel_Review-g424963-d7788909-Reviews-Amaranthe_Bay_Resort-Trincomalee_Eastern_Province.html'),(308,2,'https://www.tripadvisor.com//Hotel_Review-g2193270-d4198494-Reviews-Amaya_Beach_Pasikudah-Kalkudah_Eastern_Province.html'),(309,2,'https://www.tripadvisor.com//Hotel_Review-g293962-d11953119-Reviews-Movenpick_Hotel_Colombo-Colombo_Western_Province.html'),(310,2,'https://www.tripadvisor.com//Hotel_Review-g644047-d3386434-Reviews-CoCoBay_Unawatuna-Unawatuna_Galle_District_Southern_Province.html'),(311,2,'https://www.tripadvisor.com//Hotel_Review-g304141-d4878877-Reviews-Aliya_Resort_Spa-Sigiriya_Central_Province.html'),(312,2,'https://www.tripadvisor.com//Hotel_Review-g608524-d506921-Reviews-Galway_Heights_Hotel-Nuwara_Eliya_Central_Province.html'),(313,2,'https://www.tripadvisor.com//Hotel_Review-g293962-d5279732-Reviews-Radisson_Hotel_Colombo-Colombo_Western_Province.html'),(314,2,'https://www.tripadvisor.com//Hotel_Review-g304142-d1229302-Reviews-Mangrove_Beach_Cabanas_Chalets-Tangalle_Southern_Province.html'),(315,2,'https://www.tripadvisor.com//Hotel_Review-g616035-d6501983-Reviews-Ella_Flower_Garden_Resort-Ella_Uva_Province.html'),(316,2,'https://www.tripadvisor.com//Hotel_Review-g297897-d12924646-Reviews-Arie_Lagoon-Negombo_Western_Province.html'),(317,2,'https://www.tripadvisor.com//Hotel_Review-g297897-d7255162-Reviews-Terrace_Green_Hotel_Spa-Negombo_Western_Province.html'),(318,2,'https://www.tripadvisor.com//Hotel_Review-g293962-d1142847-Reviews-Paradise_Road_Tintagel_Colombo-Colombo_Western_Province.html'),(319,2,'https://www.tripadvisor.com//Hotel_Review-g297896-d15111854-Reviews-The_Heritage_Galle_Fort-Galle_Galle_District_Southern_Province.html'),(320,2,'https://www.tripadvisor.com//Hotel_Review-g608524-d12244042-Reviews-Kent_Cottage-Nuwara_Eliya_Central_Province.html'),(321,2,'https://www.tripadvisor.com//Hotel_Review-g304138-d15149838-Reviews-The_Radh-Kandy_Kandy_District_Central_Province.html'),(322,2,'https://www.tripadvisor.com//Hotel_Review-g304136-d315692-Reviews-Tangerine_Beach_Hotel-Kalutara_Western_Province.html'),(323,2,'https://www.tripadvisor.com//Hotel_Review-g608525-d20113947-Reviews-Whisky_Point_Resort-Pottuvil_Arugam_Bay_Eastern_Province.html'),(324,2,'https://www.tripadvisor.com//Hotel_Review-g1407334-d1307887-Reviews-Mandara_Resort-Mirissa_Southern_Province.html'),(325,2,'https://www.tripadvisor.com//Hotel_Review-g616035-d7019135-Reviews-Lucky_Star-Ella_Uva_Province.html'),(326,2,'https://www.tripadvisor.com//Hotel_Review-g304138-d477914-Reviews-Hotel_Thilanka-Kandy_Kandy_District_Central_Province.html'),(327,2,'https://www.tripadvisor.com//Hotel_Review-g297896-d3734423-Reviews-Fort_Edge_Retreat-Galle_Galle_District_Southern_Province.html'),(328,2,'https://www.tripadvisor.com//Hotel_Review-g616035-d8431243-Reviews-Morning_Dew_Hotel_K_B_M_A_G_kumara-Ella_Uva_Province.html'),(329,2,'https://www.tripadvisor.com//Hotel_Review-g293962-d6678224-Reviews-Best_Western_Elyon_Colombo-Colombo_Western_Province.html'),(330,2,'https://www.tripadvisor.com//Hotel_Review-g644047-d1048176-Reviews-Unawatuna_Beach_Bunglow-Unawatuna_Galle_District_Southern_Province.html'),(331,2,'https://www.tripadvisor.com//Hotel_Review-g608524-d496624-Reviews-Heritance_Tea_Factory-Nuwara_Eliya_Central_Province.html'),(332,2,'https://www.tripadvisor.com//Hotel_Review-g304136-d10154736-Reviews-Anantara_Kalutara_Resort-Kalutara_Western_Province.html'),(333,2,'https://www.tripadvisor.com//Hotel_Review-g304136-d316671-Reviews-Mermaid_Hotel_Club-Kalutara_Western_Province.html'),(334,2,'https://www.tripadvisor.com//Hotel_Review-g297896-d14916776-Reviews-Yara_Galle_Fort-Galle_Galle_District_Southern_Province.html'),(335,2,'https://www.tripadvisor.com//Hotel_Review-g297897-d15694887-Reviews-Pledge_Scape-Negombo_Western_Province.html'),(336,2,'https://www.tripadvisor.com//Hotel_Review-g3748686-d4833492-Reviews-Jetwing_Yala-Palatupana_Yala_National_Park.html'),(337,2,'https://www.tripadvisor.com//Hotel_Review-g304141-d613020-Reviews-Hotel_Sigiriya-Sigiriya_Central_Province.html'),(338,2,'https://www.tripadvisor.com//Hotel_Review-g297896-d2034349-Reviews-Mango_House-Galle_Galle_District_Southern_Province.html'),(339,2,'https://www.tripadvisor.com//Hotel_Review-g297896-d14033359-Reviews-Le_Grand_Galle-Galle_Galle_District_Southern_Province.html'),(340,2,'https://www.tripadvisor.com//Hotel_Review-g304141-d13158003-Reviews-Kaveri_Ayurveda_Resort-Sigiriya_Central_Province.html'),(341,2,'https://www.tripadvisor.com//Hotel_Review-g1188994-d8715703-Reviews-Grand_Tamarind_Lake-Kataragama_Uva_Province.html'),(342,2,'https://www.tripadvisor.com//Hotel_Review-g297897-d2042449-Reviews-Villa_Shade-Negombo_Western_Province.html'),(343,2,'https://www.tripadvisor.com//Hotel_Review-g304140-d3879249-Reviews-Tishan_Holiday_Resort-Polonnaruwa_North_Central_Province.html'),(344,2,'https://www.tripadvisor.com//Hotel_Review-g1102395-d2229377-Reviews-Ekho_Safari_Tissa-Tissamaharama_Southern_Province.html'),(345,2,'https://www.tripadvisor.com//Hotel_Review-g2260795-d12431181-Reviews-Sooriya_Resort_Spa-Rekawa_Netolpitiya_Tangalle_Southern_Province.html'),(346,2,'https://www.tripadvisor.com//Hotel_Review-g499081-d15330244-Reviews-Ayana_Sea-Wadduwa_Western_Province.html'),(347,2,'https://www.tripadvisor.com//Hotel_Review-g304132-d18816510-Reviews-The_Lake_Forest_Hotel-Anuradhapura_North_Central_Province.html'),(348,2,'https://www.tripadvisor.com//Hotel_Review-g612380-d6765047-Reviews-Cape_Weligama-Weligama_Matara_Southern_Province.html'),(349,2,'https://www.tripadvisor.com//Hotel_Review-g3577009-d12960225-Reviews-Centauria_Wild-Udawalawa_Sabaragamuwa_Province.html'),(350,2,'https://www.tripadvisor.com//Hotel_Review-g3801283-d316956-Reviews-Earl_s_Regency_Hotel-Tennekumbura_Kandy_District_Central_Province.html'),(351,2,'https://www.tripadvisor.com//Hotel_Review-g499079-d307713-Reviews-Mount_Lavinia_Hotel-Dehiwala_Mount_Lavinia_Western_Province.html'),(352,2,'https://www.tripadvisor.com//Hotel_Review-g297897-d2510666-Reviews-Jetwing_Lagoon-Negombo_Western_Province.html'),(353,2,'https://www.tripadvisor.com//Hotel_Review-g304134-d606377-Reviews-Aditya-Hikkaduwa_Galle_District_Southern_Province.html'),(354,2,'https://www.tripadvisor.com//Hotel_Review-g304138-d2036454-Reviews-Hanthana_House-Kandy_Kandy_District_Central_Province.html'),(355,2,'https://www.tripadvisor.com//Hotel_Review-g293962-d3799431-Reviews-Clock_Inn_Colombo-Colombo_Western_Province.html'),(356,2,'https://www.tripadvisor.com//Hotel_Review-g304138-d1541208-Reviews-Sevana_City_Hotel-Kandy_Kandy_District_Central_Province.html'),(357,2,'https://www.tripadvisor.com//Hotel_Review-g304134-d477930-Reviews-Coral_Sands_Hotel-Hikkaduwa_Galle_District_Southern_Province.html'),(358,2,'https://www.tripadvisor.com//Hotel_Review-g2424710-d316580-Reviews-Nilaveli_Beach_Hotel-Nilaveli_Eastern_Province.html'),(359,2,'https://www.tripadvisor.com//Hotel_Review-g304134-d646036-Reviews-Drifters_Hotel_and_Beach_Restaurant-Hikkaduwa_Galle_District_Southern_Province.html'),(360,2,'https://www.tripadvisor.com//Hotel_Review-g608524-d10102070-Reviews-Villa_Tea_Fields-Nuwara_Eliya_Central_Province.html'),(361,2,'https://www.tripadvisor.com//Hotel_Review-g12220047-d480276-Reviews-Amaya_Hills_Kandy-Heerassagala_Kandy_Kandy_District_Central_Province.html'),(362,2,'https://www.tripadvisor.com//Hotel_Review-g612379-d506916-Reviews-Club_Palm_Bay-Marawila_North_Western_Province.html'),(363,2,'https://www.tripadvisor.com//Hotel_Review-g304141-d447407-Reviews-Sigiriya_Village_Hotel-Sigiriya_Central_Province.html'),(364,2,'https://www.tripadvisor.com//Hotel_Review-g297896-d1477843-Reviews-Tamarind_Hill_by_Asia_Leisure-Galle_Galle_District_Southern_Province.html'),(365,2,'https://www.tripadvisor.com//Hotel_Review-g293962-d300682-Reviews-Hilton_Colombo_Residences-Colombo_Western_Province.html'),(366,2,'https://www.tripadvisor.com//Hotel_Review-g608524-d21002799-Reviews-Araliya_Red-Nuwara_Eliya_Central_Province.html'),(367,2,'https://www.tripadvisor.com//Hotel_Review-g665220-d939424-Reviews-Cinnamon_Lodge_Habarana-Habarana_North_Central_Province.html'),(368,2,'https://www.tripadvisor.com//Hotel_Review-g644046-d620358-Reviews-Dickwella_Resort_Spa-Dikwella_Southern_Province.html'),(369,2,'https://www.tripadvisor.com//Hotel_Review-g304134-d1009523-Reviews-Asian_Jewel_Boutique_Hotel-Hikkaduwa_Galle_District_Southern_Province.html'),(370,2,'https://www.tripadvisor.com//Hotel_Review-g304138-d7322201-Reviews-The_Grand_Kandyan_Hotel-Kandy_Kandy_District_Central_Province.html'),(371,2,'https://www.tripadvisor.com//Hotel_Review-g297896-d302888-Reviews-Jetwing_Lighthouse-Galle_Galle_District_Southern_Province.html'),(372,2,'https://www.tripadvisor.com//Hotel_Review-g304141-d10625745-Reviews-Sigiriya_Jungles-Sigiriya_Central_Province.html'),(373,2,'https://www.tripadvisor.com//Hotel_Review-g1404719-d3335783-Reviews-Kitesurfing_Lanka-Kalpitiya_North_Western_Province.html'),(374,2,'https://www.tripadvisor.com//Hotel_Review-g1189172-d777127-Reviews-The_Palms_Hotel-Beruwala_Western_Province.html'),(375,2,'https://www.tripadvisor.com//Hotel_Review-g612384-d4871240-Reviews-Centara_Ceysands_Resort_Spa_Sri_Lanka-Aluthgama_Western_Province.html'),(376,2,'https://www.tripadvisor.com//Hotel_Review-g304138-d6405986-Reviews-Sky_Pavilion-Kandy_Kandy_District_Central_Province.html'),(377,2,'https://www.tripadvisor.com//Hotel_Review-g3801283-d16709244-Reviews-Royal_Classic_Resort-Tennekumbura_Kandy_District_Central_Province.html'),(378,2,'https://www.tripadvisor.com//Hotel_Review-g12901411-d3230576-Reviews-Oak_Ray_Elephant_Lake_Resort-Avudangawa_Central_Province.html'),(379,2,'https://www.tripadvisor.com//Hotel_Review-g616035-d12349588-Reviews-Paraiso_Guest_House-Ella_Uva_Province.html'),(380,2,'https://www.tripadvisor.com//Hotel_Review-g608524-d579216-Reviews-Jetwing_St_Andrew_s-Nuwara_Eliya_Central_Province.html'),(381,2,'https://www.tripadvisor.com//Hotel_Review-g304142-d599203-Reviews-Eva_Lanka_Hotel-Tangalle_Southern_Province.html'),(382,2,'https://www.tripadvisor.com//Hotel_Review-g304134-d11680147-Reviews-Villa_De_White_Sambur-Hikkaduwa_Galle_District_Southern_Province.html'),(383,2,'https://www.tripadvisor.com//Hotel_Review-g1404719-d1984461-Reviews-Dolphin_Beach_Resort-Kalpitiya_North_Western_Province.html'),(384,2,'https://www.tripadvisor.com//Hotel_Review-g499081-d13493984-Reviews-The_Villas_Wadduwa-Wadduwa_Western_Province.html'),(385,2,'https://www.tripadvisor.com//Hotel_Review-g616035-d12515012-Reviews-Ella_Heritage-Ella_Uva_Province.html'),(386,2,'https://www.tripadvisor.com//Hotel_Review-g1097569-d10422418-Reviews-Jie_Jie_Beach_By_Jetwing-Panadura_Western_Province.html'),(387,2,'https://www.tripadvisor.com//Hotel_Review-g297896-d9591203-Reviews-Taru_Villas_Rampart_Street-Galle_Galle_District_Southern_Province.html'),(388,2,'https://www.tripadvisor.com//Hotel_Review-g304138-d4173413-Reviews-Hanthana_Holiday_Rooms-Kandy_Kandy_District_Central_Province.html'),(389,2,'https://www.tripadvisor.com//Hotel_Review-g304132-d4555031-Reviews-Lievi_s_Tourist_Accomodation-Anuradhapura_North_Central_Province.html'),(390,2,'https://www.tripadvisor.com//Hotel_Review-g297897-d2060797-Reviews-Holiday_Fashion_Inn-Negombo_Western_Province.html');
/*!40000 ALTER TABLE `url_log` ENABLE KEYS */;
UNLOCK TABLES;
/*!40103 SET TIME_ZONE=@OLD_TIME_ZONE */;

/*!40101 SET SQL_MODE=@OLD_SQL_MODE */;
/*!40014 SET FOREIGN_KEY_CHECKS=@OLD_FOREIGN_KEY_CHECKS */;
/*!40014 SET UNIQUE_CHECKS=@OLD_UNIQUE_CHECKS */;
/*!40101 SET CHARACTER_SET_CLIENT=@OLD_CHARACTER_SET_CLIENT */;
/*!40101 SET CHARACTER_SET_RESULTS=@OLD_CHARACTER_SET_RESULTS */;
/*!40101 SET COLLATION_CONNECTION=@OLD_COLLATION_CONNECTION */;
/*!40111 SET SQL_NOTES=@OLD_SQL_NOTES */;

-- Dump completed on 2022-08-25 16:52:08
